business_name,address,owner_name,email,phone,website,category,city,source
Kafenion Amsterdam,"Bloemgracht 49, 1016 KD Amsterdam, Netherlands",,,,https://www.kafenion.eu/,cafe,"Amsterdam, Netherlands",google_maps
LOT61 Amsterdam Centraal Station,"Oosterdoksstraat 4, 1011 DK Amsterdam, Netherlands",,,06 11590211,https://lot61.com/lot61-amsterdam-centraal,coffee shop,"Amsterdam, Netherlands",google_maps
LOT61 Coffee Roasters,"Kinkerstraat 112, 1053 ED Amsterdam, Netherlands",,,020 244 1988,http://lot61.com/,cafe,"Amsterdam, Netherlands",google_maps
Bocca Coffee,"Kerkstraat 96H, 1017 GP Amsterdam, Netherlands",,info@bocca.nl,0321 314 667,http://www.bocca.nl/,coffee shop,"Amsterdam, Netherlands",google_maps
Cafe the Barrel,"Jonge Roelensteeg 4 H, 1012 PL Amsterdam, Netherlands",,info@cafethebarrel.nl,06 51762269,http://www.cafethebarrel.nl/,bar,"Amsterdam, Netherlands",google_maps
Café Hill Street Blues,"Warmoesstraat 52A, 1012 JE Amsterdam, Netherlands",,,020 638 7922,https://www.hillstreetblues.com/,lounge bar,"Amsterdam, Netherlands",google_maps
Coffeeshopamsterdam Café,"Singel 8, 1013 GA Amsterdam, Netherlands",,,020 778 4387,https://coffeeshopamsterdamcafe.com/,coffee shop,"Amsterdam, Netherlands",google_maps
Black Gold Amsterdam,"Korte Koningsstraat 13 H, 1011 EX Amsterdam, Netherlands",,,,http://www.blackgoldamsterdam.com/,coffee shop,"Amsterdam, Netherlands",google_maps
Hagen Espresso Bar (Hagen Kleine Gartmanplantsoen),"Kleine-Gartmanplantsoen 28, 1017 RR Amsterdam, Netherlands",,,,https://www.thehagenproject.com/,coffee shop,"Amsterdam, Netherlands",google_maps
Hummingbird Coffee Amsterdam,"Spuistraat 217, 1012 RN Amsterdam, Netherlands",,info@hummingbird.amsterdam,06 24331985,https://hummingbird.amsterdam/,coffee shop,"Amsterdam, Netherlands",google_maps
De Koffieschenkerij,"Oudekerksplein 27, 1012 GX Amsterdam, Netherlands",,info@koffieschenkerij.com,,http://www.koffieschenkerij.com/,cafe,"Amsterdam, Netherlands",google_maps
Caffè il Momento,"Singel 180, 1015 AJ Amsterdam, Netherlands",,,,http://www.caffeilmomento.nl/,coffee shop,"Amsterdam, Netherlands",google_maps
Sango Specialty Coffee Roasters,"Stromarkt 15, 1012 MZ Amsterdam, Netherlands",,,,https://www.sangoamsterdam.com/,coffee roastery,"Amsterdam, Netherlands",google_maps
Back to Black,"Weteringstraat 48, 1017 RN Amsterdam, Netherlands",,info@backtoblackcoffee.nl,,http://www.backtoblackcoffee.nl/,coffee roastery,"Amsterdam, Netherlands",google_maps
Cafecito,"Van Baerlestraat 83, 1071 AS Amsterdam, Netherlands",,coffee@cafecito.nl,,https://cafecito.nl/,coffee shop,"Amsterdam, Netherlands",google_maps
Luuk's Coffee Noordermarkt,"Westerstraat 3, 1015 LT Amsterdam, Netherlands",,,,http://www.luukscoffee.com/,coffee shop,"Amsterdam, Netherlands",google_maps
Elevate Coffee Lab,"Van der Helstplein 10H, 1072 PH Amsterdam, Netherlands",,elevatecoffeelab@gmail.com,,http://elevatecoffeelab.com/,coffee shop,"Amsterdam, Netherlands",google_maps
Koffie Academie,"Overtoom 95, 1054 HD Amsterdam, Netherlands",,,,,cafe,"Amsterdam, Netherlands",google_maps
Espressobar Puccini,"Staalstraat 21, 1011 JK Amsterdam, Netherlands",,info@espressobarpuccini.nl,020 620 8458,http://www.puccini.nl/,coffee shop,"Amsterdam, Netherlands",google_maps
Haku Specialty Coffee,"Rozengracht 69, 1016 LT Amsterdam, Netherlands",,,,http://www.hakucoffee.nl/,coffee shop,"Amsterdam, Netherlands",google_maps
Peoples Town Coffee Bar,"55 Milton Ave SE Suite A, Atlanta, GA 30315, USA",,hey@peoplestowncoffee.com,(678) 310-5663,http://www.peoplestowncoffee.com/,coffee shop,"Atlanta, USA",google_maps
Daily Dose Coffee,"907 Memorial Dr SE Suite 112, Atlanta, GA 30316, USA",,,(404) 254-1188,https://www.atlantacoffeeshops.com/daily-dose-coffee,coffee shop,"Atlanta, USA",google_maps
Urban Grind,"962 Marietta St NW, Atlanta, GA 30318, USA",,,,http://urbangrindatlanta.com/,coffee shop,"Atlanta, USA",google_maps
Taproom Coffee,"1963 Hosea L Williams Dr SE R106, Atlanta, GA 30317, USA",,,(404) 464-5435,http://www.taproomcoffee.com/,coffee shop,"Atlanta, USA",google_maps
Cafe Bartique,"2315 Cascade Rd, Atlanta, GA 30311, USA",,admin@cafebartique.com,(404) 343-1780,http://www.cafebartique.com/,coffee shop,"Atlanta, USA",google_maps
El Viñedo Local,"730 Peachtree St NE Suite 100, Atlanta, GA 30308, USA",,welcome@elvinedolocal.com,(404) 596-8239,https://www.elvinedolocal.com/,south american restaurant,"Atlanta, USA",google_maps
Mend Coffee & Goods,"3655 Roswell Rd NE #106, Atlanta, GA 30342, USA",,,(470) 458-2158,https://www.mendcoffee.com/,coffee shop,"Atlanta, USA",google_maps
East Pole Coffee Co.,"255 Ottley Dr NE #105, Atlanta, GA 30324, USA",,,(404) 939-6498,http://eastpole.coffee/,cafe,"Atlanta, USA",google_maps
Ash Coffee,"1189 Virginia Ave NE, Atlanta, GA 30306, USA",,,,http://ashcoffeeatl.com/,coffee shop,"Atlanta, USA",google_maps
STEREO,"900 DeKalb Ave NE suite f, Atlanta, GA 30307, USA",,,(404) 228-7226,http://www.stereoatl.com/,cafe,"Atlanta, USA",google_maps
Bar Premio,"800 Rankin St NE, Atlanta, GA 30308, USA",,,(470) 470-8020,https://barpremioatlanta.com/?utm_source=google&utm_medium=Local&utm_campaign=Google+My+Business,bar,"Atlanta, USA",google_maps
Con Leche Coffee,"181 Flat Shoals Ave SE Unit 1, Atlanta, GA 30316, USA",,hola@conlechecoffee.com,(678) 904-9299,https://www.conleche.com/,coffee shop,"Atlanta, USA",google_maps
ADios Cafe,"180 Walker St SW ste d, Atlanta, GA 30313, USA",,,(404) 574-5679,https://adioscafe.com/,breakfast restaurant,"Atlanta, USA",google_maps
Harbor Coffee,"331 Elizabeth St NE suite c, Atlanta, GA 30307, USA",,,(404) 678-1561,http://www.harborcoffeeatl.com/,coffee shop,"Atlanta, USA",google_maps
Inman Perk Coffee - Atlanta,"240 N Highland Ave NE h, Atlanta, GA 30307, USA",,,(678) 705-4545,,coffee shop,"Atlanta, USA",google_maps
Java Lords,"1105 Euclid Ave NE, Atlanta, GA 30307, USA",,,(404) 477-0921,,coffee shop,"Atlanta, USA",google_maps
Eden Espresso Bar,"98 Mount Eden Road, Mount Eden, Auckland 1024, New Zealand",,,0274 925 009,http://edenespressobar.co.nz/,cafe,"Auckland, New Zealand",google_maps
Remedy Coffee,"1 Wellesley Street West, Auckland CBD, Auckland 1010, New Zealand",,,0210 383 066,https://www.facebook.com/Remedy-Coffee-134703853265719/,coffee shop,"Auckland, New Zealand",google_maps
D.O.S.E On High,"5 High Street, Auckland CBD, Auckland 1010, New Zealand",,,,https://instagram.com/d.o.s.eonhigh?igshid=YTQwZjQ0NmI0OA==,coffee shop,"Auckland, New Zealand",google_maps
The Hideout Espresso Bar,"233 Symonds Street, Eden Terrace, Auckland 1010, New Zealand",,,09 379 2431,https://www.instagram.com/thehideout_espressobar,cafe,"Auckland, New Zealand",google_maps
Zibetto Espresso Bar,"1 Albert Street, Auckland CBD, Auckland 1010, New Zealand",,,,https://www.instagram.com/zibetto_nz/,coffee shop,"Auckland, New Zealand",google_maps
Lorne street Espresso Bar,"32 Lorne Street, Auckland CBD, Auckland 1010, New Zealand",,,020 4110 3120,,coffee shop,"Auckland, New Zealand",google_maps
Rumours coffee,"19 O'Connell Street, Auckland CBD, Auckland 1010, New Zealand",,,,,coffee shop,"Auckland, New Zealand",google_maps
Allpress Roastery Auckland,"8 Drake Street, Freemans Bay, Auckland 1010, New Zealand",,coffee@allpress.co.nz,09 307 5555,https://nz.allpressespresso.com/find/auckland-roastery?utm_source=google&utm_medium=organic&utm_campaign=mybusiness,coffee shop,"Auckland, New Zealand",google_maps
Espresso Workshop Britomart,"11 Britomart Place, Auckland CBD, Auckland 1010, New Zealand",,,09 302 3691,http://www.espressoworkshop.co.nz/,coffee shop,"Auckland, New Zealand",google_maps
Koffee Bar CBD,"34 Wyndham Street, CBD, Auckland 1010, New Zealand",,,09 309 8556,https://koffeebarcbdtakeaway.co.nz/cdbM,cafe,"Auckland, New Zealand",google_maps
The EOS Coffee,"Shop 6, 34/40 Queen Street, Auckland CBD, Auckland 1010, New Zealand",,,,,cafe,"Auckland, New Zealand",google_maps
Kompass Coffee,"2 Kitchener Street, Auckland CBD, Auckland 1010, New Zealand",,,,https://www.instagram.com/kompasscoffee/,cafe,"Auckland, New Zealand",google_maps
Millers Coffee,"31 Cross Street, Auckland CBD, Auckland 1010, New Zealand",,,09 356 7322,http://millerscoffee.co.nz/,coffee shop,"Auckland, New Zealand",google_maps
Nola Coffee,"Ground Floor/17 Albert Street, Auckland CBD, Auckland 1010, New Zealand",,,0210 200 1651,,coffee shop,"Auckland, New Zealand",google_maps
Coffee Corner,"17 Wellesley Street West, Auckland CBD, Auckland 1010, New Zealand",,,,,coffee shop,"Auckland, New Zealand",google_maps
Lieutenant Coffee Bar & Eatery,"Commercial Bay 12/7 Queen Street, Auckland CBD, Auckland 1010, New Zealand",,,09 300 5056,http://www.lieutenant.nz/,cafe,"Auckland, New Zealand",google_maps
Meeso Coffee,"22 Kitchener Street, Auckland CBD, Auckland 1010, New Zealand",,,,https://meesocoffee.co.nz/,coffee shop,"Auckland, New Zealand",google_maps
BESPOKE coffee specialist,"72 Albert Street, CBD, Auckland 1010, New Zealand",,,09 306 4186,,cafe,"Auckland, New Zealand",google_maps
Nomad Coffee Bar (ex Coffee Lab),"Passatge Sert, 12, Ciutat Vella, 08003 Barcelona, Spain",,,,http://nomadcoffee.es/,coffee shop,"Barcelona, Spain",google_maps
Right Side Coffee Bar,"Carrer de l'Arc de Sant Ramon del Call, 11, Ciutat Vella, 08002 Barcelona, Spain",,,,http://www.rightsidecoffee.com/,cafe,"Barcelona, Spain",google_maps
Dalston Coffee Barcelona - Cafè d'especialitat - Coffee Roasters,"Carrer de les Ramelleres, 16, Ciutat Vella, 08001 Barcelona, Spain",,,623 98 27 94,http://www.dalstoncoffee.com/,cafe,"Barcelona, Spain",google_maps
Coffee Casa,"Carrer dels Carders, 25, Ciutat Vella, 08003 Barcelona, Spain",,,655 14 17 06,http://coffeecasa.es/,cafe,"Barcelona, Spain",google_maps
Departure Coffee Co.,"Carrer de la Verge, 1, Ciutat Vella, 08001 Barcelona, Spain",,,,,coffee shop,"Barcelona, Spain",google_maps
ONIS COFFEE,"Carrer de Roger de Llúria, 87, Eixample, 08009 Barcelona, Spain",,,,https://www.instagram.com/oniscoffee/,coffee shop,"Barcelona, Spain",google_maps
Morrow Coffee,"Av. Gran Vía de les Corts Catalanes 403 Barcelona, Spain, Eixample, 08015 Barcelona, Spain",,,,http://morrowcoffee.com/,coffee shop,"Barcelona, Spain",google_maps
BLACKBIRD Coffee Corner,"Carrer de València, 418, Eixample, 08013 Barcelona, Spain",,,,https://bit.ly/3TujEEc,coffee shop,"Barcelona, Spain",google_maps
Kafenion Barcelona,"Carrer de Pau Claris, 128, Eixample, 08009 Barcelona, Spain",,,,https://www.kafenion.eu/,cafe,"Barcelona, Spain",google_maps
Café Cometa,"Carrer del Parlament, 20, Eixample, 08015 Barcelona, Spain",,,,https://instagram.com/cafecometa,juice shop,"Barcelona, Spain",google_maps
ARTiSA | Barcelona,"Carrer de Colom, Pl. Reial, 2, Ciutat Vella, 08002 Barcelona, Spain",,info@artisa.es,658 87 98 17,http://www.artisa.es/,ice cream shop,"Barcelona, Spain",google_maps
The Coffee,"Carrer d'Enric Granados, 108, Eixample, 08008 Barcelona, Spain",,,,https://thecoffee.jp/shortcut/spain/barcelona/the-coffee-enric-granados/menu,coffee shop,"Barcelona, Spain",google_maps
Brew Coffee,"Carrer de Roger de Flor, 102, Eixample, 08013 Barcelona, Spain",,,620 90 26 94,,cafe,"Barcelona, Spain",google_maps
Ripa Coffee - Eixample,"Carrer del Consell de Cent, 291, Eixample, 08007 Barcelona, Spain",,,,,coffee shop,"Barcelona, Spain",google_maps
LITTLE FERN,"Carrer de Pere IV, 168, Sant Martí, 08005 Barcelona, Spain",,,938 08 93 17,http://www.littleferncafe.com/,brunch restaurant,"Barcelona, Spain",google_maps
Hidden Coffee Roasters - Les Corts,"C/ Constança, Carrer de Déu i Mata, esquina, Les Corts, 08029 Barcelona, Spain",,,,http://hiddencoffeeroasters.com/,coffee shop,"Barcelona, Spain",google_maps
Oslo Kaffebar,"Eichendorffstraße 13, 10115 Berlin, Germany",,oslokaffebar@gmail.com,,http://www.oslokaffebar.co/,cafe,"Berlin, Germany",google_maps
"die espressonisten | Store, Craft Coffeeshop & La Marzocco Showroom","Zimmerstraße 90, 10117 Berlin, Germany",,post@espressonisten.de,030 36409494,https://espressonisten.de/,coffee shop,"Berlin, Germany",google_maps
Espresso Bar + Deli,"Keithstraße 5, 10787 Berlin, Germany",,info@espresso-bar.berlin,030 34399295,http://espressobar.online/,coffee shop,"Berlin, Germany",google_maps
Refinery High End Coffee,"Albrechtstraße 11B, 10117 Berlin, Germany",,,030 30874491,http://refinerycoffee.de/,coffee shop,"Berlin, Germany",google_maps
Distrikt coffee,"Bergstraße 68, 10115 Berlin, Germany",,info@distriktcoffee.de,,http://distriktcoffee.de/,cafe,"Berlin, Germany",google_maps
"Wine & Coffee House (Café, Bar & Spirituosengeschäft)","Karl-Liebknecht-Str. 7, 10178 Berlin, Germany",,info@cafehaus-berlin.de,030 2423775,http://www.wine-and-coffeehouse.de/,cafe,"Berlin, Germany",google_maps
Father Carpenter,"Münzstraße 21, 10178 Berlin, Germany",,,,http://www.fathercarpenter.com/,breakfast restaurant,"Berlin, Germany",google_maps
Garçon de Café - Specialty coffee shop - Kaffee,"Invalidenstraße 65, 10557 Berlin, Germany",,,,https://www.garcondecafe.de/garcon-de-cafe-coffee-shop-in-der-naehe-vom-hauptbahnhof-berlin/,coffee shop,"Berlin, Germany",google_maps
Espresso Bar,"Reinhardtstraße 16, 10117 Berlin, Germany",,,01573 5139184,,cafe,"Berlin, Germany",google_maps
Black Hat Coffee - Specialty Espresso Bar Berlin,"Grunewaldstraße 9A, 10823 Berlin, Germany",,,,https://www.blackhatcoffee.de/,cafe,"Berlin, Germany",google_maps
Röststätte Berlin,"Rosenthaler Straße 40-41 Hackesche Höfe (Hof, 1, 10178 Berlin, Germany",,,030 40501650,https://www.roeststaette.com/rs-shop/,cafe,"Berlin, Germany",google_maps
WhyNot Kaffee,"Pohlstraße 74, 10785 Berlin, Germany",,,,https://whynotkaffee.shop/,coffee shop,"Berlin, Germany",google_maps
The Greens - Coffee & Plants,"Am Krögel 2, 10179 Berlin, Germany",,,,http://the-greens-berlin.de/,coffee shop,"Berlin, Germany",google_maps
Espresso Bar,"Mommsenstraße 4, 10629 Berlin, Germany",,,0174 5858508,http://espressobar.com/,coffee shop,"Berlin, Germany",google_maps
BEN RAHIM Berlin,"Sophienstraße 7A, 10178 Berlin, Germany",,,030 56002844,http://www.benrahim.de/,cafe,"Berlin, Germany",google_maps
NANO KAFFEE,"Besselstr.14, Charlottenstraße 1, 10969 Berlin, Germany",,,030 23523661,https://nano-kaffee.de/,coffee roastery,"Berlin, Germany",google_maps
Silo Coffee,"Gabriel-Max-Straße 4, 10245 Berlin, Germany",,hello@silo-coffee.com,030 62608833,https://www.silo-coffee.com/,breakfast restaurant,"Berlin, Germany",google_maps
Chapter One Coffee,"Mittenwalder Str. 30, 10961 Berlin, Germany",,,030 25922799,http://www.chapter-one-coffee.com/,coffee shop,"Berlin, Germany",google_maps
Pure Origins Estate Coffee,"Stadtbahnbogen, Georgenstraße 193, 10117 Berlin, Germany",,,030 20639668,http://pureorigins.cafe/,cafe,"Berlin, Germany",google_maps
Coffee and Cookies - Berlin,"Stresemannstraße 107, 10963 Berlin, Germany",,,030 49080780,https://instagram.com/coffeeundcookies?igshid=OGQ5ZDc2ODk2ZA==,cafe,"Berlin, Germany",google_maps
Cafe And Coffe | Cafe Bogotá | Bogota coffee | Bogota Beer | Rock Bar,"Cl. 19 #3-17, Bogotá, Colombia",,,313 8740060,,brewpub,"Bogotá, Colombia",google_maps
Calma Coffee & Drinks,"Dg. 68 #11a-29, Bogotá, Colombia",,,333 7170950,https://www.instagram.com/calmacoffeedrinks?igsh=MThmbTExaHRxdTRsOA==,coffee shop,"Bogotá, Colombia",google_maps
Azahar Coffee Parque 93,"Cl 93b #13-91, Bogotá, Colombia",,,(601) 7442416,http://azaharcoffee.com/,coffee shop,"Bogotá, Colombia",google_maps
Bogota Coffee Roasters,"Cl. 43 #19 - 30, Bogotá, Colombia",,,319 5827627,,cafe,"Bogotá, Colombia",google_maps
Café Amor Perfecto Chapinero Alto,"Cra. 4 #66-46, Chapinero, Bogotá, Cundinamarca, Colombia",,,318 6294872,http://cafeamorperfecto.com/,coffee shop,"Bogotá, Colombia",google_maps
Libertario Coffee Roasters - Calle 70a,"Cl. 70a # 5 - 37, Bogotá, Colombia",,,322 5112476,https://www.libertariocoffee.com/,cafe,"Bogotá, Colombia",google_maps
Café Monstruo,"Cra. 18 #84 84, Bogotá, Colombia",,cafemonstruogerencia@gmail.com,311 2615249,http://www.cafemonstruo.com/,coffee shop,"Bogotá, Colombia",google_maps
Café Matuca,"Cra. 5 # 16-42 Local 2A, Santa Fé, Bogotá, Cundinamarca, Colombia",,,316 4933513,https://cafematuca.com/,cocktail bar,"Bogotá, Colombia",google_maps
CAFFE ESPRESSO Caffe Restaurant & Bar,"Cl. 75 #1426, Bogotá, Colombia",,,(601) 3217289,https://www.caffeespressobogota.com/,restaurant,"Bogotá, Colombia",google_maps
Varietale Javeriana,"Cl. 41 #8-43, Bogotá, Colombia",,,324 2550397,http://www.varietale.com/,cafe,"Bogotá, Colombia",google_maps
Café Banna,"Café Banna, Cl. 69 #10a-19, Bogotá, Colombia",,,310 5461108,https://www.bannacoffee.com/,meal delivery,"Bogotá, Colombia",google_maps
Libertario Coffee Roasters - Calle 85,"Kr 13 #85 - 13, Chapinero, Bogotá, Cundinamarca, Colombia",,,322 5112476,https://www.libertariocoffee.com/,coffee shop,"Bogotá, Colombia",google_maps
Arte y pasión Café: Escuela de baristas,"Cl. 10 #8 - 87, Bogotá, Colombia",,arteypasioncafe@gmail.com,317 5097835,https://arteypasioncafe.com/,cafe,"Bogotá, Colombia",google_maps
Café Casa Galería,"Cl. Del Embudo #12B - 92, Bogotá, Colombia",,experiencias@casagaleria.co,321 2683638,https://casagaleria.co/,breakfast restaurant,"Bogotá, Colombia",google_maps
Bogotá store café bar,"Cra. 9 #60-60, Bogotá, Colombia",,,316 3700288,https://bogotastorecafe.my.canva.site/dagcsby6e7c,coffee shop,"Bogotá, Colombia",google_maps
DV Café Especial.,"Centro histórico, Cl. 12b #4-06, La Candelaria, Bogotá, Colombia",,experiencias@divinocafeespecial.com,317 3810597,https://www.divinocafeespecial.com/,food store,"Bogotá, Colombia",google_maps
The Coffee Corner,"Ak 7 #72 - 41, Chapinero, Bogotá, Cundinamarca, Colombia",,,(601) 6006100,https://linktr.ee/coffeecorner,cake shop,"Bogotá, Colombia",google_maps
Tropicalia Coffee,"Cl. 81a #8-23, Bogotá, Colombia",,,322 6802553,https://www.tropicaliacoffee.com/,cafe,"Bogotá, Colombia",google_maps
Diosa Café,"Cra. 4 #54-24, Chapinero, Bogotá, Cundinamarca, Colombia",,,,,bakery,"Bogotá, Colombia",google_maps
Érase una vez café de especialidad,"Cra. 38a #25-76 Piso 1, Bogotá, Colombia",,,322 8965669,https://www.eraseunavezcafedeespecialidad.com/,coffee shop,"Bogotá, Colombia",google_maps
CCS Coffee Shop,"Bernardo de Irigoyen 356, C1072AAH Cdad. Autónoma de Buenos Aires, Argentina",,,011 15-2404-6013,,cafe,"Buenos Aires, Argentina",google_maps
El Gato Negro,"Av. Corrientes 1669, C1042AAC Cdad. Autónoma de Buenos Aires, Argentina",,,011 4374-1730,http://www.donvictoriano.com.ar/,deli,"Buenos Aires, Argentina",google_maps
Café Boheme - Café de Especialidad,"Libertad 545, C1012 Cdad. Autónoma de Buenos Aires, Argentina",,,,https://www.instagram.com/cafe__boheme/,coffee shop,"Buenos Aires, Argentina",google_maps
Tónico Café,"Riobamba 1173, C1116 Cdad. Autónoma de Buenos Aires, Argentina",,,,,wine bar,"Buenos Aires, Argentina",google_maps
TERRASOHO - Specialty Coffee,"Gorriti 4563, C1414 Cdad. Autónoma de Buenos Aires, Argentina",,,,https://www.instagram.com/terrasoho?igsh=MTV6aXl1cmFobXR1Ng==,coffee shop,"Buenos Aires, Argentina",google_maps
Full City Coffee Roasters,"Thames 1535, C1414 Cdad. Autónoma de Buenos Aires, Argentina",,,,http://www.fullcity.com.ar/,breakfast restaurant,"Buenos Aires, Argentina",google_maps
Dopo Café Palermo Soho,"José A. Cabrera 5002, C1414 Cdad. Autónoma de Buenos Aires, Argentina",,,011 2730-0781,,wine bar,"Buenos Aires, Argentina",google_maps
Toki Moment - Specialty Coffee,"Marcelo Torcuato de Alvear 664, C1058 Cdad. Autónoma de Buenos Aires, Argentina",,,,,coffee shop,"Buenos Aires, Argentina",google_maps
Vive Café,"C1414BTH, Costa Rica 5722, C1414BTH Cdad. Autónoma de Buenos Aires, Argentina",,,011 4774-5461,http://vivecafe.com.ar/,coffee shop,"Buenos Aires, Argentina",google_maps
CIC Buenos Aires Coffee,"Av. Corrientes 930, C1043 Cdad. Autónoma de Buenos Aires, Argentina",,,,,coffee shop,"Buenos Aires, Argentina",google_maps
Hobby - Café de Especialidad,"Guevara 91, C1427 Cdad. Autónoma de Buenos Aires, Argentina",,,,,coffee shop,"Buenos Aires, Argentina",google_maps
Cuervo Café,"El Salvador 4580, C1414 Cdad. Autónoma de Buenos Aires, Argentina",,,,http://www.cuervocafe.com/,cafe,"Buenos Aires, Argentina",google_maps
Lattente,"Thames 1891, C1414 Cdad. Autónoma de Buenos Aires, Argentina",,,,http://www.cafelattente.com/,coffee shop,"Buenos Aires, Argentina",google_maps
DOC Café,"Aráoz 645, C1414 Cdad. Autónoma de Buenos Aires, Argentina",,,011 6196-5270,http://doccafe.com.ar/,cafe,"Buenos Aires, Argentina",google_maps
Al Diablo Coffee Roasters,"Costa Rica 4752, C1414 Cdad. Autónoma de Buenos Aires, Argentina",,,,,coffee shop,"Buenos Aires, Argentina",google_maps
1745 Café Bistró,"San Martín 705, C1004AAO Cdad. Autónoma de Buenos Aires, Argentina",,,011 5825-8055,https://cafebistro1745.meitre.com/,bistro,"Buenos Aires, Argentina",google_maps
Hi coffee,"Güemes 4125, C1414 Cdad. Autónoma de Buenos Aires, Argentina",,,011 2303-2605,,coffee shop,"Buenos Aires, Argentina",google_maps
COFFEE STREET,"Paraguay 4400, C1425BSL Cdad. Autónoma de Buenos Aires, Argentina",,,,https://www.instagram.com/coffeestreetba/,coffee shop,"Buenos Aires, Argentina",google_maps
THE GLORY HOLE CAFE,"Humberto 1º 998, C1072 Z, Cdad. Autónoma de Buenos Aires, Argentina",,,,https://www.instagram.com/thegloryholecafe,coffee shop,"Buenos Aires, Argentina",google_maps
Seattle Cafe,"Charcas 4625, C1425BNQ Cdad. Autónoma de Buenos Aires, Argentina",,,011 6406-6534,https://instagram.com/seattle.ba,coffee shop,"Buenos Aires, Argentina",google_maps
Shift Espresso Bar | Green Point,"45 Main Rd, Green Point, Cape Town, 8005, South Africa",,,084 014 7469,https://shiftespresso.com/,coffee shop,"Cape Town, South Africa",google_maps
Truth Coffee Roasting,"36 Buitenkant St, Cape Town City Centre, Cape Town, 8000, South Africa",,,021 201 7000,https://www.truth.capetown/,cafe,"Cape Town, South Africa",google_maps
Rosetta Roastery Cafe (Bree Street),"101 Bree St, CBD, Cape Town, 8001, South Africa",,,021 447 4099,http://www.rosettaroastery.com/,coffee shop,"Cape Town, South Africa",google_maps
Shift Espresso bar | Waterway House,"4 Dock Rd, Victoria & Alfred Waterfront, Cape Town, 8001, South Africa",,,082 044 2454,https://shiftespresso.com/,coffee shop,"Cape Town, South Africa",google_maps
Shift Espresso Bar | Newlands,"9 Hemlock St, Newlands, Cape Town, 7700, South Africa",,,079 411 6316,http://www.shiftespresso.com/,coffee shop,"Cape Town, South Africa",google_maps
The House of Machines,"84 Shortmarket St, Cape Town City Centre, Cape Town, 8000, South Africa",,,,http://www.thehouseofmachines.com/,bar,"Cape Town, South Africa",google_maps
Shift Espresso Bar | Kloof Street,"100 Kloof St, Gardens, Cape Town, 8001, South Africa",,,073 570 0817,https://www.shiftespresso.com/,coffee shop,"Cape Town, South Africa",google_maps
Shift Espresso bar | Strand street,"130 Strand St, De Waterkant, Cape Town, 8001, South Africa",,,073 015 0097,http://www.shiftespresso.com/,coffee shop,"Cape Town, South Africa",google_maps
RAW Espresso Bar,"1 Mostert St, Cape Town City Centre, Cape Town, 8000, South Africa",,,021 462 7986,,cafe,"Cape Town, South Africa",google_maps
Shift Espresso Bar | Icon Building,"Hans Strijdom Ave, Cape Town City Centre, Cape Town, 8000, South Africa",,,021 569 9359,http://shiftespresso.com/,coffee shop,"Cape Town, South Africa",google_maps
Origin Coffee Roasting,"28 Hudson St, De Waterkant, Cape Town, 8001, South Africa",,,021 421 1000,http://originroasting.co.za/,coffee roastery,"Cape Town, South Africa",google_maps
"Stellski Café and Coffee, Bree Street","129 Bree St, Cape Town City Centre, Cape Town, 8001, South Africa",,,066 275 5115,http://www.stellskicoffee.com/,cafe,"Cape Town, South Africa",google_maps
Mulino,"22 Bree St, Cape Town City Centre, Cape Town, 8001, South Africa",,,072 645 7809,,restaurant,"Cape Town, South Africa",google_maps
Shift Espresso Bar | Glengariff,"229a Main Rd, Three Anchor Bay, Cape Town, 8005, South Africa",,,063 238 0112,http://www.shiftespresso.com/,coffee shop,"Cape Town, South Africa",google_maps
Ground Art Caffe,"160 Strand St, De Waterkant, Cape Town, 8001, South Africa",,info@groundartcaffe.co.za,021 418 1331,http://www.groundartcaffe.co.za/,coffee shop,"Cape Town, South Africa",google_maps
Deluxe Coffeeworks,"171A Buitenkant St, Gardens, Cape Town, 8001, South Africa",,,076 767 3519,http://www.deluxecoffeeworks.co.za/,coffee shop,"Cape Town, South Africa",google_maps
Shift Espresso Bar | Old Cape Quarter,"Unit A26, The Old Cape Quarter, 68 Waterkant St, Green Point, Cape Town, 8001, South Africa",,,060 739 2917,https://www.shiftespresso.com/,coffee shop,"Cape Town, South Africa",google_maps
Hey Stranger Coffee Collective,"172 Long St, Cape Town City Centre, Cape Town, 8000, South Africa",,,,,coffee shop,"Cape Town, South Africa",google_maps
JARRYDS.,"90 Regent Rd, Sea Point, Cape Town, 8005, South Africa",,jarrydseatery@nonamehg.com,021 023 3642,https://www.nonamehg.com/jarryds,brunch restaurant,"Cape Town, South Africa",google_maps
Courage Mobile Bar,"Cnr bradwell &, Buitenkant St, Vredehoek, Cape Town, 8001, South Africa",,info@takecourage.co.za,072 671 6744,http://www.takecourage.co.za/,food store,"Cape Town, South Africa",google_maps
ESPRESSO AND MILK,"20 N Wacker Dr Suite 105, Chicago, IL 60606, USA",,,,https://www.espressoandmilk.com/,coffee shop,"Chicago, USA",google_maps
Dark Matter Coffee - Star Lounge Coffee Bar,"2521 W Chicago Ave, Chicago, IL 60622, USA",,,(773) 384-7827,http://www.darkmattercoffee.com/,coffee shop,"Chicago, USA",google_maps
Hexe Coffee Co.,"2000 W Diversey Pkwy, Chicago, IL 60614, USA",,,(773) 904-7702,http://hexecoffee.com/,cafe,"Chicago, USA",google_maps
La Colombe Coffee Workshop,"955 W Randolph St, Chicago, IL 60607, USA",,,(312) 733-0707,https://www.lacolombe.com/pages/cafes/randolph?utm_source=google&utm_medium=organic&utm_campaign=gbp,coffee shop,"Chicago, USA",google_maps
Cafe Mustache,"2313 N Milwaukee Ave, Chicago, IL 60647, USA",,info@cafemustache.com,(773) 687-9063,http://www.cafemustache.com/,cafe,"Chicago, USA",google_maps
Hero Coffee and Bagel Bar,"22 E Jackson Blvd, Chicago, IL 60604, USA",,,(312) 285-2434,http://www.herocoffeebars.com/,coffee shop,"Chicago, USA",google_maps
Sawada Coffee,"112 N Green St, Chicago, IL 60607, USA",,,(312) 344-1750,https://sawadacoffee.com/,coffee shop,"Chicago, USA",google_maps
Ground Up Coffee & Bites,"900 W Van Buren St, Chicago, IL 60607, USA",,,(312) 374-1348,https://groundupchicago.com/,coffee shop,"Chicago, USA",google_maps
Intelligentsia Coffee Monadnock Coffeebar,"Monadnock Building, 53 W Jackson Blvd, Chicago, IL 60604, USA",,,(312) 253-0594,https://www.intelligentsia.com/pages/monadnock-coffeebar,coffee shop,"Chicago, USA",google_maps
Overflow Coffee,"1449 S Michigan Ave, Chicago, IL 60605, USA",,liv.oad@entrenuity.com,(312) 283-0066,https://www.overflowchicago.com/,coffee shop,"Chicago, USA",google_maps
Dark Matter Coffee - Meddle Coffee Bar,"601 W Jackson Blvd, Chicago, IL 60661, USA",,,(312) 631-3553,http://www.darkmattercoffee.com/,coffee shop,"Chicago, USA",google_maps
Ipsento 606,"1813 N Milwaukee Ave, Chicago, IL 60647, USA",,,(872) 206-8697,https://ipsento.com/?utm_source=google,coffee shop,"Chicago, USA",google_maps
Dark Matter Coffee - The Mothership,"738 N Western Ave, Chicago, IL 60612, USA",,,(773) 697-8472,http://www.darkmattercoffee.com/,cafe,"Chicago, USA",google_maps
Dark Matter Coffee - Osmium Coffee Bar,"1117 W Belmont Ave, Chicago, IL 60657, USA",,,(773) 360-7553,http://www.darkmattercoffee.com/,coffee shop,"Chicago, USA",google_maps
City Skyline Chicago - Coffee Lounge,"4755 N Lincoln Ave, Chicago, IL 60625, USA",,,(872) 314-5511,,coffee shop,"Chicago, USA",google_maps
Cupitol Coffee & Eatery (Streeterville),"455 E Illinois St, Chicago, IL 60611, USA",,,(312) 929-2065,https://www.cupitol.com/,restaurant,"Chicago, USA",google_maps
Nutella Cafe Chicago,"189 Michigan Ave, Chicago, IL 60601, USA",,,,https://www.nutella.com/us/en/nutella-cafe-chicago,cafe,"Chicago, USA",google_maps
Caffe Umbria,"346 N Clark St UNIT 4709, Chicago, IL 60654, USA",,,(312) 955-0288,http://www.caffeumbria.com/,coffee shop,"Chicago, USA",google_maps
The Lost Hours,"5256 N Broadway, Chicago, IL 60640, USA",,thelosthourscoffeeshop@gmail.com,,http://the-lost-hours.com/,coffee shop,"Chicago, USA",google_maps
The Espresso Lab - D3,Unit 8، Building 7 - Ground Floor - Zaa'beel Second - Dubai Design District - Dubai - United Arab Emirates,,,050 101 1347,https://theespressolab.com/,coffee shop,"Dubai, UAE",google_maps
Roasters Specialty Coffee House Creek Harbour,Al Kheeran First - Dubai Creek Harbour - Dubai - United Arab Emirates,Elena Savina Marketing,beans@roasterscoffee.ae,058 585 7686,http://www.roasterscoffee.ae/,coffee shop,"Dubai, UAE",google_maps
The Grey Al Wasl - Coffee Lounge & Bar,9A St - Al Wasl - Al Safa - Dubai - United Arab Emirates,,,04 236 2996,http://www.the-grey.co/,coffee shop,"Dubai, UAE",google_maps
The Coffee Bar By The Goods Collective & Co,Al Qouz Ind.first - Al Quoz - Dubai - United Arab Emirates,,,052 642 5040,https://www.thegcco.com/pages/shop,coffee shop,"Dubai, UAE",google_maps
Cavo Espresso Bar,Al beteel street - Umm Suqeim Second - Umm Suqeim 2 - Dubai - United Arab Emirates,,,04 568 1934,https://cavocafe.com/,coffee shop,"Dubai, UAE",google_maps
Drinkit,Marina Gate - Gate Tower 1 Marina Promenade - Marsa Dubai - Dubai Marina - Dubai - United Arab Emirates,,,,https://drinkit.io/,coffee shop,"Dubai, UAE",google_maps
The Coffee,"BD-OTCI-L3-008 Level 3, Souk Al Bahar - Burj Khalifa - Dubai Mall - Dubai - United Arab Emirates",,,04 553 6385,https://thecoffee.jp/,cafe,"Dubai, UAE",google_maps
Dark Door - Speciality Coffee | Dubai,"One Central, Dubai World Trade Centre - Office No 4 - Sheikh Zayed Rd - Trade Center Second - Dubai - United Arab Emirates",,,04 323 9638,,cafe,"Dubai, UAE",google_maps
MINT - Dubai Mall,Unit SF053 - Dubai Mall - Second floor - opposite to Dior Kids - برج خليفة - وسط مدينة دبي - دبي - United Arab Emirates,,info@mintconcept.ae,04 338 0839,https://www.mintconcept.ae/mints/mint-dubai/contact/?utm_source=google&utm_medium=local&utm_campaign=gbp,restaurant,"Dubai, UAE",google_maps
The Roots Cafe,Creek - Al Seef Marsa - شارع السيف - الحمرية - دبي - United Arab Emirates,,,04 333 8631,https://www.instagram.com/theroots.coffee/?hl=en,coffee shop,"Dubai, UAE",google_maps
Flat12 Cafe,Rashid - Dubai - Shed 3 Marina Cubes Street - مدينة دبي الملاحية - ميناء راشد - دبي - United Arab Emirates,,,04 228 7123,https://www.instagram.com/flat12cafe?igsh=MW1lbm43dnh6cTZncg==,coffee shop,"Dubai, UAE",google_maps
Orto cafe,395 Al Athar Street - Jumeirah - Jumeira Second - Dubai - United Arab Emirates,,,04 345 5060,https://instagram.com/ortodubai?igshid=MzRlODBiNWFlZA==,cafe,"Dubai, UAE",google_maps
Black Sheep Coffee,"Ground Floor, Boulevard Plaza BPL 12 - برج خليفة - 13GF-06 - دبي - United Arab Emirates",,,04 221 4348,https://leavetheherdbehind.com/blogs/locations/boulevard-plaza-towers?utm_source=ExtNet&utm_medium=Yext,cafe,"Dubai, UAE",google_maps
Mood Espresso Café,The Dubai Mall Lower ground floor - Burj Khalifa - Downtown Dubai - Dubai - United Arab Emirates,,,04 392 6265,http://www.moodespresso.com/,coffee roastery,"Dubai, UAE",google_maps
Specialty Batch Coffee Roastery,Shed 3A - Marina Cubes Street - Madinat Dubai Al Melaheyah - Port Rashid - Dubai - United Arab Emirates,,info@specialtybatch.com,04 299 1113,https://specialtybatch.com/,coffee roastery,"Dubai, UAE",google_maps
The Stage Door Cafe,"Apartment 3, Apartment 3, 11 Essex St E, Temple Bar, Dublin 2, Ireland",,,,,cafe,"Dublin, Ireland",google_maps
Copper + Straw Speciality Coffee,"14 - 18 Aston Quay, Temple Bar, Dublin 2, D02 FV38, Ireland",,hello@copperandstraw.ie,087 810 2634,http://copperandstraw.ie/,coffee shop,"Dublin, Ireland",google_maps
Brew Lab Specialty Coffee,"17 Redmond's Hill, Dublin, D02 E034, Ireland",,,,https://www.instagram.com/brewlabdublin/?hl=en,coffee shop,"Dublin, Ireland",google_maps
Beanhive Coffee Dawson Street,"26 Dawson St, Dublin 2, D02 FY28, Ireland",,,(01) 677 4685,http://beanhive.ie/,coffee shop,"Dublin, Ireland",google_maps
Vice Coffee Inc,"54 Middle Abbey St, North City, Dublin 1, D01 E2X4, Ireland",,hello@vicecoffeeinc.com,,https://www.vicecoffeeinc.com/,coffee shop,"Dublin, Ireland",google_maps
Keoghs Cafe,"1 & 2 Trinity St, Dublin, D02 A440, Ireland",,orders@keoghscafe.ie,(01) 677 8080,http://keoghscafe.ie/,cafe,"Dublin, Ireland",google_maps
Proper Order Coffee Co,"Unit 1, The Distillery Building, Smithfield, Dublin 7, D07 WDX9, Ireland",,,,http://www.properordercoffeeco.com/,coffee shop,"Dublin, Ireland",google_maps
Boom Coffee Roasters Francis Street,"29 Francis St, The Liberties, Dublin, D08 KF97, Ireland",,,,,coffee shop,"Dublin, Ireland",google_maps
Café Lisboa,"28 Mary Street Little, North City, Dublin, D07 FX4W, Ireland",,,085 840 1333,https://www.cafelisboa.ie/,cafe,"Dublin, Ireland",google_maps
Lemon Jelly Cafe,"Millennium Walkway, North City, Dublin 1, D01 Y027, Ireland",,info@lemonjelly.ie,(01) 233 8441,https://www.lemonjelly.ie/,cafe,"Dublin, Ireland",google_maps
Cloud Picker Cafe - Pearse Street,"The Projector Room, The Academy, 42 Pearse St, Dublin, 2, Ireland",,,087 190 5295,http://www.cloudpickercoffee.ie/,cafe,"Dublin, Ireland",google_maps
Shoe Lane Coffee,"7 Tara St, Dublin 2, D02 Y662, Ireland",,,,http://www.shoelanecoffee.ie/,coffee shop,"Dublin, Ireland",google_maps
Coffeeangel,"16 Anne St S, Dublin, D02 VF29, Ireland",,,,https://coffeeangel.com/,coffee shop,"Dublin, Ireland",google_maps
Creed Coffee Roasters,"80 Pearse St, Dublin 2, D02 WV83, Ireland",,,,https://creedcoffeeroasters.ie/,coffee shop,"Dublin, Ireland",google_maps
Central Brew Coffee,"Talbot St, North City, Dublin 1, D01 RD25, Ireland",,,(01) 534 0799,https://centralbrewcoffee.com/,coffee shop,"Dublin, Ireland",google_maps
Joy of Chá,"10 Essex St E, Temple Bar, Dublin 2, D02 TF24, Ireland",,,(01) 538 3234,http://www.joyofcha.com/,cafe,"Dublin, Ireland",google_maps
The Music Cafe Dublin,"Grattan House, 1 Wellington Quay, Temple Bar, Dublin 2, D02 DY95, Ireland",,,,https://www.facebook.com/themusiccafebycaffemomento,cafe,"Dublin, Ireland",google_maps
Academy Coffee Dublin,"10-14, Findlater Pl, O'Connell Street Upper, Rotunda, Dublin 1, D01 X2X0, Ireland",,stay@academyplazahotel.ie,(01) 817 4100,https://www.academyplazahotel.ie/en/academy-coffee/,cafe,"Dublin, Ireland",google_maps
First Chapter,"16 Fade St, Dublin 2, D02 XA58, Ireland",,,,https://www.instagram.com/firstchaptercafe,coffee shop,"Dublin, Ireland",google_maps
Rio Latte Bar,"Right on the corner, between Tesco and Post office, 33 Prussia St, Dublin 07, D07 DR94, Ireland",,,,,cafe,"Dublin, Ireland",google_maps
Double Trouble Caffeine & Cocktails,"3622 Main St Suite D, Houston, TX 77002, USA",,,,,cocktail bar,"Houston, USA",google_maps
Agora,"1712 Westheimer Rd, Houston, TX 77098, USA",,,,https://www.agorahouston.com/,coffee shop,"Houston, USA",google_maps
Day 6 Coffee Co.,"910 Prairie St Suite 100, Houston, TX 77002, USA",,,(832) 696-7822,http://www.daysixcoffee.com/,coffee shop,"Houston, USA",google_maps
Maven,"1717 Allen Pkwy Fl 1, Houston, TX 77019, USA",,support@getbento.com,(832) 926-3213,http://www.mavenhouston.com/,coffee shop,"Houston, USA",google_maps
Segundo Coffee Lab,"711 Milby St #35, Houston, TX 77023, USA",,customerservice@segundocoffee.com,(346) 240-3032,http://segundocoffee.com/,coffee shop,"Houston, USA",google_maps
The Coffee House at West End,"802 Shepherd Dr, Houston, TX 77007, USA",,hello@thecoffeehousehtx.com,,http://thecoffeehousehtx.com/,coffee shop,"Houston, USA",google_maps
FIX Coffeebar,"415 Westheimer Rd #101, Houston, TX 77006, USA",,,(281) 939-7097,https://fixhtx.com/,coffee shop,"Houston, USA",google_maps
Retrospect Coffee Bar,"3709 La Branch St, Houston, TX 77004, USA",,,(713) 993-6600,http://retrospectcoffeebar.com/,coffee shop,"Houston, USA",google_maps
Slow Drip TX,"Sky house North 77002, 1625 Main St Ste A-1, Houston, TX 77002, USA",,,(713) 230-8359,https://www.slowdriptx.com/,coffee shop,"Houston, USA",google_maps
Café Forth,"731 Yale St, Houston, TX 77007, USA",,,(713) 814-8198,http://cafeforth.com/,coffee shop,"Houston, USA",google_maps
Roast & Brew,"931 W 19th St, Houston, TX 77008, USA",,,(346) 802-4844,https://www.roastandbrewcafetx.com/,coffee shop,"Houston, USA",google_maps
Paper Co. Coffee Bar,"1100 Elder St, Houston, TX 77007, USA",,,,http://www.papercohouston.com/,coffee shop,"Houston, USA",google_maps
Slowpokes,"2925 Richmond Ave. #120, Houston, TX 77098, USA",,,(346) 406-3985,https://www.imaslowpoke.com/,coffee shop,"Houston, USA",google_maps
Three Keys Coffee Bar,"712 Main St, Houston, TX 77002, USA",,,,https://threekeyscoffeebar.com/,coffee shop,"Houston, USA",google_maps
CoffeeTrend,"4042 S Braeswood Blvd, Houston, TX 77025, USA",,,(713) 367-0338,http://coffeetrendhtx.com/,coffee shop,"Houston, USA",google_maps
Catalina Coffee,"2201 Washington Ave, Houston, TX 77007, USA",,,(713) 861-8448,https://catalinacoffeeshop.com/,coffee shop,"Houston, USA",google_maps
Golden Roastery,"3111 Fondren Rd, Houston, TX 77063, USA",,,(832) 633-3337,https://goldenroastery.store/,gift shop,"Houston, USA",google_maps
Un Caffe,"3217 Milam St, Houston, TX 77006, USA",,,(832) 519-8018,http://un-caffe.com/,coffee shop,"Houston, USA",google_maps
Blacksmith,"1018 Westheimer Rd, Houston, TX 77006, USA",,,,https://www.blacksmith.website/,coffee shop,"Houston, USA",google_maps
Brass Tacks,"612 Live Oak St, Houston, TX 77003, USA",,getdown@brasstackshouston.com,(713) 352-7626,http://www.brasstackshouston.com/,cafe,"Houston, USA",google_maps
The Rabbit Hole,"16, Changkat Bukit Bintang, Bukit Bintang, 50200 Kuala Lumpur, Wilayah Persekutuan Kuala Lumpur, Malaysia",,,011-6235 1099,http://www.rabbithole.com.my/,cafe,"Kuala Lumpur, Malaysia",google_maps
Bean Brothers Bukit Bintang,"G36, The Starhill, 181, Jln Bukit Bintang, Bukit Bintang, 55100 Kuala Lumpur, Wilayah Persekutuan Kuala Lumpur, Malaysia",Our Bestsellers,support@beanbrothers.my,,http://beanbrothers.my/,coffee shop,"Kuala Lumpur, Malaysia",google_maps
Stellar Coffee,"80, Jalan Sultan, City Centre, 50000 Kuala Lumpur, Wilayah Persekutuan Kuala Lumpur, Malaysia",,,,https://stellarkl.com/,coffee shop,"Kuala Lumpur, Malaysia",google_maps
Opera Cafe & Lounge,"G29(A) & G29(B), Ground Floor, Starhill Gallery, 181, Jln Bukit Bintang, Bukit Bintang, 55100 Kuala Lumpur, Wilayah Persekutuan Kuala Lumpur, Malaysia",,,03-9772 2222,https://operacafe.com.my/our-location/,restaurant,"Kuala Lumpur, Malaysia",google_maps
LOKL Coffee Co,"30, Jalan Tun H S Lee, City Centre, 50100 Kuala Lumpur, Wilayah Persekutuan Kuala Lumpur, Malaysia",,,018-968 5515,https://www.instagram.com/loklcoffee/?hl=en,cafe,"Kuala Lumpur, Malaysia",google_maps
Liquid Lab Coffee Bar,"G.43, 88, Jalan Raja Chulan, Kuala Lumpur, 50200 Kuala Lumpur, Wilayah Persekutuan Kuala Lumpur, Malaysia",,,013-336 9939,http://www.facebook.com/liquidlabcoffeebar,coffee shop,"Kuala Lumpur, Malaysia",google_maps
Bricks and Bread KL,"20, Jalan Kamunting, Chow Kit, 50300 Kuala Lumpur, Wilayah Persekutuan Kuala Lumpur, Malaysia",,,012-381 3237,http://www.instagram.com/bricksandbread.kl,restaurant,"Kuala Lumpur, Malaysia",google_maps
VCR,"2, Jalan Galloway, Bukit Bintang, 50150 Kuala Lumpur, Wilayah Persekutuan Kuala Lumpur, Malaysia",,,03-2110 2330,http://linktree.com/hellovcr,cafe,"Kuala Lumpur, Malaysia",google_maps
SOLACE® Bukit Bintang,"39, 39A & 41, Jln Sahabat, Bukit Bintang, 50200 Kuala Lumpur, Wilayah Persekutuan Kuala Lumpur, Malaysia",,,011-1106 6200,https://instagram.com/solace.bb?igshid=MzRlODBiNWFlZA==,cafe,"Kuala Lumpur, Malaysia",google_maps
Common Space,"40 Jalan 1/77A Off Jalan Imbi, Changkat Thambi Dollah, Imbi, 55100 Kuala Lumpur, Wilayah Persekutuan Kuala Lumpur, Malaysia",,,013-632 4678,,cafe,"Kuala Lumpur, Malaysia",google_maps
Feeka Coffee Roasters,"19, Jln Mesui, Bukit Bintang, 50200 Kuala Lumpur, Wilayah Persekutuan Kuala Lumpur, Malaysia",,,03-2110 4599,https://feekacoffeeroasters.orderu.com/,coffee roastery,"Kuala Lumpur, Malaysia",google_maps
Bröom At Bukit Bintang,"4, Jln Sin Chew Kee, Bukit Bintang, 50150 Kuala Lumpur, Wilayah Persekutuan Kuala Lumpur, Malaysia",,,012-277 5212,http://www.instagram.com/broomartisanbakery,cafe,"Kuala Lumpur, Malaysia",google_maps
Miss Coco Cafe,"G1, Menara Noble Land 2, Jalan Changkat, Lorong Ceylon, Bukit Ceylon, 50200 Kuala Lumpur, Wilayah Persekutuan Kuala Lumpur, Malaysia",,admin@misscococafe.com,018-208 3983,https://misscococafe.com/,coffee roastery,"Kuala Lumpur, Malaysia",google_maps
Common Man Coffee Roasters - Kuala Lumpur,"A-G-1 New Podium, 1, Jalan Tun Mohd Fuad, Taman Tun Dr Ismail, 60000 Kuala Lumpur, Federal Territory of Kuala Lumpur, Malaysia",,,03-7731 7095,https://commonmancoffeeroasters.com/?utm_source=google&utm_medium=organic&utm_campaign=gmb_kuala_lumpur,cafe,"Kuala Lumpur, Malaysia",google_maps
Curio Dark Cafe @ Jalan Ampang,"LG01 Lower Ground Floor, The Grange @ Ampwalk, 218, Jln Ampang, Kampung Datuk Keramat, 50450 Kuala Lumpur, Federal Territory of Kuala Lumpur, Malaysia",,,012-290 2302,https://linktr.ee/curiocoffeeroaster,cafe,"Kuala Lumpur, Malaysia",google_maps
Middle Lane Coffee,"A-0-3, St Mary Place, 1, Jalan Tengah, Kuala Lumpur, 50450 Kuala Lumpur, Wilayah Persekutuan Kuala Lumpur, Malaysia",,,017-247 7870,http://instagram.com/middlelane.coffee,cafe,"Kuala Lumpur, Malaysia",google_maps
Kaffe 16,"Jalan Panggong, City Centre, 50000 Wilayah Persekutuan, Wilayah Persekutuan Kuala Lumpur, Malaysia",,,03-2022 2552,https://www.instagram.com/kaffe.16/?hl=en,cafe,"Kuala Lumpur, Malaysia",google_maps
Eden Coffee Rooftop Cafe,"Rooftop 8th floor, Bukit Bintang, 55100 Kuala Lumpur, Federal Territory of Kuala Lumpur, Malaysia",,,,,cafe,"Kuala Lumpur, Malaysia",google_maps
Jeju Coffee,"9, Jln Mesui, Bukit Bintang, 50200 Kuala Lumpur, Wilayah Persekutuan Kuala Lumpur, Malaysia",,,010-201 8278,https://www.instagram.com/jejucoffee.my?igsh=a3QxeHdxNHYxNDlr,coffee shop,"Kuala Lumpur, Malaysia",google_maps
Blackbixon Cafe & Restaurant - Jalan Inai,"17 Jalan Inai, Off, Jln Imbi, Imbi, 55100 Kuala Lumpur, Wilayah Persekutuan Kuala Lumpur, Malaysia",,,017-395 0321,http://www.blackbixoncafe.com/,cafe,"Kuala Lumpur, Malaysia",google_maps
PAUSE | Café & Espresso Bar,"1 Bisway St, Maroko, Lekki 106104, Lagos, Nigeria",,,0818 738 0000,,coffee shop,"Lagos, Nigeria",google_maps
ART CAFE,"282 Akin Olugbade St, Victoria Island, Lagos 106104, Lagos, Nigeria",,,0811 888 8887,,restaurant,"Lagos, Nigeria",google_maps
TOP BEANS. Coffee & More,"1436 Sanusi Fafunwa St, Victoria Island, Lagos 106104, Lagos, Nigeria",,,0811 588 8885,,coffee shop,"Lagos, Nigeria",google_maps
Cafeteria Nigeria,"16b Akin Adesola St, Victoria Island, Lagos 106104, Lagos, Nigeria",,,0818 188 8993,,american restaurant,"Lagos, Nigeria",google_maps
TOP BEANS. Coffee & More,"17 A Ozumba Mbadiwe Ave, WINGS, Lagos 106104, Lagos, Nigeria",,,0903 000 7500,,coffee shop,"Lagos, Nigeria",google_maps
Flowershop Cafe,"274 Akin Adesola St, Victoria Island, Lagos 106104, Lagos, Nigeria",,,0815 990 6666,https://flowershopcafe.com.ng/,cafe,"Lagos, Nigeria",google_maps
Coffee & Co,"landmark boulevard, Water Corporation Dr, Maroko, Lagos 106104, Lagos, Nigeria",,,0911 523 3701,,coffee shop,"Lagos, Nigeria",google_maps
Choco Latte Coffee Bar,"Inside Raddison Blu, 38, 40 Isaac John St, Ikeja GRA, Lagos 100271, Lagos, Nigeria",,,0908 780 5555,,coffee shop,"Lagos, Nigeria",google_maps
Mai Shayi Coffee Roasters Lagos,"Podium floor, South Atlantic Petroleum Towers, 1 Adeola Odeku St, Victoria Island, Lagos 106104, Lagos, Nigeria",,,0904 478 1938,http://www.maishayicoffee.com/,coffee roastery,"Lagos, Nigeria",google_maps
"Ynot2 Lagos - Restaurant, Sport Bar, Cafe & Night Club","231 Muri Okunola St, Victoria Island, Lagos 106104, Lagos, Nigeria",,,0818 833 0498,https://ynot2lagos.com/,restaurant,"Lagos, Nigeria",google_maps
The Kofe Club,"Trocadero Square, Shop 3, The Rock Dr, Lekki Phase I, Lagos 106104, Lagos, Nigeria",,,0707 718 8760,,cafe,"Lagos, Nigeria",google_maps
PitStop Lagos,"92 Younis Bashorun Street, Victoria Island, Lagos 106104, Lagos, Nigeria",,,0807 749 8324,http://www.pitstoplagos.com/,restaurant,"Lagos, Nigeria",google_maps
THE HOUSE Lagos,"4 A.J. Marinho Dr, Victoria Island, Lagos 106104, Lagos, Nigeria",,,0908 291 9773,https://thehouseng.com/,lounge bar,"Lagos, Nigeria",google_maps
TheVIBE Lagos,"16b Akin Olugbade St, Victoria Island, Lagos 101241, Lagos, Nigeria",,,0913 444 4716,https://www.thevibelagos.com/,lounge bar,"Lagos, Nigeria",google_maps
Cafe One Yaba,"G94F+GM9, Commercial Ave, Sabo yaba, Lagos 101245, Lagos, Nigeria",,,0707 107 3528,,coffee shop,"Lagos, Nigeria",google_maps
Café One UNILAG,"Bookshop building, University of Lagos Main Campus, Akoka, road, LGA, Yaba, Lagos 101017, Lagos, Nigeria",,,0707 392 4652,https://www.cafeone.ng/,coffee shop,"Lagos, Nigeria",google_maps
"Godaïf Village, Lagos","Casa Asmarina, 26B Turnbull Rd, Ikoyi, Lagos 101233, Lagos, Nigeria",,,0907 004 2361,http://godaifvillage.com/,gift shop,"Lagos, Nigeria",google_maps
Cactus Restaurant,"20/24 Ozumba Mbadiwe Ave, Victoria Island, Lagos 106104, Lagos, Nigeria",,,0802 777 7666,https://www.facebook.com/CactusBakery,restaurant,"Lagos, Nigeria",google_maps
Chiaro Caffe,"12 Victoria Arobieke St, Lekki Phase 1, Lagos 106104, Lagos, Nigeria",,,0817 909 0909,,cafe,"Lagos, Nigeria",google_maps
Hard Rock Cafe Lagos,"Landmark Village, Water Corporation Road, Oniru, VI, Eti-Osa, Lagos 550104, Lagos, Nigeria",,,0908 198 8888,https://cafe.hardrock.com/lagos/#utm_source=Google&utm_medium=Yext&utm_campaign=Listings,american restaurant,"Lagos, Nigeria",google_maps
The Common Espresso Bar London,"10 Clapham Park Rd, London SW4 7BB, UK",,,020 3490 0431,http://thecommonespressobar.co.uk/,coffee shop,"London, UK",google_maps
"EspressoBase Speciality coffee, Italian style brew bar","St Georges Court, Bloomsbury Way, London WC1A 2SE, UK",,,,,coffee shop,"London, UK",google_maps
St James's Café,"Horse Guards Rd, London SW1A 2BJ, UK",,,07552 008421,https://www.royalparks.org.uk/visit/parks/st-jamess-park,cafe,"London, UK",google_maps
Grind,"2 London Brg, London SE1 9RA, UK",Not Sure Subject,hello@grind.co.uk,020 3019 7178,http://www.grind.co.uk/londongrind,cocktail bar,"London, UK",google_maps
Rosslyn Coffee Queen Victoria Street,"78 Queen Victoria St, London EC4N 4SJ, UK",,,,https://www.rosslyncoffee.com/?utm_source=GMB-listing,coffee shop,"London, UK",google_maps
Kaffeine,"66 Great Titchfield St., London W1W 7QJ, UK",Prufrock Coffee,,,https://kaffeine.co.uk/,cafe,"London, UK",google_maps
Prufrock Coffee,"23-25 Leather Ln, London EC1N 7TE, UK",,,,http://www.prufrockcoffee.com/,coffee shop,"London, UK",google_maps
Castiglione,"17 Whitcomb St., London WC2H 7HA, UK",,,,https://www.castiglione.london/,coffee shop,"London, UK",google_maps
Kaffeine,"15 Eastcastle St, London W1T 3AY, UK",Prufrock Coffee,,,https://kaffeine.co.uk/,coffee shop,"London, UK",google_maps
Noxy Brothers,"51 Piccadilly, London W1J 0QJ, UK",,,,http://www.noxybrothers.com/,coffee shop,"London, UK",google_maps
The Espresso Room,"31-35 Great Ormond St, London WC1N 3HZ, UK",,,,,coffee shop,"London, UK",google_maps
Coffee Island,"4b Upper St Martin's Ln, London WC2H 9NY, UK",,,020 7836 3007,http://www.coffeeisland.co.uk/,coffee shop,"London, UK",google_maps
Attendant Coffee Roasters | Fitzrovia,"27A Foley St, London W1W 6DY, UK",,,,https://www.the-attendant.com/pages/fitzrovia,coffee shop,"London, UK",google_maps
SHOT London - Mayfair,"10A Berkeley St, London W1J 8DR, UK",,,,http://www.shotlondon.com/,coffee shop,"London, UK",google_maps
Polo Bar - 24 Hour Great British Cafe,"176 Bishopsgate, London EC2M 4NQ, UK",,,020 7283 4889,https://polobar.co.uk/,restaurant,"London, UK",google_maps
Bar Italia,"22 Frith St, London W1D 4RF, UK",,,020 7437 4520,http://baritaliasoho.co.uk/,coffee shop,"London, UK",google_maps
Cahoots Underground,"13 Kingly Ct, Carnaby, London W1B 5PW, UK",,,020 7352 6200,https://www.cahoots.co.uk/,cocktail bar,"London, UK",google_maps
Hideaway Coffee House,"7 Farrier's Psge, London W1D 7DP, UK",,,,https://www.instagram.com/hideawaycoffee/,coffee shop,"London, UK",google_maps
Chapter 72,"72 Bermondsey St, London SE1 3UD, UK",,info@chapter-72.com,,http://www.chapter-72.com/,coffee shop,"London, UK",google_maps
Monmouth Coffee Company,"27 Monmouth St, London WC2H 9EU, UK",,,020 7232 3010,http://www.monmouthcoffee.co.uk/,coffee shop,"London, UK",google_maps
Urth Caffe,"459 S Hewitt St, Los Angeles, CA 90013, USA",,,(213) 797-4534,https://www.urthcaffe.com/,coffee shop,"Los Angeles, USA",google_maps
Maru Espresso Bar,"201 N Canon Dr, Beverly Hills, CA 90210, USA",,,,https://www.marucoffee.com/blogs/notes/maru-espresso-bar,coffee shop,"Los Angeles, USA",google_maps
Alchemist Coffee Project,"698 S Vermont Ave Ste 103, Los Angeles, CA 90005, USA",,,(213) 388-8767,http://alchemistcp.com/,coffee shop,"Los Angeles, USA",google_maps
Loop Espresso Club,"1712 Colorado Blvd, Los Angeles, CA 90041, USA",,,(747) 732-2090,http://www.loopespressoclub.com/,coffee shop,"Los Angeles, USA",google_maps
Tierra Mia Coffee,"1202 N Alvarado St, Los Angeles, CA 90026, USA",,info@tmcoffee.com,(213) 483-3955,http://www.tierramiacoffee.com/,coffee shop,"Los Angeles, USA",google_maps
Espresso Social Club,"1859 W Adams Blvd, Los Angeles, CA 90018, USA",,,,http://www.instagram.com/espressosocialclub,coffee shop,"Los Angeles, USA",google_maps
Mad Lab Coffee,"5508 W Pico Blvd, Los Angeles, CA 90019, USA",,,(323) 244-2577,http://madlab.co/,coffee shop,"Los Angeles, USA",google_maps
"The Butcher, The Baker, The Cappuccino Maker","8653 Sunset Blvd, West Hollywood, CA 90069, USA",,,(310) 360-6900,https://www.bbcmcafe.com/,californian restaurant,"Los Angeles, USA",google_maps
Alfred Coffee,"8428 Melrose Pl, Los Angeles, CA 90069, USA",,,(323) 870-1100,https://alfred.la/,coffee shop,"Los Angeles, USA",google_maps
Bohemian House of Espresso + Chai,"109 W 6th St, Los Angeles, CA 90013, USA",,,(213) 628-3086,https://instagram.com/bohemianchai,coffee shop,"Los Angeles, USA",google_maps
Boxx Coffee Roasters Co.,"950 E 3rd St, Los Angeles, CA 90013, USA",,,(424) 313-2533,http://boxxcoffee.la/,coffee roastery,"Los Angeles, USA",google_maps
Tilt Coffee Bar,"334 Main St Unit #1, Los Angeles, CA 90013, USA",,,,http://tiltcoffeebar.com/,coffee shop,"Los Angeles, USA",google_maps
Stereoscope Coffee,"1501 Sunset Blvd Suite B, Los Angeles, CA 90026, USA",,,(213) 265-7099,http://stereoscopecoffee.com/,coffee shop,"Los Angeles, USA",google_maps
Tiago Coffee Bar + Kitchen,"7080 Hollywood Blvd, Los Angeles, CA 90028, USA",,info@tiagocoffee.com,(323) 466-5600,http://www.tiagocoffee.com/,coffee shop,"Los Angeles, USA",google_maps
Document Coffee Bar,"3850 Wilshire Blvd, Los Angeles, CA 90010, USA",,,(213) 908-7408,http://www.documentcoffeebar.com/,cafe,"Los Angeles, USA",google_maps
Ondo Coffee Co.,"710 Heliotrope Dr, Los Angeles, CA 90029, USA",,,(562) 202-4515,https://www.ondocoffee.co/,coffee shop,"Los Angeles, USA",google_maps
Stereoscope Coffee,"6677 Santa Monica Blvd #104, Los Angeles, CA 90038, USA",,,(323) 645-7192,https://stereoscopecoffee.com/,coffee shop,"Los Angeles, USA",google_maps
ilcaffè,"855 S Broadway, Los Angeles, CA 90014, USA",,,(310) 844-8833,http://www.ilcaffe.la/,cafe,"Los Angeles, USA",google_maps
The Coffee Company,"8751 La Tijera Blvd, Los Angeles, CA 90045, USA",,,(310) 645-7315,http://thecoffeecompanyla.com/,brunch restaurant,"Los Angeles, USA",google_maps
3THYME COFFEE,"600 S Harvard Blvd #100, Los Angeles, CA 90005, USA",,,(213) 568-3435,https://3thyme.com/,coffee shop,"Los Angeles, USA",google_maps
Coffee Bar Espresso,"Shudehill, Manchester M4 2AF, UK",,,,,cafe,"Manchester, UK",google_maps
Java Bar Espresso,"Java Bar Espresso, 1-3 Oxford Rd, Station Approach, Manchester M1 6FU, UK",,info@jbecoffee.com,,https://jbecoffee.com/,coffee shop,"Manchester, UK",google_maps
Haunt MCR,"58 Peter St, Manchester M2 3NQ, UK",,,0161 711 1185,https://haunt-mcr.co.uk/,coffee shop,"Manchester, UK",google_maps
Black Sheep Coffee & Cocktails,"60 Spring Gardens, Manchester M2 2BQ, UK",,,020 3988 6994,https://blacksheepcoffee.co.uk/blogs/locations/spring-gardens?utm_source=ExtNet&utm_medium=Yext,coffee shop,"Manchester, UK",google_maps
Nomad Coffee,"24 Lever St, Manchester M1 1DW, UK",,,,,coffee shop,"Manchester, UK",google_maps
Idle Hands Coffee,"35 Dale St, Manchester M1 2HF, UK",,,,http://www.idlehandscoffee.com/,coffee shop,"Manchester, UK",google_maps
Mala,"8 Dale St, Manchester M1 1JA, UK",,,07310 052230,https://www.instagram.com/mala_mcr,food court,"Manchester, UK",google_maps
"Mancoco Coffee Bar, Roastery & Barista Training School","85 Hewitt St, Manchester M15 4GB, UK",,,0161 237 1916,http://mancoco.co.uk/,coffee shop,"Manchester, UK",google_maps
Black Sheep Coffee & Cocktails,"2-4 St Ann St, Manchester M3 2BW, UK",,,020 3988 6994,https://blacksheepcoffee.co.uk/blogs/locations/deansgate?utm_source=ExtNet&utm_medium=Yext,coffee shop,"Manchester, UK",google_maps
Factory Coffee MCR,"38 King St W, Manchester M3 2WZ, UK",,,0161 236 5379,https://www.factorycoffeemcr.com/,coffee shop,"Manchester, UK",google_maps
Federal Cafe Bar,"Unit B2 - 2, Circle Square, Oxford Rd, Manchester M1 7FS, UK",,,,https://www.federalcafe.co.uk/,brunch restaurant,"Manchester, UK",google_maps
OFF THE PRESS,"OFF THE PRESS, 3 George Leigh St, Ancoats, Manchester M4 5DL, UK",,,07827 403438,http://offthepress.co.uk/,cafe,"Manchester, UK",google_maps
Atrium Coffee,"Ground floor, 1 St Peter's Sq, Manchester M2 3DE, UK",,info@atrium-coffee.co.uk,,http://www.atrium-coffee.co.uk/,coffee shop,"Manchester, UK",google_maps
200 Degrees Coffee Shop & Barista School,"75 Mosley St, Manchester M2 3HR, UK",,,0161 359 7014,https://200degs.com/coffee-shops,coffee shop,"Manchester, UK",google_maps
Moose Coffee,"20 York St, Manchester M2 3BB, UK",,,0161 228 7994,http://www.moosecoffee.co/,breakfast restaurant,"Manchester, UK",google_maps
Black Sheep Coffee,"Unit 2, 2 St Peter's Sq, Manchester M2 3AA, UK",,,020 3988 6994,https://blacksheepcoffee.co.uk/blogs/locations/manchester-st-peters-square?utm_source=ExtNet&utm_medium=Yext,coffee shop,"Manchester, UK",google_maps
Fig + Sparrow,"20 Oldham St, Manchester M1 1JA, UK",,,,,coffee shop,"Manchester, UK",google_maps
ARTISTA PERFETTO (Ancoats),"130 Oldham Rd, Ancoats, Manchester M4 6BG, UK",,,,http://instagram.com/artistaperfettouk,coffee shop,"Manchester, UK",google_maps
Pellegrini's Espresso Bar,"66 Bourke St, Melbourne VIC 3000, Australia",,,(03) 9662 1885,https://www.facebook.com/pages/Pellegrinis-Espresso-Bar/146032138772817,coffee shop,"Melbourne, Australia",google_maps
Good Measure,"193 Lygon St, Carlton VIC 3053, Australia",,,,https://www.goodmeasure.au/,bar,"Melbourne, Australia",google_maps
Patricia Coffee Brewers,"Rear of, 493-495 Little Bourke St, Melbourne VIC 3000, Australia",,shop@patriciacoffee.com.au,,http://www.patriciacoffee.com.au/,coffee shop,"Melbourne, Australia",google_maps
BENCH COFFEE CO. Lt Collins,"321 Little Collins St, Melbourne VIC 3000, Australia",,,,http://benchcoffee.co/,coffee shop,"Melbourne, Australia",google_maps
Dukes Coffee Roasters,"247 Flinders Ln, Melbourne VIC 3000, Australia",,,(03) 9417 5578,http://www.dukescoffee.com.au/,cafe,"Melbourne, Australia",google_maps
Espresso Bar,"3 Exhibition St, Melbourne VIC 3000, Australia",,,,,cafe,"Melbourne, Australia",google_maps
Sbriga Espresso Bar,"1/270 King St, Melbourne VIC 3000, Australia",,info@sbriga.com.au,(03) 9191 0404,https://www.sbriga.com.au/,cafe,"Melbourne, Australia",google_maps
Seven Seeds Coffee Roasters,"114 Berkeley St, Carlton VIC 3053, Australia",,,,http://sevenseeds.com.au/,cafe,"Melbourne, Australia",google_maps
Degraves Espresso Melbourne,"23-25 Degraves St, Melbourne VIC 3000, Australia",,,(03) 8395 6511,https://degravesespressomelbourne.com.au/,cafe,"Melbourne, Australia",google_maps
Brother Baba Budan,"359 Little Bourke St, Melbourne VIC 3000, Australia",,,,http://sevenseeds.com.au/pages/brother-baba-budan,coffee shop,"Melbourne, Australia",google_maps
Philoçoffee Espresso Bar,"162 Albert Rd, South Melbourne VIC 3205, Australia",,philo.coffee@yahoo.com.au,0492 300 811,http://www.philocoffee.com.au/,cafe,"Melbourne, Australia",google_maps
Rosso Espresso Bar | Flinders Ln,"472 Flinders Ln, Melbourne VIC 3000, Australia",,,(03) 9077 4960,http://www.rossoroastingco.com.au/,coffee shop,"Melbourne, Australia",google_maps
Path Melbourne,"362 Victoria St, North Melbourne VIC 3051, Australia",,,,https://www.instagram.com/pathmelbourne/,cafe,"Melbourne, Australia",google_maps
Vacation Coffee CBD,"1 Exhibition St, Melbourne VIC 3000, Australia",,,(03) 9662 2013,http://vacationcoffee.com.au/,coffee shop,"Melbourne, Australia",google_maps
ST. ALi Coffee Roasters - South Melbourne,"12-18 Yarra Pl, South Melbourne VIC 3205, Australia",,,(03) 9132 8966,http://stali.com.au/,cafe,"Melbourne, Australia",google_maps
Industry Beans Lt. Collins,"345 Little Collins St, Melbourne VIC 3000, Australia",,,(03) 9989 3779,https://industrybeans.com/,coffee shop,"Melbourne, Australia",google_maps
Rosso Coffee Experience,"117 Dryburgh St, North Melbourne VIC 3051, Australia",,,(03) 9329 3560,http://www.rosso.com.au/,coffee shop,"Melbourne, Australia",google_maps
Rosso Espresso Bar | Collins St,"495 Collins St, Melbourne VIC 3000, Australia",,,(03) 9621 8973,https://rossoroastingco.com.au/pages/rosso-espresso-bar-collins-street,cafe,"Melbourne, Australia",google_maps
Little Rogue.,"12 Drewery Ln, Melbourne VIC 3000, Australia",,shop@littlerogue.com.au,,https://www.littlerogue.com.au/,coffee shop,"Melbourne, Australia",google_maps
Parlance Coffee,"250 Elizabeth St, Melbourne VIC 3000, Australia",,,(03) 9650 1456,https://parlance.coffee/,coffee shop,"Melbourne, Australia",google_maps
Café Nin,"Havre 73, Juárez, Cuauhtémoc, 06600 Ciudad de México, CDMX, Mexico",,,55 9155 4805,http://www.cafenin.com.mx/,coffee shop,"Mexico City, Mexico",google_maps
Blend Station,"Avenida Tamaulipas 60 , Col. Condesa C.P06140, Hipódromo, Cuauhtémoc, 06140 Ciudad de México, CDMX, Mexico",,,55 6868 5350,http://www.blendstation.com.mx/,coffee shop,"Mexico City, Mexico",google_maps
Cafebrería El Péndulo Roma,"Av. Álvaro Obregón 86, Roma Nte., Cuauhtémoc, 06700 Ciudad de México, CDMX, Mexico",,web@pendulo.com,55 5574 7034,http://pendulo.com/,coffee shop,"Mexico City, Mexico",google_maps
Almanegra Café,"Zacatecas 180, Roma Nte., Cuauhtémoc, 06700 Ciudad de México, CDMX, Mexico",,,55 4162 5899,http://almanegra.cafe/,coffee shop,"Mexico City, Mexico",google_maps
Libertario Coffee Roasters - Roma Norte,"C. Orizaba 16, Roma Nte., Cuauhtémoc, 06700 Ciudad de México, CDMX, Mexico",,,322 5112476,http://www.libertariocoffee.co/,coffee shop,"Mexico City, Mexico",google_maps
Café Toscano,"Temístocles 26, Polanco, Polanco IV Secc, Miguel Hidalgo, 11560 Ciudad de México, CDMX, Mexico",,,55 6732 5374,,restaurant,"Mexico City, Mexico",google_maps
Café Memorias de un Barista,"Frontera 83, Roma Nte., Cuauhtémoc, 06700 Ciudad de México, CDMX, Mexico",,memoriasdeunbarista@gmail.com,55 5207 6201,http://www.memoriasdeunbarista.com/,cafe,"Mexico City, Mexico",google_maps
CUMBÉ Coffee Roasters,"Monterrey 82, Roma Sur, Cuauhtémoc, 06700 Ciudad de México, CDMX, Mexico",,,,https://cumbe.lat/,coffee shop,"Mexico City, Mexico",google_maps
Blend Station,"Puebla 237, Roma Nte., Cuauhtémoc, 06700 Ciudad de México, CDMX, Mexico",,,55 6868 5350,http://blendstation.com.mx/,dog cafe,"Mexico City, Mexico",google_maps
The Coffee Bar,"C. Manzanillo 23, Roma Nte., Cuauhtémoc, 06700 Ciudad de México, CDMX, Mexico",,,,,coffee shop,"Mexico City, Mexico",google_maps
Balam House,"C. de la Palma 24-Local 4, Centro Histórico de la Cdad. de México, Centro, Cuauhtémoc, 06000 Ciudad de México, CDMX, Mexico",,,55 4836 0853,https://www.instagram.com/balam.house,restaurant,"Mexico City, Mexico",google_maps
Compay,"Altata 9, Hipódromo Condesa, Cuauhtémoc, 06100 Ciudad de México, CDMX, Mexico",,,,,coffee stand,"Mexico City, Mexico",google_maps
Fuzz & Brew,"C. Alfonso Herrera 68-Local 1, San Rafael, Cuauhtémoc, 06470 Ciudad de México, CDMX, Mexico",,,,http://instagram.com/fuzzandbrew,coffee roastery,"Mexico City, Mexico",google_maps
DuBlank Café CDMX,"Av Independencia 56-B, Colonia Centro, Centro, Cuauhtémoc, 06050 Ciudad de México, CDMX, Mexico",,,55 3731 1212,https://linktr.ee/dublankcafe,coffee shop,"Mexico City, Mexico",google_maps
Blend Station coffee shop,"Av. Horacio 256, Polanco, Polanco V Secc, Miguel Hidalgo, 11560 Ciudad de México, CDMX, Mexico",,,55 6868 5350,https://blendstation.com.mx/,coffee shop,"Mexico City, Mexico",google_maps
El Minutito,"Londres 28, Juárez, Cuauhtémoc, 06600 Ciudad de México, CDMX, Mexico",,,,https://www.elminutito.com/,coffee shop,"Mexico City, Mexico",google_maps
Deseo Café de Especialidad,"Merida 26, Roma Nte., Cuauhtémoc, 06700 Ciudad de México, CDMX, Mexico",,,55 7095 3649,https://instagram.com/deseocafemx?utm_medium=copy_link,cafe,"Mexico City, Mexico",google_maps
Postales de Café,"06140, Avenida Mazatlan 30, Colonia Condesa, Cuauhtémoc, 06140 Ciudad de México, CDMX, Mexico",,,55 3489 3251,https://www.postalesdecafe.com/,coffee shop,"Mexico City, Mexico",google_maps
Café Regina,"Regina 24, Centro Histórico de la Cdad. de México, Centro, Cuauhtémoc, 06080 Ejido del Centro, CDMX, Mexico",,,55 5709 2436,https://www.instagram.com/cafe_regina,coffee shop,"Mexico City, Mexico",google_maps
LOU Brew Bar,"Sombrerete 522, Hipódromo Condesa, Cuauhtémoc, 06170 Ciudad de México, CDMX, Mexico",,,56 1287 2222,,dog cafe,"Mexico City, Mexico",google_maps
MIAM CAFE-WYNWOOD,"2750 NW 3rd Ave Suite 21, Miami, FL 33127, USA",,miam@miamcafe.com,(786) 703-1451,http://www.miamcafe.com/,restaurant,"Miami, USA",google_maps
Magdalena Coffee & Houseplants,"321 NE 26th St CU-04, Miami, FL 33137, USA",,,,http://www.magdalenacoffee.com/,coffee shop,"Miami, USA",google_maps
XO Espresso Bar,"723 Lincoln Ln N, Miami Beach, FL 33139, USA",,,(516) 474-6755,http://xoespressobar.com/,coffee shop,"Miami, USA",google_maps
Panther Coffee - Wynwood,"2390 NW 2nd Ave, Miami, FL 33127, USA",The Team Accessibility,,(305) 677-3952,http://www.panthercoffee.com/,coffee shop,"Miami, USA",google_maps
Novela Cafe Social,"2323 N Miami Ave, Miami, FL 33127, USA",,,(786) 772-5615,http://novelamia.com/,cafe,"Miami, USA",google_maps
Hideout Miami,"425 NE 22nd St #203, Miami, FL 33137, USA",,,(954) 361-6980,http://hideoutmiami.com/,cafe,"Miami, USA",google_maps
La Colada Gourmet,"1518 SW 8th St, Miami, FL 33135, USA",,lacoladagourmet@gmail.com,(305) 582-5762,https://www.lacoladagourmet.com/,cuban restaurant,"Miami, USA",google_maps
Rosa Sky,"115 SW 8th St 22nd Floor, Miami, FL 33130, USA",,,(786) 628-1515,https://rosaskyrooftop.com/?utm_source=google&utm_medium=organic&utm_campaign=gbp,cocktail bar,"Miami, USA",google_maps
Crema Gourmet,"249 E Flagler St, Miami, FL 33131, USA",,,(786) 391-2607,http://cremagourmet.com/,breakfast restaurant,"Miami, USA",google_maps
Mad Records Cafe Miami,"7700 Biscayne Blvd, Miami, FL 33138, USA",,mradiomedellin@gmail.com,,http://madradio.co/,cafe,"Miami, USA",google_maps
EMISSARY CAFE,"3308 Mary St, Miami, FL 33133, USA",,info@emissary.miami,,http://emissarycafe.com/,coffee shop,"Miami, USA",google_maps
Studio 24 Artful Coffee,"2700A Biscayne Blvd, Miami, FL 33137, USA",,,(645) 240-8228,https://www.studiotwentyfour.co/pages/delivery,coffee shop,"Miami, USA",google_maps
Salon du Café,"1701 James Ave, Miami Beach, FL 33139, USA",,,(305) 990-2957,,coffee shop,"Miami, USA",google_maps
News Cafe,"800 Ocean Dr, Miami Beach, FL 33139, USA",,hello@newscafesouthbeach.com,(786) 644-6061,https://newscafesouthbeach.com/,restaurant,"Miami, USA",google_maps
Vice City Bean,"1657 N Miami Ave unit c, Miami, FL 33136, USA",,,(305) 726-8031,http://vicecitybean.com/,coffee shop,"Miami, USA",google_maps
Sky Coffee Buenos Aires,"1825 Biscayne Blvd, Miami, FL 33132, USA",,filler@godaddy.com,(305) 850-1070,https://skycoffeebuenosaires.com/,coffee shop,"Miami, USA",google_maps
STL Café,"850 NW 42nd Ave Suite 101, Miami, FL 33126, USA",,,(786) 542-9930,,coffee shop,"Miami, USA",google_maps
Breezeblock Coffee,"230 NE 4th St, Miami, FL 33132, USA",,,,http://breezeblockcoffee.com/,coffee shop,"Miami, USA",google_maps
Vice City Bean Brickell,"1111 Brickell Ave Ste 185, Miami, FL 33131, USA",,,,http://vicecitybean.com/,coffee shop,"Miami, USA",google_maps
Mockingbird Cafe Bar,"80, Veer Nariman Rd, Churchgate, Mumbai, Maharashtra 400020, India",,contact@mockingbirdcafebar.com,080976 06010,http://www.mockingbirdcafebar.com/,cafe,"Mumbai, India",google_maps
Prithvi Cafe,"Apartment, Alongside, Prithvi Theatre, 20, Juhu Rd, Janki Kutir, Juhu, Mumbai, Maharashtra 400049, India",,,070459 40218,,cafe,"Mumbai, India",google_maps
Leopold Cafe,"Shahid Bhagat Singh Road, Police Station, Colaba Causeway, near Colaba, Apollo Bandar, Colaba, Mumbai, Maharashtra 400001, India",,,085858 28201,https://www.instagram.com/leopoldcafemumbai?igsh=Mm90dW1hNzc1aWg3,cafe,"Mumbai, India",google_maps
Kala Ghoda Cafe,"10, Rope Walk Ln, Kala Ghoda, Fort, Mumbai, Maharashtra 400001, India",,info@kgcafe.in,098338 03418,https://kgcafe.in/,cafe,"Mumbai, India",google_maps
Bombay To Barcelona Library Cafe,"Timmy Arcade, 778, Makwana Rd, Gamdevi, Marol, Andheri East, Mumbai, Maharashtra 400059, India",,bombay2barcelonalc@gmail.com,077384 46788,http://www.bombaytobarcelonalibrarycafe.com/,cafe,"Mumbai, India",google_maps
Bayleaf Cafe,"32, Juhu Rd, Janki Kutir, Juhu Tara, Juhu, Mumbai, Maharashtra 400049, India",,bayleafcafejuhu@gmail.com,084549 44954,https://bayleafcafe.in/,cafe,"Mumbai, India",google_maps
Mokai Cafe,"Chapel Rd, St Sebastian Colony, Ranwar, Bandra West, Mumbai, Maharashtra 400050, India",,,098209 83607,,cafe,"Mumbai, India",google_maps
Banyan Tree Cafe,"7, 9, Calicut Rd, Ballard Estate, Fort, Mumbai, Maharashtra 400001, India",,,096190 33000,,cafe,"Mumbai, India",google_maps
Third Wave Coffee,"CrossWord Bookstore, Kemps Corner Flyover, Babulnath, Kemps Corner, Tardeo, Mumbai, Maharashtra 400026, India",,,081477 38399,https://stores.thirdwavecoffeeroasters.com/store-pages/third-wave-coffee-kemps-corner-mumbai/,cafe,"Mumbai, India",google_maps
The Bread Bar,"Unit No. 2 and 3, Shah Industrial Estate, Deonar, Chembur, Mumbai, Maharashtra 400088, India",,,089284 82554,https://linktr.ee/thebreadbar?fbclid=PAAaaAXfPYmux_4Rw5vusooQJ8RHFpTGdqM81o7GXDhogcPRAT7jMmu70uUqc,cafe,"Mumbai, India",google_maps
Bombay Coffee House,"Neelkamal Building, 248, Waterfield Road, opposite National College, Khar, Bandra West, Mumbai, Maharashtra 400050, India",,,077180 42147,https://bombaycoffeehouse.com/,cafe,"Mumbai, India",google_maps
Candies,"5AA, Pali Hill, next to Learners Academy School, Bandra (W, Mumbai, Maharashtra 400050, India",,,085911 49713,http://www.candiescafe.com/,cafe,"Mumbai, India",google_maps
Café by The St. Regis Mumbai,"Ground Floor, Phoenix Palladium Mall, Senapati Bapat Marg, Lower Parel West, Lower Parel, Mumbai, Maharashtra 400013, India",,,086575 22956,https://www.marriott.com/en-us/hotels/bomxr-the-st-regis-mumbai/dining/?scid=feed67b0-9a2f-4de1-8df6-114544116108,restaurant,"Mumbai, India",google_maps
Malido Cafe & Apero,"15-17-19, Burjorji Bharucha Marg, Kala Ghoda, Fort, Mumbai, Maharashtra 400001, India",,,090764 20030,https://www.instagram.com/malido.kalaghoda/,restaurant,"Mumbai, India",google_maps
The Cacao Mill by Subko,"2nd Pasta Lane, Market, Badhwar Park, Apollo Bandar, Colaba, Mumbai, Maharashtra 400005, India",,,070212 15817,https://www.subko.coffee/pages/subko-cacao,chocolate factory,"Mumbai, India",google_maps
Grounded Cafe,"Shop no.1, Natalwala Bungalow, 41, BJ Road, Mount Mary, Bandra West, Mumbai, Maharashtra 400050, India",,,091679 31010,https://www.instagram.com/groundedmumbai/,cafe,"Mumbai, India",google_maps
Cafe Mondegar,"Metro House, Colaba Causeway, near Regal Cinema, Apollo Bandar, Colaba, Mumbai, Maharashtra 400001, India",,,098333 22277,,pub,"Mumbai, India",google_maps
Third Wave Coffee,"Plot No 29, Dr N A Purandare Marg Chowpatty Marine Lines, Chowpatty, Girgaon, Mumbai, Maharashtra 400007, India",,orders@thirdwavecoffee.in,080500 03543,https://cafe.thirdwavecoffee.in/coffee-cafe-mumbai-32255/home?utm_source=gmb,cafe,"Mumbai, India",google_maps
Cococart & CocoCafe - Jiji House,"Jiji House, Raveline Street Damodar Sukhadwala Marg, 17, D Sukhadwala Rd, Azad Maidan, Fort, Mumbai, Maharashtra 400001, India",,,084510 91994,http://www.cococart.in/,cafe,"Mumbai, India",google_maps
Bombay Coffee House Fort,"WRPR+34C, 3, SS Ram Gulam Marg, Ballard Estate, Fort, Mumbai, Maharashtra 400001, India",,,084509 25026,https://bombaycoffeehouse.com/,coffee shop,"Mumbai, India",google_maps
Frisson Espresso,"10036 326 W 47th St, New York, NY 10036, USA",,,(646) 850-3928,http://frissonespresso.co/,coffee shop,"New York City, USA",google_maps
The Lost Draft,"398 Broome St, New York, NY 10013, USA",,,(646) 524-6021,http://thelostdraft.com/,cafe,"New York City, USA",google_maps
"Drip Drop Café, coffee shop","98 Thompson St, New York, NY 10012, USA",,,(201) 677-8660,http://www.dripdrop.nyc/,coffee shop,"New York City, USA",google_maps
Zibetto Espresso Bar,"1221 6th Ave, New York, NY 10020, USA",,,,,coffee shop,"New York City, USA",google_maps
White Noise Coffee - Coffee Shop & Roastery,"829 11th Ave, Manhattan, NY 10019, USA",,,(646) 455-0339,https://whitenoisecoffee.com/,coffee shop,"New York City, USA",google_maps
Coffee Project New York | East Village,"239 E 5th St, New York, NY 10003, USA",,,(212) 228-7888,https://coffeeprojectny.com/?utm_source=google&utm_medium=organic&utm_campaign=gmb_ev,coffee shop,"New York City, USA",google_maps
Frisson Espresso 44,"405 W 44th St, New York, NY 10036, USA",,,(646) 398-8210,http://frissonespresso.co/,coffee shop,"New York City, USA",google_maps
Tenpa’s Coffee,"1069 1st Ave, New York, NY 10022, USA",,,(917) 639-3470,,cafe,"New York City, USA",google_maps
Intelligentsia Coffee High Line Hotel Coffeebar,"High Line Hotel 180 10th Ave at, W 20th St, New York, NY 10011, USA",,,(212) 933-9736,https://www.intelligentsia.com/pages/high-line-hotel-coffeebar,coffee shop,"New York City, USA",google_maps
Caffe Reggio,"119 MacDougal St, New York, NY 10012, USA",,,(212) 475-9557,https://www.caffereggio.com/,cafe,"New York City, USA",google_maps
Zibetto Espresso Bar,"1385 6th Ave, New York, NY 10019, USA",,,(646) 707-0505,https://zibettoespressobar.shop/,coffee shop,"New York City, USA",google_maps
The Caféothèque of Paris,"52 Rue de l'Hôtel de Ville, 75004 Paris, France",,contact@lacafeotheque.com,01 53 01 83 84,http://www.lacafeotheque.com/,cafe,"Paris, France",google_maps
Matamata Coffee,"58 Rue d'Argout, 75002 Paris, France",,,,,coffee shop,"Paris, France",google_maps
"Minicafé Île Saint-Louis - coffeeshop, matcha and cookies","1 Rue des Deux Ponts, 75004 Paris, France",,,06 12 17 61 75,https://www.minicafe.paris/,coffee shop,"Paris, France",google_maps
Kozy Bosquet,"79 Av. Bosquet, 75007 Paris, France",,,01 85 09 45 19,http://www.kozy.fr/,brunch restaurant,"Paris, France",google_maps
Brouillon Coffee,"42 Bd de Magenta, 75010 Paris, France",,,,http://brouilloncoffee.com/,coffee shop,"Paris, France",google_maps
BlackBird Coffee,"77 Rue du Temple, 75003 Paris, France",,,06 73 17 03 80,,coffee shop,"Paris, France",google_maps
Café d’Auteur - Specialty Coffee shop & roaster,"39 Rue Mazarine, 75006 Paris, France",,,07 56 89 66 03,https://cafedauteur.com/content/16-coffee-shop,coffee shop,"Paris, France",google_maps
Le Peloton Café,"17 Rue du Pont Louis-Philippe, 75004 Paris, France",,,06 18 80 84 92,http://www.lepelotoncafe.com/,cafe,"Paris, France",google_maps
Terres de Café,"36 Rue des Blancs Manteaux, 75004 Paris, France",,,09 87 02 51 76,http://www.terresdecafe.com/,cafe,"Paris, France",google_maps
Back in Black,"25 Rue Amelot, 75011 Paris, France",,,09 52 91 73 69,https://linktr.ee/backinblackcoffee,restaurant,"Paris, France",google_maps
Kozy,"46 Rue La Fayette, 75009 Paris, France",,,01 85 09 45 19,https://www.kozy.fr/,brunch restaurant,"Paris, France",google_maps
Big Shot coffee,"64 Rue Saint-Honoré, 75001 Paris, France",,,,,coffee shop,"Paris, France",google_maps
I.O Café,"16 Rue Dupetit-Thouars, 75003 Paris, France",,,,,cafe,"Paris, France",google_maps
Terres de Café,"150 Rue Saint-Honoré, 75001 Paris, France",,,09 86 51 02 00,http://www.terresdecafe.com/,cafe,"Paris, France",google_maps
Motors Coffee,"7 Rue des Halles, 75001 Paris, France",,info@motorscoffee.com,,https://motorscoffee.com/,coffee shop,"Paris, France",google_maps
Boot Café,"19 Rue du Pont aux Choux, 75003 Paris, France",,,,,coffee shop,"Paris, France",google_maps
Café Tranquille,"147 Rue du Faubourg Saint-Denis, 75010 Paris, France",,,,https://www.instagram.com/cafetranquille,coffee shop,"Paris, France",google_maps
The Coffee,"40 Rue des Gravilliers, 75003 Paris, France",,,,http://www.thecoffee.jp/,coffee shop,"Paris, France",google_maps
Costadoro Social Coffee,"91 Rue de Rivoli, 75001 Paris, France",,,01 40 20 05 18,https://costadoro.it/chi-siamo/costadoro-social-coffee-parigi/,cafe,"Paris, France",google_maps
Noir - Coffee Shop & Torréfacteur,"33 Rue Richer, 75009 Paris, France",,,,https://www.noirbarista.com/,coffee shop,"Paris, France",google_maps
Lux Central,"4402 N Central Ave, Phoenix, AZ 85012, USA",,,(602) 327-1396,http://www.luxcoffee.com/,coffee shop,"Phoenix, USA",google_maps
Window Coffee Bar,"903 W Camelback Rd, Phoenix, AZ 85013, USA",,,(480) 307-4405,http://www.windowcoffeebar.com/,coffee shop,"Phoenix, USA",google_maps
Caffio Espresso Bar,"1025 Grand Ave, Phoenix, AZ 85007, USA",,,(480) 686-2291,https://www.facebook.com/caffioespresso,coffee shop,"Phoenix, USA",google_maps
Lola Coffee,"1001 N 3rd Ave #6, Phoenix, AZ 85003, USA",,,(602) 252-2265,https://lolacoffeebarphx.com/,coffee shop,"Phoenix, USA",google_maps
Case Study Coffee Lounge,"4802 N 16th St, Phoenix, AZ 85016, USA",,william@casestudycoffeelounge.com,(480) 590-4270,https://www.casestudycoffeelounge.com/,coffee shop,"Phoenix, USA",google_maps
Press Coffee - EVB,"200 E Van Buren St, Phoenix, AZ 85004, USA",,,(602) 612-4160,https://presscoffee.com/pages/location-evb,coffee shop,"Phoenix, USA",google_maps
Fair Trade Cafe,"1020 N 1st Ave, Phoenix, AZ 85003, USA",,info@azfairtrade.com,(602) 354-8150,https://azfairtrade.com/?y_source=1_NTgwNjEyNjUtNzE1LWxvY2F0aW9uLndlYnNpdGU%3D,cafe,"Phoenix, USA",google_maps
Fillmore Coffee Co.,"600 N 4th St, Phoenix, AZ 85004, USA",,info@fillmorecoffeeco.com,(928) 232-8527,http://www.fillmorecoffeeco.com/,coffee shop,"Phoenix, USA",google_maps
The Coffee Builders,"901 S 7th St Bldg C, Phoenix, AZ 85034, USA",,creative@thecoffeebuilders.com,(602) 904-7550,http://www.thecoffeebuilders.com/,coffee shop,"Phoenix, USA",google_maps
Copper Star Coffee,"4220 N 7th Ave, Phoenix, AZ 85013, USA",,,(602) 266-2136,https://copperstarcoffee.com/,coffee shop,"Phoenix, USA",google_maps
"Harlem Coffee, Co.","149 W McDowell Rd, Phoenix, AZ 85003, USA",,,,https://www.instagram.com/drinkharlem,coffee shop,"Phoenix, USA",google_maps
"Songbird Coffee & Tea House - Phoenix, AZ","812 N 3rd St Ac, Phoenix, AZ 85004, USA",,info@songbirdcoffeehouse.com,(602) 374-4192,http://www.songbirdcoffeehouse.com/,coffee shop,"Phoenix, USA",google_maps
Cartel Roasting Co.,"1 N 1st St, Phoenix, AZ 85004, USA",Paul Oberg Our,hello@cartelroasting.co,,https://cartelroasting.co/,coffee shop,"Phoenix, USA",google_maps
Sip Coffee & Beer,"3620 E Indian School Rd, Phoenix, AZ 85018, USA",,info@sipcoffeeandbeer.com,(602) 900-5188,https://sipcoffeeandbeer.com/,coffee shop,"Phoenix, USA",google_maps
Dark Hall Coffee,"2243 N 12th St, Phoenix, AZ 85006, USA",,,(602) 277-5507,http://darkhallcoffeephx.com/,coffee shop,"Phoenix, USA",google_maps
URBO | Urban Bodega,"603 W Fillmore St, Phoenix, AZ 85003, USA",,,(602) 237-5903,http://shopurbo.com/,coffee shop,"Phoenix, USA",google_maps
Let's Meet Up,"3058 N 16th St Suite A, Phoenix, AZ 85016, USA",Up Let,info@redstakesolutions.com,,http://www.letsmeetup.coffee/,coffee shop,"Phoenix, USA",google_maps
Moxie Coffee Co.,"4626 N 16th St Suite 101, Phoenix, AZ 85016, USA",,,(480) 215-9987,https://moxiecoffeeco.com/,coffee shop,"Phoenix, USA",google_maps
Mis Raices Cafe,"1325 Grand Ave Suite 3, Phoenix, AZ 85007, USA",,misraicescafeaz@gmail.com,(602) 675-2228,http://misraicescafe.com/,coffee shop,"Phoenix, USA",google_maps
Kahvi Coffee and Cafe,"214 E Roosevelt St #2, Phoenix, AZ 85004, USA",,,(602) 441-4759,http://drinkkahvi.com/,coffee shop,"Phoenix, USA",google_maps
Pinhole Coffee Bar (Purvis),"27 Purvis St, #01-02, Singapore 188604",,,,https://instagram.com/pinholecoffeebar,cafe,Singapore,google_maps
EC COFFEE BAR,"40 Carpenter St, #01-01, Singapore 059919",,,9365 6626,,cafe,Singapore,google_maps
The Coffee Code Singapore,"37 Neil Rd, Singapore 088822",,,,https://www.instagram.com/thecoffeecodesingapore/,cafe,Singapore,google_maps
Maxi Coffee Bar,"64 Club St, Back Entrance, Singapore 069438",,hello@maxicoffeebar.com,9776 7400,http://maxicoffeebar.com/,coffee shop,Singapore,google_maps
Shake Coffee,"128 Prinsep St, #01-01, Singapore 188655",,,9457 0070,https://shake.coffee/,cafe,Singapore,google_maps
Asylum Coffeehouse,"311 Jln Besar, Singapore 208970",,,8921 9875,https://www.asylumcoffeehouse.com/,coffee shop,Singapore,google_maps
Chye Seng Huat Hardware,"150 Tyrwhitt Rd, Singapore 207563",,,6299 4321,http://www.cshhcoffee.com/,cafe,Singapore,google_maps
Nylon Coffee,"4 Everton Prk, #01-40, Singapore 080004",,,6220 2330,https://nylon.coffee/,coffee shop,Singapore,google_maps
Apartment Coffee,"139 Selegie Rd, #01-01, Singapore 188309",,,,http://apartmentcoffee.co/,coffee roastery,Singapore,google_maps
September Coffee,"258 S Bridge Rd, #01-01, Singapore 058807",,,,http://septembercoffeesg.com/,cafe,Singapore,google_maps
Highlander Coffee Espresso Bar,"49 Kampong Bahru Rd, Singapore 169362",,,6223 7102,https://shop.highlandercoffee.com/,coffee roastery,Singapore,google_maps
Fahrenheit Coffee Singapore,"75 Beach Rd, #01-00A, Singapore 189689",,,9049 5324,http://www.fahrenheitcoffee.sg/,cafe,Singapore,google_maps
the RITUAL,"383 Bukit Timah Rd, #01-09B, Singapore 259727",,,6208 7496,http://www.theritual.co/,cafe,Singapore,google_maps
6oz Espresso Bar,"30 Raffles Pl, #01-10, Singapore 048622",,,,http://www.6oz.com.sg/,cafe,Singapore,google_maps
Tiong Hoe Specialty Coffee,"170 Stirling Rd, #01-1133, Singapore 140170",,,8958 1133,http://www.tionghoe.com/,cafe,Singapore,google_maps
Acoustics Coffee Bar Owen,"2 Owen Rd, #01-02, Singapore 218842",,,8023 9619,http://www.acousticscoffee.com/,cafe,Singapore,google_maps
Italian Coffee Lab Pasir Panjang,"100 Pasir Panjang Rd, #03-07, Singapore 118518",,,8083 2573,https://italiancoffeelab.com/,coffee shop,Singapore,google_maps
Baristart Coffee Singapore (Tras Street),"65 Tras St, Singapore 079004",,,8299 7365,http://www.baristartcoffee.sg/,cafe,Singapore,google_maps
percolate. (Nankin Row),"3 Pickering St, #01-23 Nankin Row, Singapore 048660",,hello@percolate.sg,8259 0316,http://percolate.sg/,cafe,Singapore,google_maps
Black & White Espresso Bar | The Strand Arcade,"G18/412-414 George St, Sydney NSW 2000, Australia",,admin@blackandwhiteespresso.com,,https://www.blackandwhiteespresso.com/,cafe,"Sydney, Australia",google_maps
Speed Bar Espresso,"1/27 Park St, Sydney NSW 2000, Australia",,,(02) 9264 4668,https://m.facebook.com/speedbarespressocafe/,coffee shop,"Sydney, Australia",google_maps
The Associate Espresso Bar,"Shop 1/33 Pitt St, Sydney NSW 2000, Australia",,info@amahospitality.com.au,,http://amahospitality.com.au/,cafe,"Sydney, Australia",google_maps
York Lane,"York Ln, Sydney NSW 2000, Australia",,,0421 830 106,https://yorklane.au/,bar,"Sydney, Australia",google_maps
BATCH ESPRESSO,"275 George St, Sydney NSW 2000, Australia",,,,https://batchespresso.com.au/,cafe,"Sydney, Australia",google_maps
Expresso120,"120 Sussex St, Sydney NSW 2000, Australia",,,0430 359 119,,coffee shop,"Sydney, Australia",google_maps
Skittle Lane Circular Quay,"6a Loftus Ln, Sydney NSW 2000, Australia",,,,https://skittlelane.com/,coffee roastery,"Sydney, Australia",google_maps
Industry Beans York St,"Shop 2/40 York St, Sydney NSW 2000, Australia",,,(02) 9188 8501,https://industrybeans.com/pages/york-st-cafe,cafe,"Sydney, Australia",google_maps
Sneaker Laundry LAB,"Basement Level 3, Shop 4, 2 Elizabeth Street, Martin Place Metro, Hunter St Entrance, Sydney NSW 2000, Australia",,,0416 083 011,https://www.thesneakerlaundry.com.au/,coffee shop,"Sydney, Australia",google_maps
Single O Surry Hills,"60/64 Reservoir St, Surry Hills NSW 2010, Australia",,,(02) 9211 0665,https://singleo.com.au/,coffee shop,"Sydney, Australia",google_maps
Haven Coffee - Haymarket,"85 Harbour St, Haymarket NSW 2000, Australia",,,0424 887 684,https://www.havencoffee.com.au/,coffee roastery,"Sydney, Australia",google_maps
Bar Pronto,"72 Pitt St, Sydney NSW 2000, Australia",,,(02) 9238 0611,,cafe,"Sydney, Australia",google_maps
Workshop Espresso,"500 George St, Sydney NSW 2000, Australia",,,0499 999 682,,coffee shop,"Sydney, Australia",google_maps
Diggy Doo's Coffee,"3/2 Bridge St, Sydney NSW 2000, Australia",,,0433 465 609,https://diggydooscoffee.square.site/,cafe,"Sydney, Australia",google_maps
BATCH ESPRESSO,"70 Pitt St, Sydney NSW 2000, Australia",,,(02) 9231 4672,http://batchespresso.com.au/,coffee shop,"Sydney, Australia",google_maps
Quay Espresso Bar,"E10 Alfred St, Sydney NSW 2000, Australia",,,,,cafe,"Sydney, Australia",google_maps
Coffee Lab,"R. Aspicuelta, 227 - Vila Madalena, São Paulo - SP, 05433-010, Brazil",,,(11) 99148-8052,http://coffeelab.com.br/,coffee shop,"São Paulo, Brazil",google_maps
Urbe Cafe Bar,"R. Antônio Carlos, 404 - Consolação, São Paulo - SP, 01309-010, Brazil",,,(11) 99344-8165,http://www.urbecafe.com.br/,brunch restaurant,"São Paulo, Brazil",google_maps
Por um Punhado de Dólares,"R. Nestor Pestana, 115 - Consolação, São Paulo - SP, 01303-010, Brazil",,,,,coffee shop,"São Paulo, Brazil",google_maps
89ºC Coffee Station,"Praça da Liberdade, 169 - Liberdade, São Paulo - SP, 01503-010, Brazil",,,(11) 3203-1108,https://www.89coffeestation.com.br/,coffee shop,"São Paulo, Brazil",google_maps
Santo Grão - Itaim,"Rua Pais de Araújo, 163 - Itaim Bibi, São Paulo - SP, 04531-090, Brazil",,,(11) 97599-1592,https://santograo.com.br/nossas-casas/,restaurant,"São Paulo, Brazil",google_maps
Soul Café SP,"R. Augusta, 1524 - Loja 6 - Consolação, São Paulo - SP, 01304-001, Brazil",,,(11) 98544-4971,https://soulcafe.com.br/,coffee shop,"São Paulo, Brazil",google_maps
Café Girondino,"R. Boa Vista, 365 - Centro Histórico de São Paulo, São Paulo - SP, 01014-001, Brazil",,,(11) 5043-3822,,coffee shop,"São Paulo, Brazil",google_maps
"World café bar - Cafeteria, Bar e Restaurante","R. Araújo, 329 - República, São Paulo - SP, 01220-020, Brazil",,,(11) 3214-0604,http://www.worldcafebar.com.br/,restaurant,"São Paulo, Brazil",google_maps
KOF - King of The Fork,"R. Artur de Azevedo, 1317 - Pinheiros, São Paulo - SP, 05404-013, Brazil",,,,http://www.kingofthefork.com.br/,breakfast restaurant,"São Paulo, Brazil",google_maps
Santo Grão,"R. Oscar Freire, 413 - Cerqueira César, São Paulo - SP, 01426-001, Brazil",,,(11) 3062-9294,https://santograo.com.br/nossas-casas/,restaurant,"São Paulo, Brazil",google_maps
Um Coffee Co.,"R. Júlio Conceição, 553 - Bom Retiro, São Paulo - SP, 01126-001, Brazil",,,(11) 3229-3988,http://www.umcoffeeco.com.br/,cafe,"São Paulo, Brazil",google_maps
Padaria Bella Paulista,"Rua Haddock Lobo, 354 - Cerqueira César, São Paulo - SP, 01414-000, Brazil",,sac@bellapaulista.com,(11) 3214-3347,https://padariabellapaulista.com.br/,bakery,"São Paulo, Brazil",google_maps
1908 Coffee Station,"Rua Coronel Oscar Porto, 840 - Paraíso, São Paulo - SP, 04003-004, Brazil",,,(11) 3887-1066,https://www.instagram.com/1908coffee.station?igsh=MXh4Nno3cTdrMmx5eQ==,coffee shop,"São Paulo, Brazil",google_maps
"IL BARISTA CAFÉS ESPECIAIS | VILA NOVA : Casa, Torrefação e Escola do Café","R. Consórcio, 191 - Vila Nova Conceição, São Paulo - SP, 04535-090, Brazil",,,(11) 2538-1155,http://www.ilbaristacafes.com.br/,coworking space,"São Paulo, Brazil",google_maps
Caffè Ristoro,"Av. Paulista, 37 - Paraíso, São Paulo - SP, 01311-902, Brazil",,,(11) 3289-8897,https://www.cafferistoro.com.br/,coffee shop,"São Paulo, Brazil",google_maps
Cafeteria no Jardim Paulista - Superwow coffee São Paulo,"R. Guarará, 46 - Jardim Paulista, São Paulo - SP, 01425-000, Brazil",,,(11) 3885-9945,http://www.superwowcoffee.com.br/,coffee shop,"São Paulo, Brazil",google_maps
Café Creme,"Av. Paulista, 807 - Loja 07, esquina - Bela Vista, São Paulo - SP, 01311-100, Brazil",,,(11) 3289-9637,http://cafecreme.com.br/,gastropub,"São Paulo, Brazil",google_maps
Kofi & Co - Café e Brunch,"Rua Alexandre Dumas, 1518 - Chácara Santo Antônio (Zona Sul), São Paulo - SP, 04717-003, Brazil",,,(11) 3624-4838,https://kofiandco.com.br/,cafeteria,"São Paulo, Brazil",google_maps
Fora da Lei Café,"R. Cubatão, 131 - Vila Mariana, São Paulo - SP, 04013-040, Brazil",,,(11) 2985-6777,http://www.instagram.com/foradalei_cafe/,coffee shop,"São Paulo, Brazil",google_maps
The Coffee,"R. dos Pinheiros, 466 - Pinheiros, São Paulo - SP, 05422-110, Brazil",,,(41) 99279-7895,https://thecoffee.jp/,coffee shop,"São Paulo, Brazil",google_maps
Fuglen Tokyo,"1-chōme-16-11 Tomigaya, Shibuya, Tokyo 151-0063, Japan",,coffeeonline.jp@fuglen.no,,https://fuglencoffee.jp/,coffee shop,"Tokyo, Japan",google_maps
Starbucks Reserve® Roastery Tokyo,"2-chōme-19-23 Aobadai, Meguro City, Tokyo 153-0042, Japan",,,03-6417-0202,https://store.starbucks.co.jp/detail-2381/?utm_source=GMB&utm_medium=organic&utm_campaign=store&utm_content=2381,coffee shop,"Tokyo, Japan",google_maps
THE ROASTERY BY NOZY COFFEE,"Reveur Jingumae, 5-chōme-17-13 Jingūmae, Shibuya, Tokyo 150-0001, Japan",,,03-6450-5755,https://www.tysons.jp/roastery/,coffee shop,"Tokyo, Japan",google_maps
ESPRESSO D WORKS IKEBUKURO,"Japan, 〒170-0013 Tokyo, Toshima City, Higashiikebukuro, 1-chōme−30−３ キュープラザ池袋 2F",,,070-3796-3138,https://dream-on-company.com/,cafe,"Tokyo, Japan",google_maps
BONGENCOFFEE Ginza,"2-chōme-16-3 Ginza, Chuo City, Tokyo 104-0061, Japan",,,03-6264-3988,https://bongen-shirafushi-coffee.com/,coffee shop,"Tokyo, Japan",google_maps
GLITCH COFFEE & ROASTERS,"Japan, 〒101-0054 Tokyo, Chiyoda City, Kanda Nishikichō, 3-chōme−１６ １階",,press@glitchcoffee.com,03-5244-5458,https://glitchcoffee.com/,coffee shop,"Tokyo, Japan",google_maps
Little Nap Coffee Stand,"5-chōme-65-4 Yoyogi, Shibuya, Tokyo 151-0053, Japan",,,03-3466-0074,https://littlenap.jp/,coffee stand,"Tokyo, Japan",google_maps
Awakening Cafe,"Japan, 〒110-0014 Tokyo, Taito City, Kitaueno, 2-chōme−23−９ イチロービル 4階, Ichiro Building 4th floor",,,,https://www.instagram.com/awakeningcafetokyo/,coffee shop,"Tokyo, Japan",google_maps
Sedai Coffee and Roasters,"Japan, 〒150-0001 Tokyo, Shibuya, Jingūmae, 5-chōme−29−９ 1F",,,,https://sedaicoffee.com/,coffee stand,"Tokyo, Japan",google_maps
ABOUT LIFE COFFEE BREWERS,"Japan, 〒150-0043 Tokyo, Shibuya, Dōgenzaka, 1-chōme−19−８ 斉丸道玄坂ビル 2F",,,03-6809-0751,https://onibuscoffee.com/,coffee stand,"Tokyo, Japan",google_maps
All Seasons Coffee,"Japan, 〒160-0022 Tokyo, Shinjuku City, Shinjuku, 2-chōme−7−７ 1F",,info@allseasonscoffee.jp,03-5341-4273,http://allseasonscoffee.jp/,coffee shop,"Tokyo, Japan",google_maps
Depot,"1-chōme-9-1 Marunouchi, Chiyoda City, Tokyo 100-0005, Japan",,,03-6551-2411,https://classic-inc.jp/depot/,cafe,"Tokyo, Japan",google_maps
UNLIMITED COFFEE BAR,"1-chōme-18-2 Narihira, Sumida City, Tokyo 130-0002, Japan",,,03-6658-8680,http://www.unlimitedcoffeeroasters.com/,coffee shop,"Tokyo, Japan",google_maps
FabCafe Tokyo,"Japan, 〒150-0043 Tokyo, Shibuya, Dōgenzaka, 1-chōme−22−７ 道玄坂ピア 1F",,,03-6416-9190,https://fabcafe.com/jp/tokyo/,cafe,"Tokyo, Japan",google_maps
Double Tall Coffee Bar,"1-chōme-23-16 Shibuya, Tokyo 150-0002, Japan",,,03-3409-8869,https://doubletall.com/cafe/cocoti/,coffee shop,"Tokyo, Japan",google_maps
EDW yellow Shibuya,"Japan, 〒150-0042 Tokyo, Shibuya, Udagawachō, 26−５ 育真ビル B1階",,,03-6712-7844,https://dream-on-company.com/,cafe,"Tokyo, Japan",google_maps
CAFE REISSUE,"3-chōme-25-7 Jingūmae, Shibuya, Tokyo 150-0001, Japan",,reissue2015@outlook.jp,03-5785-3144,https://www.reissue.co.jp/,coffee shop,"Tokyo, Japan",google_maps
GOOD COFFEE FARMS Cafe & Bar,"Japan, 〒103-0027 Tokyo, Chuo City, Nihonbashi, 3-chōme−1−３ 日本橋さくらビル 1F",,,070-4797-4932,http://www.goodcoffeefarms.com/,cafe,"Tokyo, Japan",google_maps
KOFFEE MAMEYA,"4-chōme-15-3 Jingūmae, Shibuya, Tokyo 150-0001, Japan",,info@koffee-mameya.com,03-5413-9422,http://koffee-mameya.com/,coffee shop,"Tokyo, Japan",google_maps
L'Espresso Bar Mercurio,"321 Bloor St W, Toronto, ON M5S 1S5, Canada",,teresa@barmercurio.com,(416) 585-2233,https://www.lespressobarmercurio.ca/,cafe,"Toronto, Canada",google_maps
NEO COFFEE BAR,"161 Frederick St Unit 100, Toronto, ON M5A 1J9, Canada",,,(647) 348-8811,https://www.neocoffeebar.com/location-frederick-x-king,coffee shop,"Toronto, Canada",google_maps
Moss Park Espresso,"185 Queen St E, Toronto, ON M5A 1S2, Canada",,,(416) 989-6650,,cafe,"Toronto, Canada",google_maps
Coco Espresso Bar,"29 Bellair St, Toronto, ON M5R 1B8, Canada",,info@cocoespressobar.com,(416) 934-9292,https://www.cocoespressobar.com/,pastry shop,"Toronto, Canada",google_maps
NEO COFFEE BAR KING X SPADINA,"61 Spadina Ave., Toronto, ON M5V 1K1, Canada",,,(437) 915-9155,https://www.neocoffeebar.com/location/king-x-spadina/,coffee shop,"Toronto, Canada",google_maps
NEO COFFEE BAR BAY X COLLEGE,"770 Bay St. Unit 3, Toronto, ON M5G 0A6, Canada",,,(647) 345-0770,https://www.neocoffeebar.com/location-bay-x-college,coffee shop,"Toronto, Canada",google_maps
Daily Dose Coffee Bar,"125 John St, Toronto, ON M5V 2E2, Canada",,info@dailydosecoffeebar.com,,https://www.dailydosecoffeebar.com/,coffee shop,"Toronto, Canada",google_maps
Aroma Espresso Bar,"137 Bremner Blvd, Toronto, ON M5J 3A7, Canada",,help@aromacafe.ca,(416) 594-0777,http://www.aromaespressobar.ca/,cafe,"Toronto, Canada",google_maps
Voodoo Child Cocktail & Espresso Bar,"388 College St, Toronto, ON M5T 1S7, Canada",,,(647) 748-1011,http://www.voodoochildcafe.com/,cocktail bar,"Toronto, Canada",google_maps
Versus Coffee,"70 Adelaide St E, Toronto, ON M5C 2R6, Canada",,,(647) 987-5470,https://versuscoffeebar.com/,coffee shop,"Toronto, Canada",google_maps
ESPRO Coffee Bar,"2102 Queen St E, Toronto, ON M4E 1E2, Canada",,,,https://espro.com/pages/thebeach,coffee shop,"Toronto, Canada",google_maps
Lazy Barista,"157 Queens Quay E, Toronto, ON M5A 1B4, Canada",,,,https://www.instagram.com/lazy_barista/,coffee shop,"Toronto, Canada",google_maps
Black wolf coffee,"717 Bay St., Toronto, ON M5G 2J9, Canada",,,,,coffee shop,"Toronto, Canada",google_maps
The Only Cafe,"966 Danforth Ave, Toronto, ON M4J 1M1, Canada",,theonlycafecoffee@gmail.com,(416) 463-3249,https://www.theonlycafe.com/,bar,"Toronto, Canada",google_maps
Martin Espresso Bar,"1421 Bloor St W, Toronto, ON M6P 3L4, Canada",,info@martinesb.com,(416) 531-1421,https://martinespressobar.ca/,cafe,"Toronto, Canada",google_maps
Church Street Espresso,"585 Church St, Toronto, ON M4Y 2E4, Canada",,,(647) 382-3221,https://churchstreetespresso.shop/,coffee shop,"Toronto, Canada",google_maps
Mallo Coffee & Bar,"785 Bathurst St, Toronto, ON M5S 1Z5, Canada",,info@mallo.ca,(647) 351-8060,http://www.mallo.ca/,coffee shop,"Toronto, Canada",google_maps
Revolver,"325 Cambie St., Vancouver, BC V6B 2N4, Canada",,,(604) 558-4444,http://revolvercoffee.ca/,coffee shop,"Vancouver, Canada",google_maps
Nine Bar Coffee,"477 Davie St, Vancouver, BC V6B 2G2, Canada",,info@ninebar.ca,(604) 781-6461,http://ninebar.ca/,coffee shop,"Vancouver, Canada",google_maps
Milano Espresso Lounge,"36 Powell St, Vancouver, BC V6A 1E7, Canada",,info@milanocoffee.ca,(604) 558-0999,https://www.milanocoffee.ca/,coffee shop,"Vancouver, Canada",google_maps
Nemesis Coffee GNW,"555 Great Northern Wy, Vancouver, BC V5T 1E1, Canada",,,,https://www.nemesis.coffee/,cafe,"Vancouver, Canada",google_maps
Breka Bakery & Café - Davie,"855 Davie St, Vancouver, BC V6Z 1B7, Canada",,,(604) 428-8080,https://www.breka.ca/,bakery,"Vancouver, Canada",google_maps
Monaco Cafe,"356 Water St, Vancouver, BC V6B 1B6, Canada",,,(604) 566-7111,http://monacocafe.ca/,coffee shop,"Vancouver, Canada",google_maps
CICLO ESPRESSO & COCTELES COAL HARBOUR,"1020 W Cordova St, Vancouver, BC V6C 0B2, Canada",,info@persesocialcorner.com,(604) 336-8564,https://cicloespressocafe.com/,coffee shop,"Vancouver, Canada",google_maps
Aperture Coffee Bar,"4124 Main St, Vancouver, BC V5V 3P7, Canada",,aperturecoffeebarmain@gmail.com,(604) 620-8056,http://www.aperturecoffeebar.com/,cafe,"Vancouver, Canada",google_maps
Breka Bakery & Cafe - Fraser,"6533 Fraser St, Vancouver, BC V5X 3T4, Canada",,,(604) 559-0900,http://www.breka.ca/,bakery,"Vancouver, Canada",google_maps
"Coffee Bar, Buro","10 Water St, Vancouver, BC V6B 1A4, Canada",,,,https://burocoffee.com/,coffee shop,"Vancouver, Canada",google_maps
Forecast Coffee,"2980 Main St, Vancouver, BC V5T 3G3, Canada",,,(604) 559-6160,http://forecastcoffee.ca/,coffee shop,"Vancouver, Canada",google_maps
Nemesis Coffee Gastown,"302 W Hastings St, Vancouver, BC V6B 2N4, Canada",,,,https://www.nemesis.coffee/,cafe,"Vancouver, Canada",google_maps
Guffo Café,"331 Howe St, Vancouver, BC V6C 3N2, Canada",,,(604) 620-3660,https://guffocafe.shop/,cafe,"Vancouver, Canada",google_maps
Elysian Coffee Downtown,"1100 Burrard St Unit 102, Vancouver, BC V6Z 1Y7, Canada",,,(778) 379-1512,http://www.elysiancoffee.com/,coffee shop,"Vancouver, Canada",google_maps
Coffee Roastery Modus - Mt Pleasant shop,"112 W Broadway, Vancouver, BC V5Y 1P1, Canada",,,,http://www.moduscoffee.com/,coffee shop,"Vancouver, Canada",google_maps
lovelarte,"345 Robson St #101, Vancouver, BC V6B 0H3, Canada",,,(604) 599-7856,http://www.lovelarte.com/,cafe,"Vancouver, Canada",google_maps
Breka Bakery & Café - Bute,"812 Bute St, Vancouver, BC V6E 1E5, Canada",,,(604) 620-8200,http://breka.ca/,bakery,"Vancouver, Canada",google_maps
Dose Espresso Bar,"1517 W Broadway, Vancouver, BC V6J 5M6, Canada",,,(604) 734-7711,https://www.facebook.com/doseespressobar/,coffee shop,"Vancouver, Canada",google_maps
Estratto coffee,"336 W Pender St, Vancouver, BC V6B 1T1, Canada",,,(778) 668-3863,,coffee shop,"Vancouver, Canada",google_maps
