business_name,address,owner_name,email,phone,website,category,city,source
Intelligentsia,"53 E Randolph St, Chicago, IL 60601, USA",,press@intelligentsiacoffee.com,(312) 920-9332,https://www.intelligentsia.com/pages/millennium-park-coffeebar,coffee shop,"Chicago, USA",google_maps
The Wormhole Coffee,"1462 N Milwaukee Ave, Chicago, IL 60622, USA",,placejoys.com@gmail.com,(773) 661-2468,https://thewormholecoffee.shop/,coffee shop,"Chicago, USA",google_maps
The Understudy Coffee and Books,"5531 N Clark St, Chicago, IL 60640, USA",,hello@theunderstudy.com,(872) 806-0670,https://theunderstudy.com/,coffee shop,"Chicago, USA",google_maps
Broadway Cafe,"22 E Adams St, Chicago, IL 60603, USA",Our Team Our,broadwaycafechicago@gmail.com,(312) 350-4881,http://www.broadwaycafechicago.com/,cafe,"Chicago, USA",google_maps
First Sip Cafe,"1057 W Argyle St, Chicago, IL 60640, USA",,hello@firstsip.cafe,,http://firstsip.cafe/,coffee shop,"Chicago, USA",google_maps
Prufrock Coffee,"23-25 Leather Ln, London EC1N 7TE, UK",,info@prufrockcoffee.com,,http://www.prufrockcoffee.com/,coffee shop,"London, UK",google_maps
Double J's Cafe,"333 Euston Rd., London NW1 3AD, UK",,doublejscafe@hotmail.co.uk,020 7388 1212,http://www.doublejscafe.com/,cafe,"London, UK",google_maps
Scarlett Green,"4 Noel St, London W1F 8GB, UK",,reservations@daisygreenfood.com,020 3653 2010,http://www.daisygreenfood.com/,breakfast restaurant,"London, UK",google_maps
Dulce Coffee,"86 Whitechapel High St, London E1 7QX, UK",,dulcecafe86@yahoo.com,020 7375 1636,http://www.dulcecoffeeandkitchen.com/,cafe,"London, UK",google_maps
Terry's Cafe | London,"158 Great Suffolk St, London SE1 1PE, UK",,info@terryscafe.co.uk,020 7407 9358,https://www.terryscafe.co.uk/,cafe,"London, UK",google_maps
The Monocle Café,"18 Chiltern St, London W1U 7QA, UK",Natalie Theodosi,hek@monocle.com,020 7135 2040,http://cafe.monocle.com/,cafe,"London, UK",google_maps
The L.A. Cafe,"639 S Spring St, Los Angeles, CA 90014, USA",,info@thelacafe.com,(213) 612-3000,https://www.thelacafe.com/,cafe,"Los Angeles, USA",google_maps
Dalian's Café,"530 S Grand Ave, Los Angeles, CA 90071, USA",,info@dalianscafe.com,(213) 559-0009,http://dalianscafe.com/,coffee shop,"Los Angeles, USA",google_maps
Verve Coffee Roasters,"500 Mateo St #102, Los Angeles, CA 90013, USA",,support@vervecoffee.com,(213) 419-5077,http://www.vervecoffee.com/,coffee shop,"Los Angeles, USA",google_maps
Jurassic Magic Coffee,"1865 S Mansfield Ave, Los Angeles, CA 90019, USA",,rawr@jurassicmagic.xyz,(424) 835-0598,https://www.jurassicmagic.xyz/,coffee shop,"Los Angeles, USA",google_maps
République Café Bakery & République Restaurant,"624 S La Brea Ave, Los Angeles, CA 90036, USA",,events@republiquela.com,(310) 362-6115,http://www.republiquela.com/,french restaurant,"Los Angeles, USA",google_maps
Boxx Coffee Roasters Co.,"950 E 3rd St, Los Angeles, CA 90013, USA",Our Partners With,hello@boxxcoffee.com,(424) 313-2533,http://boxxcoffee.la/,coffee roastery,"Los Angeles, USA",google_maps
Bibble & Sip,"253 W 51st St, New York, NY 10019, USA",,info.bibbleandsip@gmail.com,(646) 649-5116,http://bibbleandsip.com/,bakery,"New York City, USA",google_maps
Cafe Luna,"628 Hudson St, New York, NY 10014, USA",,info@cafelunany.com,(646) 861-1751,http://www.cafelunanewyork.com/,coffee shop,"New York City, USA",google_maps
Urban Backyard,"180 Mulberry St, New York, NY 10012, USA",,hello@urbanbackyardnyc.com,(646) 692-9957,http://www.urbanbackyardnyc.com/,coffee shop,"New York City, USA",google_maps
Sip + Co.,"41 W 58th St, New York, NY 10019, USA",,info@sipandco.co,(516) 960-2283,http://sipandco.co/,coffee shop,"New York City, USA",google_maps
In Common NYC - A Breakfast & Brunch Restaurant,"441 9th Ave Suite 101, New York, NY 10001, USA",,weare@incommonnyc.com,(646) 370-3099,https://www.incommonnyc.com/,breakfast restaurant,"New York City, USA",google_maps
787 Coffee,"204 W 10th St, New York, NY 10014, USA",,hello@787coffee.com,(646) 852-6473,http://www.787coffee.com/,coffee shop,"New York City, USA",google_maps
Grace Street Coffee & Desserts,"17 W 32nd St, New York, NY 10001, USA",,hello@bygracestreet.com,(917) 540-2776,https://www.bygracestreet.com/,dessert restaurant,"New York City, USA",google_maps
Cafe Sydney Restaurant,"Level 5 Customs House, 31 Alfred St, Sydney NSW 2000, Australia",,reservations@cafesydney.com,(02) 9251 8683,http://www.cafesydney.com/,cocktail bar,"Sydney, Australia",google_maps
Paramount Coffee Project,"80 Commonwealth St, Surry Hills NSW 2010, Australia",,hello@paramountcoffeeproject.com.au,0481 148 439,http://www.paramountcoffeeproject.com.au/,cafe,"Sydney, Australia",google_maps
Industry Beans York St,"Shop 2/40 York St, Sydney NSW 2000, Australia",,venues@industrybeans.com,(02) 9188 8501,https://industrybeans.com/pages/york-st-cafe,cafe,"Sydney, Australia",google_maps
Vogue Cafe Sydney,"5/31 Wheat Rd, Sydney NSW 2000, Australia",,reservations@voguecafe.au,(02) 8529 8850,https://voguecafe.au/,restaurant,"Sydney, Australia",google_maps
Skittle Lane,"40 King St, Sydney NSW 2000, Australia",,info@skittlelane.com,,http://skittlelane.com/,coffee shop,"Sydney, Australia",google_maps
Gumption by Coffee Alchemy,"Shop 11, The Strand Arcade, 412-414 George St, Sydney NSW 2000, Australia",,support@coffeealchemy.com.au,(02) 9516 1997,https://coffeealchemy.com.au/pages/gumption,coffee shop,"Sydney, Australia",google_maps
Four Ate Five,"485 Crown St, Surry Hills NSW 2010, Australia",,info@fouratefive.com,(02) 9698 6485,http://www.fouratefive.com/,cafe,"Sydney, Australia",google_maps
FIKA Cafe,"28 Kensington Ave, Toronto, ON M5T 2J9, Canada",,info@fika.ca,,http://www.fika.ca/,cafe,"Toronto, Canada",google_maps
Nabulu Coffee,"6 St Joseph St, Toronto, ON M4Y 1J7, Canada",,info@nabulucoffee.ca,(647) 669-1372,http://www.nabulucoffee.ca/,coffee shop,"Toronto, Canada",google_maps
Butter & Blue,"7 Baldwin St, Toronto, ON M5T 1L1, Canada",,hello@butterandblue.ca,,https://www.butterandblue.ca/,cafe,"Toronto, Canada",google_maps
Twilight Cafe & Bar DT (Dundas),"252 Victoria St, Toronto, ON M5B 1V8, Canada",,twilightcafe.midtown@gmail.com,(416) 815-2233,http://twilightcafe.ca/,cafe,"Toronto, Canada",google_maps
Boxcar Social Laneway,"End of alleyway, 298 Markham St, Toronto, ON M6G 1A5, Canada",,reservations@boxcarsocial.ca,(844) 726-9227,https://boxcarsocial.ca/pages/laneway,cafe,"Toronto, Canada",google_maps
11:59 Bar:Café,"70 Temperance St Unit 1, Toronto, ON M5H 0B2, Canada",,info@1159barcafe.com,(416) 730-8019,http://www.1159barcafe.com/,restaurant,"Toronto, Canada",google_maps
7 West Cafe,"7 Charles St W, Toronto, ON M4Y 1R4, Canada",,7west.management@gmail.com,(416) 928-9041,http://www.7westcafe.com/,cafe,"Toronto, Canada",google_maps
Rooster Coffee House,"568 Jarvis St, Toronto, ON M4Y 0C1, Canada",,hello@roostercoffeehouse.com,(647) 530-4779,http://www.roostercoffeehouse.com/,coffee shop,"Toronto, Canada",google_maps
The Pantry,"Leidsekruisstraat 21, 1017 RE Amsterdam, Netherlands",,info@thepantry.nl,020 620 0922,https://www.thepantry.nl/?redirect=yes,dutch restaurant,"Amsterdam, Netherlands",google_maps
Black and Blue,"Leliegracht 46, 1015 DH Amsterdam, Netherlands",,info@restaurantblackandblue.nl,020 625 0807,https://www.restaurantblackandblue.nl/,steak house,"Amsterdam, Netherlands",google_maps
Restaurant Olijfje,"Valkenburgerstraat 223D, 1011 MJ Amsterdam, Netherlands",,info@restaurantolijfje.nl,020 330 4444,https://www.restaurantolijfje.nl/en,mediterranean restaurant,"Amsterdam, Netherlands",google_maps
De Blauwe Hollander,"Leidsekruisstraat 28, 1017 RJ Amsterdam, Netherlands",,info@deblauwehollander.nl,020 627 0521,https://deblauwehollander.nl/,dutch restaurant,"Amsterdam, Netherlands",google_maps
Blue Amsterdam,"Winkelcentrum Kalverpassage, Singel 457, 1012 WP Amsterdam, Netherlands",,welcome@blue-amsterdam.nl,020 427 3901,http://www.blue-amsterdam.nl/,restaurant,"Amsterdam, Netherlands",google_maps
Florentin brunch,"Eerste Sweelinckstraat 20, 1073 CM Amsterdam, Netherlands",,info@florentinbrunch.com,020 770 5984,http://florentinbrunch.com/,brunch restaurant,"Amsterdam, Netherlands",google_maps
The Seafood Bar,"Damrak 213, 1012 ZH Amsterdam, Netherlands",,info@theseafoodbar.com,020 261 1563,https://www.theseafoodbar.com/,seafood restaurant,"Amsterdam, Netherlands",google_maps
Restaurant De Belhamel,"Brouwersgracht 60, 1013 GX Amsterdam, Netherlands",,info@belhamel.nl,020 622 1095,https://www.belhamel.nl/,french restaurant,"Amsterdam, Netherlands",google_maps
Moeders,"Rozengracht 251, 1016 SX Amsterdam, Netherlands",,info@moeders.com,020 626 7957,http://www.moeders.com/,dutch restaurant,"Amsterdam, Netherlands",google_maps
Restaurant Zaza's,"Daniël Stalpertstraat 103, 1072 XD Amsterdam, Netherlands",,info@zazas.nl,020 673 6333,http://www.zazas.nl/,restaurant,"Amsterdam, Netherlands",google_maps
Pesca Seafood Restaurant Amsterdam,"Rozengracht 133, 1016 LV Amsterdam, Netherlands",,hamburg@pesca.restaurant,020 334 5136,https://pesca.restaurant/,seafood restaurant,"Amsterdam, Netherlands",google_maps
Restaurant Black Olive Amsterdam,"Markenplein 30 A, 1011 MV Amsterdam, Netherlands",,info@restaurantblackolive.nl,06 28079666,http://www.restaurantblackolive.nl/,restaurant,"Amsterdam, Netherlands",google_maps
Senses Restaurant,"Vijzelstraat 45, 1017 HE Amsterdam, Netherlands",,welcome@sensesrestaurant.nl,020 530 6266,http://www.sensesrestaurant.nl/,restaurant,"Amsterdam, Netherlands",google_maps
Café-Restaurant Amsterdam,"Watertorenplein 6, 1051 PA Amsterdam, Netherlands",,info@cradam.nl,020 682 2666,https://cradam.nl/,restaurant,"Amsterdam, Netherlands",google_maps
Café restaurant van Kerkwijk,"Nes 41, 1012 KC Amsterdam, Netherlands",,gaspard@qodeinteractive.com,020 620 3316,https://www.vankerkwijk.com/,restaurant,"Amsterdam, Netherlands",google_maps
Umami by Han Amsterdam,"Overtoom 31HS, 1054 HB Amsterdam, Netherlands",,hello@villenoir.com,020 280 1379,http://umami-restaurant.com/,asian fusion restaurant,"Amsterdam, Netherlands",google_maps
BLESS Restaurant,"Hausvogteipl. 10, 10117 Berlin, Germany",,hello@bless-restaurants.com,030 20619795,https://bless-restaurants.com/,asian restaurant,"Berlin, Germany",google_maps
Schnitzelei Mitte,"Chausseestr. 8, Novalisstraße 11, 10115 Berlin, Germany",,mitte@schnitzelei.de,030 32519422,https://schnitzelei.de/mitte/,german restaurant,"Berlin, Germany",google_maps
Zur Gerichtslaube,"Poststraße 28, 10178 Berlin, Germany",,info@gerichtslaube.de,030 2415697,http://www.gerichtslaube.de/,german restaurant,"Berlin, Germany",google_maps
Amrit,"Oranienburger Str. 45, 10117 Berlin, Germany",,info@amrit.de,030 28884840,https://www.amrit.de/,indian restaurant,"Berlin, Germany",google_maps
Restaurant Facil,"Potsdamer Str. 3, 10785 Berlin, Germany",,welcome@facil.de,030 590051234,https://facil.de/de/,fine dining restaurant,"Berlin, Germany",google_maps
Gaffel Haus Berlin - Das Kölsche Konsulat in der Hauptstadt,"Direkt neben dem Maritim proArte Hotel, Dorotheenstraße 65, 10117 Berlin, Germany",,berlin@gaffel-haus.de,030 31011693,http://www.gaffel-haus-berlin.de/,german restaurant,"Berlin, Germany",google_maps
Restaurant Trattoria Portofino,"Gubener Str. 48, 10243 Berlin, Germany",,info@portofino-trattoria.de,030 23910610,http://www.portofino-trattoria.de/,italian restaurant,"Berlin, Germany",google_maps
Boulevard Friedrichstrasse,"Friedrichstraße 106C, 10117 Berlin, Germany",,mail@boulevard-friedrichstrasse.de,030 2833437,http://www.boulevard.berlin/,german restaurant,"Berlin, Germany",google_maps
Alt-Berliner Wirtshaus,"Wilhelmstraße 77, 10117 Berlin, Germany",,wirtshaus@hamanns-gastronomie.de,030 22488205,http://www.altberliner-wirtshaus.de/,german restaurant,"Berlin, Germany",google_maps
Ständige Vertretung,"Schiffbauerdamm 8, 10117 Berlin, Germany",,berlin@staev.de,030 2823965,https://www.staev.de/berlin-mitte.html,german restaurant,"Berlin, Germany",google_maps
Dicke Wirtin,"Carmerstraße 9, 10623 Berlin, Germany",,post@dicke-wirtin.de,030 3124952,https://dicke-wirtin.de/,german restaurant,"Berlin, Germany",google_maps
Restauration 1840,"Am Zwirngraben 8-10, 10178 Berlin, Germany",,restaurant@berlin-1840.de,030 24727401,https://www.berlin-1840.de/,german restaurant,"Berlin, Germany",google_maps
Alla Vita,"564 W Randolph St, Chicago, IL 60661, USA",,info@allavitachicago.com,(312) 667-0104,https://www.allavitachicago.com/,restaurant,"Chicago, USA",google_maps
Boka,"1729 N Halsted St, Chicago, IL 60614, USA",,events@bokachicago.com,(312) 337-6070,http://www.bokachicago.com/,american restaurant,"Chicago, USA",google_maps
The Berghoff Restaurant,"17 W Adams St, Chicago, IL 60603, USA",,jamaal@berghoff.com,(312) 427-3170,https://www.theberghoff.com/,german restaurant,"Chicago, USA",google_maps
Roanoke Restaurant,"135 W Madison St, Chicago, IL 60602, USA",,info@roanokehospitality.com,(312) 361-3800,http://www.theroanokerestaurant.com/,cocktail bar,"Chicago, USA",google_maps
Cindy's Rooftop,"12 S Michigan Ave, Chicago, IL 60603, USA",,cindysinfo@caa.bokagrp.com,(312) 792-3502,http://www.cindysrooftop.com/,restaurant,"Chicago, USA",google_maps
Bungalow,"407 Main St, Houston, TX 77002, USA",,reservation@alifehospitality.com,(713) 393-7868,https://bungalowdining.com/,steak house,"Houston, USA",google_maps
State of Grace,"3258 Westheimer Rd, Houston, TX 77098, USA",,eventsstateofgrace@rocketfarmrestaurants.com,(832) 942-5080,http://www.stateofgracetx.com/,american restaurant,"Houston, USA",google_maps
JOEY Uptown,"5045 Westheimer Rd Suite X01, Houston, TX 77056, USA",,accessibility@joeyrestaurants.com,(346) 646-5639,https://joeyrestaurants.com/location/joey-uptown,restaurant,"Houston, USA",google_maps
Nancy's Hustle,"2704 Polk St A, Houston, TX 77003, USA",,info@nancyshustle.com,(346) 571-7931,http://nancyshustle.com/,american restaurant,"Houston, USA",google_maps
La Fisheria,"213 Milam St, Houston, TX 77002, USA",,lafisheria.downtown@gmail.com,(713) 802-1712,http://www.lafisheriahtx.com/,mexican restaurant,"Houston, USA",google_maps
Josephine's,"318 Gray St, Houston, TX 77002, USA",,josephinesgulfcoast@gmail.com,(713) 527-8988,https://josephinesgulfcoasttradition.com/,seafood restaurant,"Houston, USA",google_maps
Moxies Houston Restaurant,"5000 Westheimer Rd, Houston, TX 77056, USA",,jdesjardins@eatzhospitality.com,(346) 571-6164,https://moxies.com/restaurants/houston?utm_source=GMB&utm_medium=google-location-listing&utm_campaign=organic,restaurant,"Houston, USA",google_maps
Tattu London,"The Now Building Rooftop, Outernet, Denmark St, London WC2H 0LA, UK",,london@tattu.co.uk,020 3778 1985,https://tattu.co.uk/locations/tattu-london/,asian restaurant,"London, UK",google_maps
HIDE,"85 Piccadilly, London W1J 7NB, UK",,info@hide.co.uk,020 3146 8666,https://hide.co.uk/?utm_source=gbp&utm_medium=organic,fine dining restaurant,"London, UK",google_maps
The Wolseley,"160 Piccadilly, London W1J 9EB, UK",,reservations@thewolseley.com,020 7499 6996,http://www.thewolseley.com/,british restaurant,"London, UK",google_maps
Rules,"35 Maiden Ln, London WC2E 7LB, UK",,pr@rules.co.uk,020 7836 5314,http://www.rules.co.uk/,british restaurant,"London, UK",google_maps
Blacklock Covent Garden,"16a Bedford St, London WC2E 9HE, UK",,coventgarden@theblacklock.com,020 3034 1394,https://theblacklock.com/coventgarden-reservations/?utm_source=GMB&utm_medium=website+click&utm_campaign=SDM&utm_id=GMB,restaurant,"London, UK",google_maps
Berners Tavern,"10 Berners St, London W1T 3NP, UK",The Team Contact,eh.loneb.events@editionhotels.com,020 7908 7979,http://www.bernerstavern.com/,british restaurant,"London, UK",google_maps
Ekstedt at The Yard,"3-5 Great Scotland Yard, London SW1A 2HN, UK",,enquiries.ekstedt@greatscotlandyard.com,020 7925 4749,https://www.ekstedtattheyard.com/,scandinavian restaurant,"London, UK",google_maps
Bantof,"31 Great Windmill St, London W1D 7LW, UK",,info@bantof.com,07548 373755,https://bantof.com/,restaurant,"London, UK",google_maps
OMA,"3 Bedale St, London SE1 9AL, UK",,hello@oma.london,020 8129 6760,http://oma.london/,greek restaurant,"London, UK",google_maps
Nonos,"112 Judd St, London WC1H 9NT, UK",,contact@nonos.co.uk,020 7278 9700,http://nonos.co.uk/,greek restaurant,"London, UK",google_maps
Osteria romana,"3-4 Park Cl, London SW1X 7PQ, UK",,info@osteriaromana.co.uk,020 7584 5819,http://osteriaromana.co.uk/,italian restaurant,"London, UK",google_maps
Inca London,"8-9 Argyll St, London W1F 7TF, UK",,reservations@incalondon.com,020 7734 6066,http://www.incalondon.com/home,south american restaurant,"London, UK",google_maps
Redbird,"114 E 2nd St, Los Angeles, CA 90012, USA",,info@redbird.la,(213) 788-1191,http://www.redbird.la/,brunch restaurant,"Los Angeles, USA",google_maps
Philippe The Original,"1001 N Alameda St, Los Angeles, CA 90012, USA",,customerservice@philippes.com,(213) 628-3781,https://www.philippes.com/,sandwich shop,"Los Angeles, USA",google_maps
Oste,"8142 W 3rd St, Los Angeles, CA 90048, USA",,ostelosangeles@outlook.com,(323) 413-2372,http://ostelosangeles.com/,italian restaurant,"Los Angeles, USA",google_maps
Farmer's Daughters,"95 Exhibition Street, 80 Collins Precinct, Melbourne VIC 3000, Australia",,info@farmersdaughters.com.au,(03) 9116 8682,https://www.farmersdaughters.com.au/?utm_source=Google&utm_medium=GMB&utm_campaign=Map,restaurant,"Melbourne, Australia",google_maps
NOMAD Melbourne,"187 Flinders Ln, Melbourne VIC 3000, Australia",,eat@nomad.melbourne,(03) 9021 5240,https://nomad.melbourne/,restaurant,"Melbourne, Australia",google_maps
Maha Restaurant,"21 Bond St, Melbourne VIC 3000, Australia",,admin@maharestaurant.com.au,(03) 9629 5900,http://maharestaurant.com.au/,middle eastern restaurant,"Melbourne, Australia",google_maps
Freyja,"477 Collins St, Melbourne VIC 3000, Australia",,hello@freyjarestaurant.com,(03) 8688 7141,https://www.freyjarestaurant.com/,restaurant,"Melbourne, Australia",google_maps
Gimlet,"33 Russell St, Melbourne VIC 3000, Australia",,frontdesk@gimlet.melbourne,(03) 9277 9777,https://gimlet.melbourne/,restaurant,"Melbourne, Australia",google_maps
La Cucina Melbourne,"Corner of Cosgrave lane, opposite Holey Moley, 628 Little Bourke St, Melbourne VIC 3000, Australia",,info@lacucinamelbourne.com.au,(03) 8456 7682,https://www.lacucinamelbourne.com.au/,italian restaurant,"Melbourne, Australia",google_maps
Supernormal,"180 Flinders Ln, Melbourne VIC 3000, Australia",,info@supernormal.net.au,(03) 9650 8688,http://www.supernormal.net.au/,asian fusion restaurant,"Melbourne, Australia",google_maps
Palermo,"401 Little Bourke St, Melbourne VIC 3000, Australia",,info@palermo.melbourne,(03) 9002 1600,https://www.palermo.melbourne/?utm_source=google&utm_medium=gmb,argentinian restaurant,"Melbourne, Australia",google_maps
Tipo 00,"361 Little Bourke St, Melbourne VIC 3000, Australia",,eat@tipooo.com.au,(03) 9942 3946,https://www.tipo00.com.au/,italian restaurant,"Melbourne, Australia",google_maps
Vue de monde,"55 Rialto Towers, 525 Collins St, Melbourne VIC 3000, Australia",,vuedemonde@vuedemonde.com.au,(03) 9691 3888,http://www.vuedemonde.com.au/,fine dining restaurant,"Melbourne, Australia",google_maps
Kiss & Tell,"Level 1/37-41 Little Bourke St, Melbourne VIC 3000, Australia",,info@mamasdininggroup.com.au,(03) 9095 6614,http://kissandtell.melbourne/,asian fusion restaurant,"Melbourne, Australia",google_maps
Society,"80 Collins St, Melbourne VIC 3000, Australia",,bookings@societyrestaurant.com,(03) 8618 8900,https://www.societyrestaurant.com/,restaurant,"Melbourne, Australia",google_maps
The George on Collins,"162-168 Collins St, Melbourne VIC 3000, Australia",,info@thegeorgeoncollins.com.au,(03) 9663 7226,http://www.thegeorgeoncollins.com.au/,asian restaurant,"Melbourne, Australia",google_maps
Sezar Restaurant,"6 Melbourne Pl, Melbourne VIC 3000, Australia",,info@sezar.com.au,(03) 9663 9882,http://sezar.com.au/,eastern european restaurant,"Melbourne, Australia",google_maps
MoVida,"1 Hosier Ln, Melbourne VIC 3000, Australia",,reservations@movida.com.au,(03) 9663 3038,https://www.movida.com.au/,spanish restaurant,"Melbourne, Australia",google_maps
Osteria Ilaria,"367 Little Bourke St, Melbourne VIC 3000, Australia",,eat@osteriailaria.com,(03) 9642 2287,http://www.osteriailaria.com/,italian restaurant,"Melbourne, Australia",google_maps
Chin Chin,"125 Flinders Ln, Melbourne VIC 3000, Australia",,eat@chinchinrestaurant.com.au,(03) 8663 2000,https://www.chinchin.melbourne/,asian restaurant,"Melbourne, Australia",google_maps
Meatmaiden,"195 Little Collins St, Melbourne VIC 3000, Australia",,info@meatmaiden.com.au,(03) 9078 7747,http://www.meatmaiden.com.au/,steak house,"Melbourne, Australia",google_maps
Crazy About You,"1155 Brickell Bay Dr PH101, Miami, FL 33131, USA",,info@passionrestaurantgroup.com,(305) 377-4442,https://passionrestaurantgroup.com/restaurants/crazy-about-you/,american restaurant,"Miami, USA",google_maps
CASA NEOS,"40 SW North River Dr, Miami, FL 33128, USA",,reservations@casa-neos.com,(305) 800-6367,https://www.casa-neos.com/,mediterranean restaurant,"Miami, USA",google_maps
Gordon Ramsay Hell's Kitchen - Miami,"333 Biscayne Blvd Way, Miami, FL 33131, USA",,rgrhigh@gordonramsay.com,(786) 688-0082,https://www.gordonramsayrestaurants.com/en/us/hells-kitchen/locations/miami,restaurant,"Miami, USA",google_maps
Komodo Miami,"801 Brickell Ave, Miami, FL 33131, USA",,info@komodomiami.com,(305) 534-2211,https://komodomiami.com/,restaurant,"Miami, USA",google_maps
Fiore Caffe Miami,"228 SE 1st St, Miami, FL 33131, USA",,fiorecafemiami@gmail.com,(786) 558-5152,https://fiorecaffemiami.com/,breakfast restaurant,"Miami, USA",google_maps
Mayami Wynwood,"127 NW 23rd St, Miami, FL 33127, USA",,info@mayamiwynwood.com,(786) 660-1341,https://www.mayamiwynwood.com/,restaurant,"Miami, USA",google_maps
Marabu Restaurant,"701 S Miami Ave Fl 4, Miami, FL 33131, USA",,hello@maraburestaurant.com,(786) 598-8012,https://www.maraburestaurant.com/,restaurant,"Miami, USA",google_maps
Moxies Miami Restaurant,"900 S Miami Ave #161, Miami, FL 33130, USA",,adeleon@eatzhospitality.com,(305) 549-8997,https://moxies.com/restaurants/miami-mary-brickell?utm_source=GMB&utm_medium=google-location-listing&utm_campaign=organic,restaurant,"Miami, USA",google_maps
Santorini by Georgios,"101 Ocean Dr # 101, Miami Beach, FL 33139, USA",,groups@santorinibygeorgios.com,(305) 672-6624,https://santorinibygeorgios.com/,greek restaurant,"Miami, USA",google_maps
Nusr-Et Steakhouse,"999 Brickell Ave, Miami, FL 33131, USA",,michelle.sabel@nusr-etus.com,(305) 415-9990,https://www.nusr-et.com.tr/distinctive-venues/miami.5.aspx?&utm_source=google+business+profile&utm_medium=organic&utm_content=gbp+link+website&utm_creative_format=gbp+link+website&business_id=15624168890025590037,steak house,"Miami, USA",google_maps
La Grande Boucherie,"145 W 53rd St, New York, NY 10019, USA",,contact_chicago@boucherieus.com,(212) 510-7714,https://www.boucherieus.com/,french restaurant,"New York City, USA",google_maps
The Smith,"1150 Broadway, New York, NY 10010, USA",,info@thesmithrestaurant.com,(212) 685-4500,https://thesmithrestaurant.com/location/nomad/,american restaurant,"New York City, USA",google_maps
Butter,"70 W 45th St, New York, NY 10036, USA",,reservations@butterrestaurant.com,(646) 719-1364,http://www.butterrestaurant.com/,american restaurant,"New York City, USA",google_maps
1803 NYC,"82 Reade St, New York, NY 10007, USA",,1803nyc@gmail.com,(212) 267-3000,https://1803nyc.com/,cajun restaurant,"New York City, USA",google_maps
Eataly,"101 Liberty St, New York, NY 10007, USA",Our Makers,customerservice@eataly.com,(212) 897-2895,https://www.eataly.com/us_en/stores/nyc-downtown/restaurants,italian restaurant,"New York City, USA",google_maps
Minetta Tavern,"113 MacDougal St, New York, NY 10012, USA",,events@minettatavernny.com,(212) 475-3850,http://www.minettatavernny.com/,french restaurant,"New York City, USA",google_maps
Atera,"77 Worth St, New York, NY 10013, USA",,reservations@ateranyc.com,(212) 226-1444,http://www.ateranyc.com/,american restaurant,"New York City, USA",google_maps
Le Marais Restaurant Paris,"47 R. de Turbigo, 75003 Paris, France",Cem A.,contact@privateaser.com,09 87 36 09 13,https://www.privateaser.com/lieu/44897-le-marais-restaurant,mediterranean restaurant,"Paris, France",google_maps
Chouchou,"23 Bd de Sébastopol, 75001 Paris, France",,restauchouchou@gmail.com,01 45 08 02 03,http://www.restaurantchouchouparis.fr/,french restaurant,"Paris, France",google_maps
Epicure,"112 Rue du Faubourg Saint-Honoré, 75008 Paris, France",Arnaud Faye,epicure@oetkerhotels.com,01 53 43 43 40,https://www.oetkerhotels.com/hotels/le-bristol-paris/restaurants-bars/epicure/?utm_source=google&utm_medium=organic&utm_campaign=google_local_epicure,fine dining restaurant,"Paris, France",google_maps
Restaurant Guy Savoy,"11 Quai de Conti, 75006 Paris, France",,reserv@guysavoy.com,01 43 80 40 61,http://www.guysavoy.com/,french restaurant,"Paris, France",google_maps
Au Vieux Comptoir,"17 Rue des Lavandières Sainte-Opportune, 75001 Paris, France",,auvieuxcomptoir@gmail.com,01 45 08 53 08,https://www.au-vieux-comptoir.com/,french restaurant,"Paris, France",google_maps
Pur' - Jean-François Rouquette,"5 Rue de la Paix, 75002 Paris, France",,reservations.restaurants@hyatt.com,01 58 71 10 60,https://www.paris-restaurant-pur.fr/,fine dining restaurant,"Paris, France",google_maps
Hustlers. Syd,"LG/24 York St, Sydney NSW 2000, Australia",,hello@hustlerssyd.com.au,0402 641 929,http://www.hustlerssyd.com.au/,asian fusion restaurant,"Sydney, Australia",google_maps
The Blue Door,"8/38 Waterloo St, Surry Hills NSW 2010, Australia",,eat@thebluedoorsurryhills.com.au,0417 909 635,http://www.thebluedoorsurryhills.com.au/,fine dining restaurant,"Sydney, Australia",google_maps
Bennelong,"Sydney Opera House, Bennelong Point, Sydney NSW 2000, Australia",The Team,reservations@bennelong.com.au,(02) 9240 8000,http://www.bennelong.com.au/,australian restaurant,"Sydney, Australia",google_maps
Aalia Restaurant Sydney,"Shop 7.07-7.08/25 Martin Pl, Sydney NSW 2000, Australia",,info@aaliarestaurant.com,(02) 9182 5880,https://www.aaliarestaurant.com/?utm_content=AALIA+Restaurant+Sydney&utm_campaign=Google+My+Business&utm_medium=organic&utm_source=google&utm_term=plcid_6952976032146166324,middle eastern restaurant,"Sydney, Australia",google_maps
Cafe Medina,"780 Richards St, Vancouver, BC V6B 2W1, Canada",,reservations@medinacafe.com,(604) 879-3114,http://www.medinacafe.com/,cafe,"Vancouver, Canada",google_maps
"Perfecto Cafe, Bakery & Gelato (Davie)","605 Davie St, Vancouver, BC V6B 2G6, Canada",,info@perfectocafe.ca,(604) 428-2112,https://www.perfectocafe.ca/,cafe,"Vancouver, Canada",google_maps
New Amsterdam Cafe,"301 W Hastings St, Vancouver, BC V6B 1H6, Canada",,hi@newamsterdamcafe.com,(604) 682-8955,http://newamsterdamcafe.com/,restaurant,"Vancouver, Canada",google_maps
Prototype Coffee,"883 E Hastings St, Vancouver, BC V6A 1R8, Canada",,coffee@prototypecoffee.ca,(604) 251-6451,https://www.prototypecoffee.ca/,cafe,"Vancouver, Canada",google_maps
Nelson the Seagull Cafe | Sourdough Baked Daily,"315 Carrall St, Vancouver, BC V6B 2J4, Canada",,info@nelsontheseagull.com,(604) 681-5776,http://www.nelsontheseagull.com/,cafe,"Vancouver, Canada",google_maps
Café Intermezzo - Midtown,"1065 Peachtree St NE, Atlanta, GA 30309, USA",,polson@cafeintermezzo.com,(404) 355-0411,http://www.cafeintermezzo.com/,cafe,"Atlanta, USA",google_maps
Black Coffee Atlanta,"1800 Jonesboro Rd SE Suite C, Atlanta, GA 30315, USA",,contact@theblackcoffeecompany.com,(404) 482-1098,https://www.theblackcoffeecompany.com/black-coffee-atl,coffee shop,"Atlanta, USA",google_maps
Carroll Street Cafe,"208 Carroll St SE, Atlanta, GA 30312, USA",,carrollstreetcafe@gmail.com,(404) 577-2700,http://carrollstreetcabbagetown.com/,cafe,"Atlanta, USA",google_maps
Café Lucia,"57 Forsyth St NW, Atlanta, GA 30303, USA",,cafelucia.shop@gmail.com,(404) 968-9658,http://cafelucia.shop/,coffee shop,"Atlanta, USA",google_maps
Drip,"928 Garrett St B, Atlanta, GA 30316, USA",,dripatl@hotmail.com,(404) 627-7375,http://www.dripatlanta.com/,coffee shop,"Atlanta, USA",google_maps
Omni Coffee & Eggs,"261 Peters St SW, Atlanta, GA 30313, USA",,info@omnicoffeeandeggs.com,(404) 254-2029,http://omnicoffeeandeggs.com/,cafe,"Atlanta, USA",google_maps
Condesa Coffee,"480 John Wesley Dobbs Ave NE UNIT 100, Atlanta, GA 30312, USA",,info@condesacoffee.com,(404) 524-5054,http://www.condesacoffee.com/oldfourthward,coffee shop,"Atlanta, USA",google_maps
Black Coffee ATL,"1246 Allene Ave SW, Atlanta, GA 30310, USA",,westside@blackcoffeeatl.com,(404) 343-1565,http://www.blackcoffeeatl.com/,coffee shop,"Atlanta, USA",google_maps
The Coffee House Barcelona,"Carrer de València, 143, Eixample, 08011 Barcelona, Spain",,thecoffeehousebcn@gmail.com,631 05 08 36,https://www.thecoffeehousebcn.com/,brunch restaurant,"Barcelona, Spain",google_maps
Dalston Coffee Barcelona - Cafè d'especialitat - Coffee Roasters,"Carrer de les Ramelleres, 16, Ciutat Vella, 08001 Barcelona, Spain",,info@dalstoncoffee.com,623 98 27 94,http://www.dalstoncoffee.com/,cafe,"Barcelona, Spain",google_maps
Vera Cafè,"Carrer d'En Mònec, 6, Ciutat Vella, 08003 Barcelona, Spain",,veraacoffee@gmail.com,638 53 67 02,http://veraacafe.com/,coffee shop,"Barcelona, Spain",google_maps
Bloome By Sasha | Brunch Sin Gluten Gótico,"Via Laietana, 45, Ciutat Vella, 08003 Barcelona, Spain",,bloomebysasha@gmail.com,602 50 03 35,https://www.bloomebysasha.es/brunch-gotico,dog cafe,"Barcelona, Spain",google_maps
Roast Club Café,"Carrer de València, 190, Eixample, 08011 Barcelona, Spain",,info@roastclub.coffee,935 18 77 11,http://roastclub.coffee/,cafe,"Barcelona, Spain",google_maps
paradero | Barcelona,"Carrer del Comte Borrell, 107, Eixample, 08015 Barcelona, Spain",,info@paradero.eu,613 03 09 14,http://www.paradero.eu/,cafeteria,"Barcelona, Spain",google_maps
Three Marks Coffee,"Carrer d'Ausiàs Marc, 151, Eixample, 08013 Barcelona, Spain",,club@threemarkscoffee.com,617 82 42 84,http://www.threemarkscoffee.com/,coffee shop,"Barcelona, Spain",google_maps
NOVELA - COFFEE / BRUNCH / COCKTAILS,"Carrer d'Ausiàs Marc, 31, Eixample, 08010 Barcelona, Spain",,info@novelabcn.com,931 65 34 40,http://www.novelabcn.com/,brunch restaurant,"Barcelona, Spain",google_maps
Joe's Café Dubai,"fashion Avenue First Floor, Dubai Mall Star Atrium - Gate 6 - Burj Khalifa - Downtown Dubai - Dubai - United Arab Emirates",,joescafedubai@binhendiholding.com,04 320 0040,https://www.joescafedubai.com/,restaurant,"Dubai, UAE",google_maps
Hoof Dubai Mall,Dubai Mall service road - Burj Khalifa - Downtown Dubai - Dubai - United Arab Emirates,,info@behindthecup.ae,04 332 9950,https://behindthecup.ae/,coffee shop,"Dubai, UAE",google_maps
"Arabian Tea House Restaurant & Cafe - Al Fahidi, Dubai",Bastakiya Opposite Musalla Post Office - Al Fahidi St - Bur Dubai - Al Fahidi - Dubai - United Arab Emirates,,info@arabianteahouse.com,04 353 5071,http://www.arabianteahouse.com/,middle eastern restaurant,"Dubai, UAE",google_maps
Ores Cafe,Street - 442 شارع الوصل - opposite Boxpark - جميرا - جميرا الثانية - دبي - United Arab Emirates,,info@orescafe.com,050 945 4111,http://orescafe.com/,cafe,"Dubai, UAE",google_maps
Nargileci Eleven Cafe,Building Al Emreef St - Marsa Dubai - Dubai Marina - Dubai - United Arab Emirates,,nargileci@neleven.ae,04 591 1612,https://nargileci.neleven.ae/,cafe,"Dubai, UAE",google_maps
Nomad Day Bar,25hours Hotel Dubai One Central - شارع المستقبل - off شارع الشيخ زايد - المركز التجاري الثانية - دبي - United Arab Emirates,,coffee@nomaddaybar.com,04 210 2522,https://www.nomaddaybar.com/,cafe,"Dubai, UAE",google_maps
TEN 11 (The Dubai Mall),Level 2 Fashion Avenue The Dubai Mall - برج خليفة - وسط مدينة دبي - دبي - United Arab Emirates,The Managing Director,ten11cafe@gmail.com,600 533339,https://www.ten11cafe.ae/,coffee shop,"Dubai, UAE",google_maps
Stomping Grounds,98 12D St - Jumeirah - Jumeirah 1 - Dubai - United Arab Emirates,,info@stompinggrounds.ae,04 344 4451,http://www.stompinggrounds.ae/,cafe,"Dubai, UAE",google_maps
Bruncho,"270 Deansgate, Manchester M3 4JB, UK",,info@oralounge.uk,07708 433823,https://bruncho.co.uk/,cafe,"Manchester, UK",google_maps
Evelyn's,"44 Tib St, Manchester M4 1LA, UK",,hello@evelyns.co,0161 834 3303,http://www.evelyns.co/,restaurant,"Manchester, UK",google_maps
Sugar Junction,"60 Tib St, Manchester M4 1LG, UK",,sugarjunctionmcr@gmail.com,0161 839 4753,http://www.sugarjunction.co.uk/,cafe,"Manchester, UK",google_maps
Cafe North,"66 Shudehill, Manchester M4 4AA, UK",,cafenorth@outlook.com,0161 637 7480,http://www.cafenorth.org/,cafe,"Manchester, UK",google_maps
The Koffee Pot,"84-86 Oldham St, Manchester M4 1LE, UK",,hello@thekoffeepot.co.uk,0161 236 8918,https://www.thekoffeepot.co.uk/menus,brunch restaurant,"Manchester, UK",google_maps
The Populus,"146 Neil Rd, Singapore 088875",,enquiries@thepopuluscafe.com,6635 8420,https://thepopulus.cafe/,cafe,Singapore,google_maps
Common Man Coffee Roasters - Martin Road,"22 Martin Rd, #01-00, Singapore 239058",,training@cmcroasters.com,6836 4695,https://commonmancoffeeroasters.com/?utm_source=google&utm_medium=organic&utm_campaign=gmb_martin_road,cafe,Singapore,google_maps
MERCI MARCEL ORCHARD,"390 Orchard Road, 01-03 Palais Renaissance, 390 Orchard Rd, #01 - 03 / 04, Singapore 238871",,hello@mercimarcelgroup.com,6970 9792,http://www.mercimarcelgroup.com/,french restaurant,Singapore,google_maps
Rise Bakehouse @ TripleOne Somerset,"111 Somerset Rd, #01-05 TripleOne Somerset, Singapore 238164",,hello@risebakehouse.sg,8928 9111,https://risebakehouse.sg/,cafe,Singapore,google_maps
Brunches Cafe,"96 Rangoon Rd, Singapore 218381",,contactus@brunches.sg,8685 8488,http://brunches.sg/,cafe,Singapore,google_maps
Wildseed Café at The Summerhouse,"3 Park Ln, Level 1A Seletar Aerospace Drive, Singapore 798387",,enquiry@thesummerhouse.sg,8126 7524,https://www.wildseedcafe.sg/the-summerhouse,cafe,Singapore,google_maps
Cafe de Muse - The Restaurant,"350 Orchard Road, Shaw House, #01-K5/K6 Orchard, Singapore 238868",,jris@cafedemusesg.com,6970 5011,https://www.cafedemusesg.com/,restaurant,Singapore,google_maps
Wildseed Cafe At The Garage,"50 Cluny Park Rd, Level 1 Singapore Botanic Gardens, Singapore 257488",,wildseedcafesbg@thegarage.sg,9815 3213,https://www.wildseedcafe.sg/the-garage,cafe,Singapore,google_maps
CAFE KREAMS,"32 Maxwell Rd, #01-07 Maxwell Chambers, Singapore 069115",,admin@mininve.com,9673 2307,http://www.kreams.sg/,cafe,Singapore,google_maps
The Book Cafe,"20 Martin Rd, #01-02 Seng Kee Building, Singapore 239070",,info@thebookcafe.com.sg,6887 5430,https://www.thebookcafesg.com/,cafe,Singapore,google_maps
Le Jardin Cafe | Fort Canning,"5 Cox Terrace, Level 2 Fort Canning Arts Centre, Singapore 179620",,enquiries@lejardin.com.sg,8870 9977,http://www.lejardin.com.sg/,european restaurant,Singapore,google_maps
Atlas Coffeehouse,"6 Duke's Rd, Singapore 268886",,hello@atlascoffeehouse.com.sg,6314 2674,http://www.atlascoffeehouse.com.sg/,cafe,Singapore,google_maps
Symmetry,"9 Jln Kubor, #01-01, Singapore 199206",,info@symmetry.com.sg,6291 9901,http://www.symmetry.com.sg/,coffee shop,Singapore,google_maps
Chuffed,"43 High Street, Auckland CBD, Auckland 1010, New Zealand",,chuffedbooking@gmail.com,09 367 6801,https://www.chuffed.co.nz/,cafe,"Auckland, New Zealand",google_maps
Scarecrow Mediterranean Cafe,"33 Victoria Street East, Auckland 1010, New Zealand",,store@scarecrow.co.nz,09 377 1333,http://scarecrow.co.nz/,cafe,"Auckland, New Zealand",google_maps
Crave,"6 Morningside Drive, Morningside, Auckland 1025, New Zealand",,bookings@cravecafe.co.nz,09 845 4714,http://cravecafe.co.nz/,cafe,"Auckland, New Zealand",google_maps
MELBA Vulcan,"33 Vulcan Lane, Auckland CBD, Auckland 1010, New Zealand",,vulcan@melba.nz,09 377 0091,https://melba.nz/vulcan-lane,cafe,"Auckland, New Zealand",google_maps
Honey Cafe CBD,"44/46 Lorne Street, Auckland CBD, Auckland 1010, New Zealand",,honeycafecbd2025@gmail.com,09 300 6327,https://honeycafe.co.nz/cbd/,cafe,"Auckland, New Zealand",google_maps
FLUFF Cafe & Eatery,"Unit 7G/38 Khyber Pass Road, Grafton, Auckland 1023, New Zealand",,info@fluffhouse.co.nz,09 282 1206,https://www.fluffhouse.co.nz/,coffee shop,"Auckland, New Zealand",google_maps
Little Q,"460 New North Road, Kingsland, Auckland 1021, New Zealand",,cafe@littleq.co.nz,09 815 0660,https://littleq.co.nz/,cafe,"Auckland, New Zealand",google_maps
Winona Forever,"100 Parnell Road, Parnell, Auckland 1052, New Zealand",,info@winonaforever.co.nz,09 974 2796,http://winonaforever.co.nz/,cafe,"Auckland, New Zealand",google_maps
Bahar Bakery & Cafe,"579 Robson St, Vancouver, BC V6B 1A6, Canada",,baharbakerycafe@gmail.com,,https://www.baharbakery.ca/,bakery,"Vancouver, Canada",google_maps
Ezra & Gil,"20 Hilton St, Manchester M1 1FR, UK",,hello@ezraandgil.co.uk,,http://www.ezraandgil.com/,cafe,"Manchester, UK",google_maps
POT KETTLE BLACK Barton Arcade,"Manchester M3 2BW, UK",,hello@potkettleblackltd.co.uk,,https://potkettleblackltd.co.uk/,cafe,"Manchester, UK",google_maps
Federal Cafe Bar,"Unit B2 - 2, Circle Square, Oxford Rd, Manchester M1 7FS, UK",,jobs@federalcafe.co.uk,,https://www.federalcafe.co.uk/,brunch restaurant,"Manchester, UK",google_maps
Bestie Cafe,"179/183 Karangahape Road, Auckland CBD, Auckland 1010, New Zealand",,info@bestiecafe.co.nz,,http://bestiecafe.co.nz/,cafe,"Auckland, New Zealand",google_maps
Prix d'Ami.,"Haringpakkerssteeg 3, 1012 LR Amsterdam, Netherlands",The Bong,info@prixdami.nl,,https://www.prixdami.nl/?utm_source=GMB&utm_medium=organic&utm_campaign=website,coffee shop,"Amsterdam, Netherlands",google_maps
De Koffieschenkerij,"Oudekerksplein 27, 1012 GX Amsterdam, Netherlands",,info@koffieschenkerij.com,,http://www.koffieschenkerij.com/,coffee shop,"Amsterdam, Netherlands",google_maps
Bloom Coffee Co.,"2025 Peachtree Rd NW, Atlanta, GA 30309, USA",,bloomcoffeecoatl@gmail.com,(404) 343-6631,http://bloomcoffeecoatl.com/,coffee shop,"Atlanta, USA",google_maps
Con Leche Coffee,"181 Flat Shoals Ave SE Unit 1, Atlanta, GA 30316, USA",,hola@conlechecoffee.com,(678) 904-9299,https://www.conleche.com/,coffee shop,"Atlanta, USA",google_maps
Peoples Town Coffee Bar,"55 Milton Ave SE Suite A, Atlanta, GA 30315, USA",,hey@peoplestowncoffee.com,(678) 310-5663,http://www.peoplestowncoffee.com/,coffee shop,"Atlanta, USA",google_maps
Grant Park Coffeehouse,"337 Georgia Ave SE, Atlanta, GA 30312, USA",,filler@godaddy.com,(404) 856-0433,https://www.grantparkcoffeehouse.com/,coffee shop,"Atlanta, USA",google_maps
Allpress Roastery Auckland,"8 Drake Street, Freemans Bay, Auckland 1010, New Zealand",,coffee@allpress.co.nz,09 307 5555,https://nz.allpressespresso.com/find/auckland-roastery?utm_source=google&utm_medium=organic&utm_campaign=mybusiness,coffee shop,"Auckland, New Zealand",google_maps
The Pantry,"Park Hyatt Auckland 99 Halsey Street, Auckland CBD, Auckland 1010, New Zealand",,thepantry@hyatt.com,09 366 2501,https://hyattpantry.co.nz/,cafe,"Auckland, New Zealand",google_maps
Kaffee Momente Berlin - Café Berlin,"Bötzowstraße 21, 10407 Berlin, Germany",,kaffeemomente@gmail.com,01573 2192174,https://kaffee-momente.eatbu.com/?lang=de,coffee shop,"Berlin, Germany",google_maps
nur coffee Berlin,"Friedrichstraße 183, 10117 Berlin, Germany",,berlin@nurcoffee.de,01522 5364827,https://nurcoffee.de/,coffee shop,"Berlin, Germany",google_maps
Distrikt coffee,"Bergstraße 68, 10115 Berlin, Germany",,info@distriktcoffee.de,,http://distriktcoffee.de/,coffee shop,"Berlin, Germany",google_maps
Oslo Kaffebar,"Eichendorffstraße 13, 10115 Berlin, Germany",,oslokaffebar@gmail.com,,http://www.oslokaffebar.co/,coffee shop,"Berlin, Germany",google_maps
Silo Coffee,"Gabriel-Max-Straße 4, 10245 Berlin, Germany",,hello@silo-coffee.com,030 62608833,https://www.silo-coffee.com/,coffee shop,"Berlin, Germany",google_maps
DV Café Especial.,"Centro histórico, Cl. 12b #4-06, La Candelaria, Bogotá, Colombia",,experiencias@divinocafeespecial.com,317 3810597,https://www.divinocafeespecial.com/,food store,"Bogotá, Colombia",google_maps
Casa Café Cultor,"Cl. 70a #9 - 44 Casa, Bogotá, Colombia",,tienda.casa@cafecultor.co,315 5431596,https://www.cafecultor.co/,cafe,"Bogotá, Colombia",google_maps
Arte y pasión Café: Escuela de baristas,"Cl. 10 #8 - 87, Bogotá, Colombia",,arteypasioncafe@gmail.com,317 5097835,https://arteypasioncafe.com/,cafe,"Bogotá, Colombia",google_maps
Juan Valdez - Zona G,"Cl. 70 #6 – 09, Chapinero, Bogotá, Cundinamarca, Colombia",,cuentaconjuan@juanvaldezcafe.com,,https://juanvaldez.com/,coffee shop,"Bogotá, Colombia",google_maps
Café Tortoni,"Av. de Mayo 825, C1084 Cdad. Autónoma de Buenos Aires, Argentina",,tortoni@cafetortoni.com.ar,011 4342-4328,http://www.cafetortoni.com.ar/,coffee shop,"Buenos Aires, Argentina",google_maps
Full City Coffee Roasters,"Thames 1535, C1414 Cdad. Autónoma de Buenos Aires, Argentina",,oraclegym@gmail.com,,http://www.fullcity.com.ar/,coffee shop,"Buenos Aires, Argentina",google_maps
Origin Coffee Roasting,"28 Hudson St, De Waterkant, Cape Town, 8001, South Africa",,info@originroasting.co.za,021 421 1000,http://originroasting.co.za/,coffee roastery,"Cape Town, South Africa",google_maps
The Ladder,"136 Bree St, Cape Town City Centre, Cape Town, 8001, South Africa",,theladderon136@gmail.com,082 451 1572,http://www.theladderon136.com/,cafe,"Cape Town, South Africa",google_maps
Ground Art Caffe,"160 Strand St, De Waterkant, Cape Town, 8001, South Africa",,info@groundartcaffe.co.za,021 418 1331,http://www.groundartcaffe.co.za/,coffee shop,"Cape Town, South Africa",google_maps
Boston Coffee Roasters,"Cleveland St, Boston, Cape Town, 7530, South Africa",,info@bostoncoffee.co.za,066 374 2420,http://www.bostoncoffee.co.za/,coffee shop,"Cape Town, South Africa",google_maps
Kamili Coffee on Long,"29 Shortmarket St &, Long St, Cape Town City Centre, Cape Town, 8000, South Africa",,info@kamilicoffee.co.za,083 226 4426,https://kamilicoffee.co.za/?utm_source=GMB&utm_medium=Long-Street-Listing,coffee shop,"Cape Town, South Africa",google_maps
The KAYA Cafe,"35 Loop St, Cape Town City Centre, Cape Town, 8001, South Africa",,hello.kayacafe@gmail.com,,https://thekayacafe.co.za/,coffee shop,"Cape Town, South Africa",google_maps
Sonder Café,"79 Lower Main Rd, Observatory, Cape Town, 7925, South Africa",,sonderobz@gmail.com,083 394 6672,http://sonderobz.com/,coffee shop,"Cape Town, South Africa",google_maps
The Blue Cafe,"13 Brownlow Rd, Tamboerskloof, Cape Town, 8001, South Africa",,laughing@thebluecafe.co.za,021 426 0250,http://www.thebluecafe.co.za/,coffee shop,"Cape Town, South Africa",google_maps
Roasters Specialty Coffee House Creek Harbour,Al Kheeran First - Dubai Creek Harbour - Dubai - United Arab Emirates,Elena Savina Marketing,beans@roasterscoffee.ae,058 585 7686,http://www.roasterscoffee.ae/,coffee shop,"Dubai, UAE",google_maps
The Patisserie at Address Sky View,sk - Burj Khalifa - Dubai - United Arab Emirates,,dineatskyview@addresshotels.com,04 873 8888,https://www.addresshotels.com/en/restaurant/patisserie-at-address-sky-view/,coffee shop,"Dubai, UAE",google_maps
Caju Coffee House,"Caju Cafe, Al Manzil - GF-801 - Burj Khalifa - Yansoon - Dubai - United Arab Emirates",,info@caju.ae,04 575 2710,https://caju.ae/,cafe,"Dubai, UAE",google_maps
Two Pups,"74 Francis St, The Liberties, Dublin 8, D08 KA43, Ireland",,twopupscoffee@gmail.com,,http://www.twopupscoffee.com/,coffee shop,"Dublin, Ireland",google_maps
Shoe Lane Coffee,"7 Tara St, Dublin 2, D02 Y662, Ireland",,jobs@shoelane.com,,http://www.shoelanecoffee.ie/,coffee shop,"Dublin, Ireland",google_maps
Legit Coffee Co,"Meath Mart, 1 Meath St, The Liberties, Dublin, D08 XHT7, Ireland",,info@legitcoffeeco.com,,http://legitcoffeeco.com/,coffee shop,"Dublin, Ireland",google_maps
Copper + Straw Speciality Coffee,"14 - 18 Aston Quay, Temple Bar, Dublin 2, D02 FV38, Ireland",,hello@copperandstraw.ie,087 810 2634,http://copperandstraw.ie/,coffee shop,"Dublin, Ireland",google_maps
Keoghs Cafe,"1 & 2 Trinity St, Dublin, D02 A440, Ireland",,orders@keoghscafe.ie,(01) 677 8080,http://keoghscafe.ie/,coffee shop,"Dublin, Ireland",google_maps
The Coffee House at West End,"802 Shepherd Dr, Houston, TX 77007, USA",,hello@thecoffeehousehtx.com,,http://thecoffeehousehtx.com/,coffee shop,"Houston, USA",google_maps
The Coffee Garden,"1920 Houston Ave, Houston, TX 77007, USA",,info@thecoffeegarden.com,(713) 955-4420,https://thecoffeegarden.com/heights-coffee-shop/,coffee shop,"Houston, USA",google_maps
Pavon Coffee Den,"1216 W Clay St Ste 300, Houston, TX 77019, USA",,hello@pavonhtx.com,(713) 261-6679,https://www.pavonhtx.com/,coffee shop,"Houston, USA",google_maps
Agora,"1712 Westheimer Rd, Houston, TX 77098, USA",,info@agorahouston.com,,https://www.agorahouston.com/,coffee shop,"Houston, USA",google_maps
Bean Brothers at The Linc KL,"G-1, THE LINC No, 360, Jln Tun Razak, Taman U Thant, 50400 Kuala Lumpur, Federal Territory of Kuala Lumpur, Malaysia",Our Bestsellers,support@beanbrothers.my,,http://beanbrothers.my/,coffee shop,"Kuala Lumpur, Malaysia",google_maps
103 Coffee - Chow Kit,"9, Jalan Yap Ah Shak, Chow Kit, 50300 Kuala Lumpur, Wilayah Persekutuan Kuala Lumpur, Malaysia",,media@103coffee.com,012-960 1353,http://www.103coffee.com/,coffee shop,"Kuala Lumpur, Malaysia",google_maps
Miss Coco Cafe,"G1, Menara Noble Land 2, Jalan Changkat, Lorong Ceylon, Bukit Ceylon, 50200 Kuala Lumpur, Wilayah Persekutuan Kuala Lumpur, Malaysia",,admin@misscococafe.com,018-208 3983,https://misscococafe.com/,coffee roastery,"Kuala Lumpur, Malaysia",google_maps
Coffee For Sasquatch,"7020 Melrose Ave, Los Angeles, CA 90038, USA",,hello@coffeeforsasquatch.com,(323) 433-4070,http://www.coffeeforsasquatch.com/,coffee shop,"Los Angeles, USA",google_maps
Coffee Lab Manchester Piccadilly.,"23-24 Mosley St, Manchester M2 3AG, UK",,info@coffeelab.gr,0161 511 4263,https://coffeelab.gr/en/,coffee shop,"Manchester, UK",google_maps
Atrium Coffee,"Ground floor, 1 St Peter's Sq, Manchester M2 3DE, UK",,info@atrium-coffee.co.uk,,http://www.atrium-coffee.co.uk/,coffee shop,"Manchester, UK",google_maps
Little Rogue.,"12 Drewery Ln, Melbourne VIC 3000, Australia",,shop@littlerogue.com.au,,https://www.littlerogue.com.au/,coffee shop,"Melbourne, Australia",google_maps
Higher Ground,"650 Little Bourke St, Melbourne VIC 3000, Australia",,info@highergroundmelbourne.com.au,(03) 8899 6219,https://highergroundmelbourne.com.au/,coffee shop,"Melbourne, Australia",google_maps
Cafebrería El Péndulo Roma,"Av. Álvaro Obregón 86, Roma Nte., Cuauhtémoc, 06700 Ciudad de México, CDMX, Mexico",,web@pendulo.com,55 5574 7034,http://pendulo.com/,coffee shop,"Mexico City, Mexico",google_maps
Café Memorias de un Barista,"Frontera 83, Roma Nte., Cuauhtémoc, 06700 Ciudad de México, CDMX, Mexico",,memoriasdeunbarista@gmail.com,55 5207 6201,http://www.memoriasdeunbarista.com/,coffee shop,"Mexico City, Mexico",google_maps
MIAM CAFE-WYNWOOD,"2750 NW 3rd Ave Suite 21, Miami, FL 33127, USA",,miam@miamcafe.com,(786) 703-1451,http://www.miamcafe.com/,coffee shop,"Miami, USA",google_maps
Naughty Coffee,"101 NE 2nd Ave, Miami, FL 33132, USA",,naughtycoffeeshop@gmail.com,(347) 283-5609,https://naughtycoffeeshop.com/,coffee shop,"Miami, USA",google_maps
Surry Hills Coffee | Brunch Miami,"8226 NE 2nd Ave, Miami, FL 33138, USA",,business.eu@surryhillscoffee.com,(305) 456-6787,http://www.surryhillscoffee.com/?utm_source=local&utm_medium=utm,coffee shop,"Miami, USA",google_maps
La Colada Gourmet,"1518 SW 8th St, Miami, FL 33135, USA",,lacoladagourmet@gmail.com,(305) 582-5762,https://www.lacoladagourmet.com/,coffee shop,"Miami, USA",google_maps
ITSI Coffee - i think she is,"169 SW 7th St, Miami, FL 33130, USA",,itsi.coffee@gmail.com,(786) 800-5659,http://ithinksheis.com/,coffee shop,"Miami, USA",google_maps
Café Bastille Downtown Miami,"248 SE 1st St, Miami, FL 33131, USA",,contact@cafebastilledowntown.com,(786) 425-3575,http://www.cafebastilledowntown.com/,brunch restaurant,"Miami, USA",google_maps
White Rose Coffee,"4703 SW 8th St, Miami, FL 33134, USA",,whiterosecoffeemiami@gmail.com,,http://whiterose.coffee/,coffee shop,"Miami, USA",google_maps
Kala Ghoda Cafe,"10, Rope Walk Ln, Kala Ghoda, Fort, Mumbai, Maharashtra 400001, India",,info@kgcafe.in,098338 03418,https://kgcafe.in/,cafe,"Mumbai, India",google_maps
Bombay To Barcelona Library Cafe,"Timmy Arcade, 778, Makwana Rd, Gamdevi, Marol, Andheri East, Mumbai, Maharashtra 400059, India",,bombay2barcelonalc@gmail.com,077384 46788,http://www.bombaytobarcelonalibrarycafe.com/,cafe,"Mumbai, India",google_maps
Earth Cafe @ Churchgate,"Ground Floor, Ram Mahal, Dinshaw Vacha Rd, near KC College, Churchgate, Mumbai, Maharashtra 400020, India",,info@earthcafeindia.com,090818 81844,http://earthcafeindia.com/,coffee shop,"Mumbai, India",google_maps
Mockingbird Cafe Bar,"80, Veer Nariman Rd, Churchgate, Mumbai, Maharashtra 400020, India",,contact@mockingbirdcafebar.com,080976 06010,http://www.mockingbirdcafebar.com/,cafe,"Mumbai, India",google_maps
Iteeha Coffee,"Ground Floor, Urmi Axis Building, West, behind Famous studio, opp. Doctor Elijah Moses Road, Mahalakshmi, Mumbai, Maharashtra 400018, India",,connect@iteeha.coffee,098198 20211,https://iteeha.coffee/,cafe,"Mumbai, India",google_maps
Ettarra Coffee House,"Ground Floor, boutique hotel, Juhu residency, Airport Area, Juhu, Mumbai, Maharashtra 400049, India",The People Behind,care@ettarracoffee.in,086558 05815,https://ettarracoffee.in/,coffee shop,"Mumbai, India",google_maps
Third Wave Coffee,"Plot No 29, Dr N A Purandare Marg Chowpatty Marine Lines, Chowpatty, Girgaon, Mumbai, Maharashtra 400007, India",,orders@thirdwavecoffee.in,080500 03543,https://cafe.thirdwavecoffee.in/coffee-cafe-mumbai-32255/home?utm_source=gmb,coffee shop,"Mumbai, India",google_maps
The Caféothèque of Paris,"52 Rue de l'Hôtel de Ville, 75004 Paris, France",,contact@lacafeotheque.com,01 53 01 83 84,http://www.lacafeotheque.com/,coffee shop,"Paris, France",google_maps
Motors Coffee,"7 Rue des Halles, 75001 Paris, France",,info@motorscoffee.com,,https://motorscoffee.com/,coffee shop,"Paris, France",google_maps
The Coffee Builders,"901 S 7th St Bldg C, Phoenix, AZ 85034, USA",,creative@thecoffeebuilders.com,(602) 904-7550,http://www.thecoffeebuilders.com/,coffee shop,"Phoenix, USA",google_maps
"Songbird Coffee & Tea House - Phoenix, AZ","812 N 3rd St Ac, Phoenix, AZ 85004, USA",,info@songbirdcoffeehouse.com,(602) 374-4192,http://www.songbirdcoffeehouse.com/,coffee shop,"Phoenix, USA",google_maps
Case Study Coffee Lounge,"4802 N 16th St, Phoenix, AZ 85016, USA",,william@casestudycoffeelounge.com,(480) 590-4270,https://www.casestudycoffeelounge.com/,coffee shop,"Phoenix, USA",google_maps
Fillmore Coffee Co.,"600 N 4th St, Phoenix, AZ 85004, USA",,info@fillmorecoffeeco.com,(928) 232-8527,http://www.fillmorecoffeeco.com/,coffee shop,"Phoenix, USA",google_maps
Fair Trade Cafe,"1020 N 1st Ave, Phoenix, AZ 85003, USA",,info@azfairtrade.com,(602) 354-8150,https://azfairtrade.com/?y_source=1_NTgwNjEyNjUtNzE1LWxvY2F0aW9uLndlYnNpdGU%3D,cafe,"Phoenix, USA",google_maps
Let's Meet Up,"3058 N 16th St Suite A, Phoenix, AZ 85016, USA",Up Let,info@redstakesolutions.com,,http://www.letsmeetup.coffee/,coffee shop,"Phoenix, USA",google_maps
Mis Raices Cafe,"1325 Grand Ave Suite 3, Phoenix, AZ 85007, USA",,misraicescafeaz@gmail.com,(602) 675-2228,http://misraicescafe.com/,coffee shop,"Phoenix, USA",google_maps
A Flourshop,"803 N 7th St Suite 102, Phoenix, AZ 85006, USA",,info@aflourshop.com,(602) 274-2253,http://www.aflourshop.com/,coffee shop,"Phoenix, USA",google_maps
ASK Coffee Roastery Singapore,"32 Seah St, Singapore 188388",,speedy3dcreations@gmail.com,8884 9186,https://www.speedy3dcreations.com/,coffee roastery,Singapore,google_maps
Maxi Coffee Bar,"64 Club St, Back Entrance, Singapore 069438",,hello@maxicoffeebar.com,9776 7400,http://maxicoffeebar.com/,coffee shop,Singapore,google_maps
Regiment specialty coffee,"333 George St, Sydney NSW 2000, Australia",,regiment2022@hotmail.com,(02) 9299 4001,https://www.regimentcbd.com.au/,cafe,"Sydney, Australia",google_maps
Padaria Bella Paulista,"Rua Haddock Lobo, 354 - Cerqueira César, São Paulo - SP, 01414-000, Brazil",,sac@bellapaulista.com,(11) 3214-3347,https://padariabellapaulista.com.br/,coffee shop,"São Paulo, Brazil",google_maps
GLITCH COFFEE & ROASTERS,"Japan, 〒101-0054 Tokyo, Chiyoda City, Kanda Nishikichō, 3-chōme−１６ １階",,press@glitchcoffee.com,03-5244-5458,https://glitchcoffee.com/,coffee shop,"Tokyo, Japan",google_maps
KOFFEE MAMEYA,"4-chōme-15-3 Jingūmae, Shibuya, Tokyo 150-0001, Japan",,info@koffee-mameya.com,03-5413-9422,http://koffee-mameya.com/,coffee shop,"Tokyo, Japan",google_maps
CAFE REISSUE,"3-chōme-25-7 Jingūmae, Shibuya, Tokyo 150-0001, Japan",,reissue2015@outlook.jp,03-5785-3144,https://www.reissue.co.jp/,coffee shop,"Tokyo, Japan",google_maps
Tokyo Little House,"3-chōme-6-12 Akasaka, Minato City, Tokyo 107-0052, Japan",,hello@littlehouse.tokyo,,http://littlehouse.tokyo/,coffee shop,"Tokyo, Japan",google_maps
HotBlack Coffee,"245 Queen St W, Toronto, ON M5V 1Z4, Canada",,info@hotblack-coffee.com,,https://hotblack-coffee.com/,coffee shop,"Toronto, Canada",google_maps
Daily Dose Coffee Bar,"125 John St, Toronto, ON M5V 2E2, Canada",,info@dailydosecoffeebar.com,,https://www.dailydosecoffeebar.com/,coffee shop,"Toronto, Canada",google_maps
Bocca Coffee,"Kerkstraat 96H, 1017 GP Amsterdam, Netherlands",,info@bocca.nl,0321 314 667,http://www.bocca.nl/,coffee shop,"Amsterdam, Netherlands",google_maps
Cafe the Barrel,"Jonge Roelensteeg 4 H, 1012 PL Amsterdam, Netherlands",,info@cafethebarrel.nl,06 51762269,http://www.cafethebarrel.nl/,bar,"Amsterdam, Netherlands",google_maps
Hummingbird Coffee Amsterdam,"Spuistraat 217, 1012 RN Amsterdam, Netherlands",,info@hummingbird.amsterdam,06 24331985,https://hummingbird.amsterdam/,coffee shop,"Amsterdam, Netherlands",google_maps
Back to Black,"Weteringstraat 48, 1017 RN Amsterdam, Netherlands",,info@backtoblackcoffee.nl,,http://www.backtoblackcoffee.nl/,coffee roastery,"Amsterdam, Netherlands",google_maps
Cafecito,"Van Baerlestraat 83, 1071 AS Amsterdam, Netherlands",,coffee@cafecito.nl,,https://cafecito.nl/,coffee shop,"Amsterdam, Netherlands",google_maps
Elevate Coffee Lab,"Van der Helstplein 10H, 1072 PH Amsterdam, Netherlands",,elevatecoffeelab@gmail.com,,http://elevatecoffeelab.com/,coffee shop,"Amsterdam, Netherlands",google_maps
Espressobar Puccini,"Staalstraat 21, 1011 JK Amsterdam, Netherlands",,info@espressobarpuccini.nl,020 620 8458,http://www.puccini.nl/,coffee shop,"Amsterdam, Netherlands",google_maps
Cafe Bartique,"2315 Cascade Rd, Atlanta, GA 30311, USA",,admin@cafebartique.com,(404) 343-1780,http://www.cafebartique.com/,coffee shop,"Atlanta, USA",google_maps
El Viñedo Local,"730 Peachtree St NE Suite 100, Atlanta, GA 30308, USA",,welcome@elvinedolocal.com,(404) 596-8239,https://www.elvinedolocal.com/,south american restaurant,"Atlanta, USA",google_maps
ARTiSA | Barcelona,"Carrer de Colom, Pl. Reial, 2, Ciutat Vella, 08002 Barcelona, Spain",,info@artisa.es,658 87 98 17,http://www.artisa.es/,ice cream shop,"Barcelona, Spain",google_maps
"die espressonisten | Store, Craft Coffeeshop & La Marzocco Showroom","Zimmerstraße 90, 10117 Berlin, Germany",,post@espressonisten.de,030 36409494,https://espressonisten.de/,coffee shop,"Berlin, Germany",google_maps
Espresso Bar + Deli,"Keithstraße 5, 10787 Berlin, Germany",,info@espresso-bar.berlin,030 34399295,http://espressobar.online/,coffee shop,"Berlin, Germany",google_maps
"Wine & Coffee House (Café, Bar & Spirituosengeschäft)","Karl-Liebknecht-Str. 7, 10178 Berlin, Germany",,info@cafehaus-berlin.de,030 2423775,http://www.wine-and-coffeehouse.de/,cafe,"Berlin, Germany",google_maps
Café Monstruo,"Cra. 18 #84 84, Bogotá, Colombia",,cafemonstruogerencia@gmail.com,311 2615249,http://www.cafemonstruo.com/,coffee shop,"Bogotá, Colombia",google_maps
Café Casa Galería,"Cl. Del Embudo #12B - 92, Bogotá, Colombia",,experiencias@casagaleria.co,321 2683638,https://casagaleria.co/,breakfast restaurant,"Bogotá, Colombia",google_maps
JARRYDS.,"90 Regent Rd, Sea Point, Cape Town, 8005, South Africa",,jarrydseatery@nonamehg.com,021 023 3642,https://www.nonamehg.com/jarryds,brunch restaurant,"Cape Town, South Africa",google_maps
Courage Mobile Bar,"Cnr bradwell &, Buitenkant St, Vredehoek, Cape Town, 8001, South Africa",,info@takecourage.co.za,072 671 6744,http://www.takecourage.co.za/,food store,"Cape Town, South Africa",google_maps
Cafe Mustache,"2313 N Milwaukee Ave, Chicago, IL 60647, USA",,info@cafemustache.com,(773) 687-9063,http://www.cafemustache.com/,cafe,"Chicago, USA",google_maps
Overflow Coffee,"1449 S Michigan Ave, Chicago, IL 60605, USA",,liv.oad@entrenuity.com,(312) 283-0066,https://www.overflowchicago.com/,coffee shop,"Chicago, USA",google_maps
The Lost Hours,"5256 N Broadway, Chicago, IL 60640, USA",,thelosthourscoffeeshop@gmail.com,,http://the-lost-hours.com/,coffee shop,"Chicago, USA",google_maps
MINT - Dubai Mall,Unit SF053 - Dubai Mall - Second floor - opposite to Dior Kids - برج خليفة - وسط مدينة دبي - دبي - United Arab Emirates,,info@mintconcept.ae,04 338 0839,https://www.mintconcept.ae/mints/mint-dubai/contact/?utm_source=google&utm_medium=local&utm_campaign=gbp,restaurant,"Dubai, UAE",google_maps
Specialty Batch Coffee Roastery,Shed 3A - Marina Cubes Street - Madinat Dubai Al Melaheyah - Port Rashid - Dubai - United Arab Emirates,,info@specialtybatch.com,04 299 1113,https://specialtybatch.com/,coffee roastery,"Dubai, UAE",google_maps
Vice Coffee Inc,"54 Middle Abbey St, North City, Dublin 1, D01 E2X4, Ireland",,hello@vicecoffeeinc.com,,https://www.vicecoffeeinc.com/,coffee shop,"Dublin, Ireland",google_maps
Lemon Jelly Cafe,"Millennium Walkway, North City, Dublin 1, D01 Y027, Ireland",,info@lemonjelly.ie,(01) 233 8441,https://www.lemonjelly.ie/,cafe,"Dublin, Ireland",google_maps
Academy Coffee Dublin,"10-14, Findlater Pl, O'Connell Street Upper, Rotunda, Dublin 1, D01 X2X0, Ireland",,stay@academyplazahotel.ie,(01) 817 4100,https://www.academyplazahotel.ie/en/academy-coffee/,cafe,"Dublin, Ireland",google_maps
Maven,"1717 Allen Pkwy Fl 1, Houston, TX 77019, USA",,support@getbento.com,(832) 926-3213,http://www.mavenhouston.com/,coffee shop,"Houston, USA",google_maps
Segundo Coffee Lab,"711 Milby St #35, Houston, TX 77023, USA",,customerservice@segundocoffee.com,(346) 240-3032,http://segundocoffee.com/,coffee shop,"Houston, USA",google_maps
Brass Tacks,"612 Live Oak St, Houston, TX 77003, USA",,getdown@brasstackshouston.com,(713) 352-7626,http://www.brasstackshouston.com/,cafe,"Houston, USA",google_maps
Grind,"2 London Brg, London SE1 9RA, UK",Not Sure Subject,hello@grind.co.uk,020 3019 7178,http://www.grind.co.uk/londongrind,cocktail bar,"London, UK",google_maps
Chapter 72,"72 Bermondsey St, London SE1 3UD, UK",,info@chapter-72.com,,http://www.chapter-72.com/,coffee shop,"London, UK",google_maps
Tierra Mia Coffee,"1202 N Alvarado St, Los Angeles, CA 90026, USA",,info@tmcoffee.com,(213) 483-3955,http://www.tierramiacoffee.com/,coffee shop,"Los Angeles, USA",google_maps
Tiago Coffee Bar + Kitchen,"7080 Hollywood Blvd, Los Angeles, CA 90028, USA",,info@tiagocoffee.com,(323) 466-5600,http://www.tiagocoffee.com/,coffee shop,"Los Angeles, USA",google_maps
Java Bar Espresso,"Java Bar Espresso, 1-3 Oxford Rd, Station Approach, Manchester M1 6FU, UK",,info@jbecoffee.com,,https://jbecoffee.com/,coffee shop,"Manchester, UK",google_maps
Patricia Coffee Brewers,"Rear of, 493-495 Little Bourke St, Melbourne VIC 3000, Australia",,shop@patriciacoffee.com.au,,http://www.patriciacoffee.com.au/,coffee shop,"Melbourne, Australia",google_maps
Sbriga Espresso Bar,"1/270 King St, Melbourne VIC 3000, Australia",,info@sbriga.com.au,(03) 9191 0404,https://www.sbriga.com.au/,cafe,"Melbourne, Australia",google_maps
Philoçoffee Espresso Bar,"162 Albert Rd, South Melbourne VIC 3205, Australia",,philo.coffee@yahoo.com.au,0492 300 811,http://www.philocoffee.com.au/,cafe,"Melbourne, Australia",google_maps
Mad Records Cafe Miami,"7700 Biscayne Blvd, Miami, FL 33138, USA",,mradiomedellin@gmail.com,,http://madradio.co/,cafe,"Miami, USA",google_maps
EMISSARY CAFE,"3308 Mary St, Miami, FL 33133, USA",,info@emissary.miami,,http://emissarycafe.com/,coffee shop,"Miami, USA",google_maps
News Cafe,"800 Ocean Dr, Miami Beach, FL 33139, USA",,hello@newscafesouthbeach.com,(786) 644-6061,https://newscafesouthbeach.com/,restaurant,"Miami, USA",google_maps
Bayleaf Cafe,"32, Juhu Rd, Janki Kutir, Juhu Tara, Juhu, Mumbai, Maharashtra 400049, India",,bayleafcafejuhu@gmail.com,084549 44954,https://bayleafcafe.in/,cafe,"Mumbai, India",google_maps
Cartel Roasting Co.,"1 N 1st St, Phoenix, AZ 85004, USA",Paul Oberg Our,hello@cartelroasting.co,,https://cartelroasting.co/,coffee shop,"Phoenix, USA",google_maps
Sip Coffee & Beer,"3620 E Indian School Rd, Phoenix, AZ 85018, USA",,info@sipcoffeeandbeer.com,(602) 900-5188,https://sipcoffeeandbeer.com/,coffee shop,"Phoenix, USA",google_maps
percolate. (Nankin Row),"3 Pickering St, #01-23 Nankin Row, Singapore 048660",,hello@percolate.sg,8259 0316,http://percolate.sg/,cafe,Singapore,google_maps
Black & White Espresso Bar | The Strand Arcade,"G18/412-414 George St, Sydney NSW 2000, Australia",,admin@blackandwhiteespresso.com,,https://www.blackandwhiteespresso.com/,cafe,"Sydney, Australia",google_maps
The Associate Espresso Bar,"Shop 1/33 Pitt St, Sydney NSW 2000, Australia",,info@amahospitality.com.au,,http://amahospitality.com.au/,cafe,"Sydney, Australia",google_maps
Fuglen Tokyo,"1-chōme-16-11 Tomigaya, Shibuya, Tokyo 151-0063, Japan",,coffeeonline.jp@fuglen.no,,https://fuglencoffee.jp/,coffee shop,"Tokyo, Japan",google_maps
All Seasons Coffee,"Japan, 〒160-0022 Tokyo, Shinjuku City, Shinjuku, 2-chōme−7−７ 1F",,info@allseasonscoffee.jp,03-5341-4273,http://allseasonscoffee.jp/,coffee shop,"Tokyo, Japan",google_maps
L'Espresso Bar Mercurio,"321 Bloor St W, Toronto, ON M5S 1S5, Canada",,teresa@barmercurio.com,(416) 585-2233,https://www.lespressobarmercurio.ca/,cafe,"Toronto, Canada",google_maps
Coco Espresso Bar,"29 Bellair St, Toronto, ON M5R 1B8, Canada",,info@cocoespressobar.com,(416) 934-9292,https://www.cocoespressobar.com/,pastry shop,"Toronto, Canada",google_maps
Aroma Espresso Bar,"137 Bremner Blvd, Toronto, ON M5J 3A7, Canada",,help@aromacafe.ca,(416) 594-0777,http://www.aromaespressobar.ca/,cafe,"Toronto, Canada",google_maps
The Only Cafe,"966 Danforth Ave, Toronto, ON M4J 1M1, Canada",,theonlycafecoffee@gmail.com,(416) 463-3249,https://www.theonlycafe.com/,bar,"Toronto, Canada",google_maps
Martin Espresso Bar,"1421 Bloor St W, Toronto, ON M6P 3L4, Canada",,info@martinesb.com,(416) 531-1421,https://martinespressobar.ca/,cafe,"Toronto, Canada",google_maps
Mallo Coffee & Bar,"785 Bathurst St, Toronto, ON M5S 1Z5, Canada",,info@mallo.ca,(647) 351-8060,http://www.mallo.ca/,coffee shop,"Toronto, Canada",google_maps
Nine Bar Coffee,"477 Davie St, Vancouver, BC V6B 2G2, Canada",,info@ninebar.ca,(604) 781-6461,http://ninebar.ca/,coffee shop,"Vancouver, Canada",google_maps
Milano Espresso Lounge,"36 Powell St, Vancouver, BC V6A 1E7, Canada",,info@milanocoffee.ca,(604) 558-0999,https://www.milanocoffee.ca/,coffee shop,"Vancouver, Canada",google_maps
CICLO ESPRESSO & COCTELES COAL HARBOUR,"1020 W Cordova St, Vancouver, BC V6C 0B2, Canada",,info@persesocialcorner.com,(604) 336-8564,https://cicloespressocafe.com/,coffee shop,"Vancouver, Canada",google_maps
Aperture Coffee Bar,"4124 Main St, Vancouver, BC V5V 3P7, Canada",,aperturecoffeebarmain@gmail.com,(604) 620-8056,http://www.aperturecoffeebar.com/,cafe,"Vancouver, Canada",google_maps
Cafe Bonjour,"55 Temple Pl, Boston, MA 02111, USA",,info@dreamingcode.com,(617) 779-0062,https://www.cafebonjourboston.com/,cafes,"Boston, USA",google_maps
Thinking Cup,"85 Newbury St, Boston, MA 02116, USA",,info@thinkingcup.com,(617) 247-3333,http://thinkingcup.com/,cafes,"Boston, USA",google_maps
Trident Booksellers & Cafe,"338 Newbury St, Boston, MA 02115, USA",,orders@tridentbookscafe.com,(617) 267-8688,http://www.tridentbookscafe.com/,cafes,"Boston, USA",google_maps
Storyville Coffee Pike Place,"94 Pike St Top floor Suite 34, Seattle, WA 98101, USA",,info@storyville.com,(206) 780-5777,https://storyville.com/pages/pike-place-market,cafes,"Seattle, USA",google_maps
Bacco Cafe,"86 Pine St, Seattle, WA 98101, USA",,baccocafe@gmail.com,(206) 355-8887,http://baccocafe.com/,cafes,"Seattle, USA",google_maps
Good Voyage,"8520 14th Ave S, Seattle, WA 98108, USA",,info@goodvoyageseattle.com,,http://www.goodvoyageseattle.com/,cafes,"Seattle, USA",google_maps
Citizen Collective,"706 Taylor Ave N, Seattle, WA 98109, USA",,info@citizen-collective.com,(206) 284-1015,http://citizen-collective.com/,cafes,"Seattle, USA",google_maps
Zeitgeist Coffee,"171 S Jackson St, Seattle, WA 98104, USA",,info@zeitgeistcoffee.com,(206) 583-0497,http://zeitgeistcoffee.com/,cafes,"Seattle, USA",google_maps
The Usual,"1414 E Yesler Wy, Seattle, WA 98122, USA",,theusualcafe@yahoo.com,,https://theusual.squarespace.com/,cafes,"Seattle, USA",google_maps
Aroom Coffee Fremont,"3801 Stone Way N Suite C, Seattle, WA 98103, USA",,hello@aroomcoffee.com,(206) 960-9609,https://www.aroomcoffee.com/,cafes,"Seattle, USA",google_maps
Stone Way Cafe,"3525 Stone Way N, Seattle, WA 98103, USA",,info@stonewaycafe.com,(206) 420-4435,http://www.stonewaycafe.com/,cafes,"Seattle, USA",google_maps
Faculty Coffee,"14 Piccadilly Arcade, Birmingham B2 4HD, UK",,hello@facultycoffee.com,0121 448 7543,http://www.facultycoffee.com/,cafes,"Birmingham, UK",google_maps
Cherry Red's Cafe Bar,"88-92 John Bright St, Birmingham B1 1BN, UK",,people@cherryreds.com,0121 643 5716,http://www.cherryreds.com/,cafes,"Birmingham, UK",google_maps
Coffee Joint,"110 Digbeth, Birmingham B5 6DT, UK",,info@coffeejoint.co.uk,07777 333425,https://www.coffeejoint.co.uk/?utm_source=GBP.website&utm_medium=GBP&utm_campaign=br13062-website,cafes,"Birmingham, UK",google_maps
Rising Cafe,"58 Chester St, Birmingham B6 4BE, UK",,birmingham@risingcafe.co.uk,0121 594 0640,https://www.risingcafe.co.uk/birmingham,cafes,"Birmingham, UK",google_maps
Ju Ju's Cafe Birmingham,"Watermarque, Canal Square, 100 Browning St, Birmingham B16 8EH, UK",,julia@jujuscafe.org.uk,0121 456 3384,http://www.jujuscafe.co.uk/,cafes,"Birmingham, UK",google_maps
Saint Kitchen - JQ,"Unit 2, 61 St Paul's Square, Birmingham B3 1QS, UK",,hi@saintkitchen.com,0121 236 2940,http://www.saintkitchen.com/,cafes,"Birmingham, UK",google_maps
200 Degrees Coffee Shop & Barista School,"21 Colmore Row, Birmingham B3 2BH, UK",Up All,colmorerow@200degs.com,0121 312 4375,http://www.200degs.com/birmingham-colmore-row,cafes,"Birmingham, UK",google_maps
Wayland’s Yard Coffee & Brunch Cafe / Diner,"42 Bull St, Birmingham B4 6AF, UK",,hi@waylandsyard.co.uk,,https://www.waylandsyard.co.uk/,cafes,"Birmingham, UK",google_maps
Coffee Tales Jewellery Quarter,"Unit 2, 17-21 Warstone Ln, Birmingham B18 6HP, UK",,hello@coffee-tales.com,0121 212 3531,http://www.coffee-tales.com/,cafes,"Birmingham, UK",google_maps
Ottoman Coffeehouse,"73 Berkeley St., Glasgow G3 7DX, UK",,admin@ottomancoffeehouse.co.uk,0141 588 5982,http://www.ottomancoffeehouse.co.uk/,cafes,"Glasgow, UK",google_maps
Singl-end Merchant City,"15 John St, Glasgow G1 1HP, UK",,garnethill@thesingl-end.co.uk,0141 552 4433,https://www.thesingl-end.co.uk/,cafes,"Glasgow, UK",google_maps
Sorriso Cafe,"81 Candleriggs, Glasgow G1 1NP, UK",,sorrisoglasgow@gmail.com,0141 737 6861,https://www.sorrisocafe.co.uk/,cafes,"Glasgow, UK",google_maps
Crew Collective & Cafe,"360 Rue Saint-Jacques, Montréal, QC H2Y 1P5, Canada",,josianne@crewcollectivecafe.com,(514) 285-7095,https://crewcollectivecafe.com/,cafes,"Montreal, Canada",google_maps
"La Finca Café | Café, Marché Local Lunch De Quartier Dans La Région De Montréal","1067 Rue de Bleury, Montréal, QC H2Z 1N1, Canada",,info@lafinca.ca,(514) 903-8911,http://www.lafinca.ca/,cafes,"Montreal, Canada",google_maps
Bar Caffettiera,"2055 Rue Stanley, Montréal, QC H3A 0B7, Canada",,info@caffettiera.ca,(514) 507-2055,http://caffettiera.ca/,cafes,"Montreal, Canada",google_maps
Cafe Aunja,"1448 Rue Sherbrooke O, Montréal, QC H3G 1K4, Canada",,info@aunja.com,(514) 914-8337,http://aunja.com/,cafes,"Montreal, Canada",google_maps
Café Parvis,"433 Rue Mayor, Montréal, QC H3A 1N9, Canada",,info@cafeparvis.com,(514) 764-3589,http://cafeparvis.com/,cafes,"Montreal, Canada",google_maps
Amea Café,"1188 Rue Sherbrooke O, Montréal, QC H3A 1H6, Canada",,rsvp@ameacafe.com,,http://www.ameacafe.com/,cafes,"Montreal, Canada",google_maps
Alforno Bakery & Cafe,"222 7 St SW, Calgary, AB T2P 0E4, Canada",,orders@alforno.ca,(403) 454-0308,http://alforno.ca/,cafes,"Calgary, Canada",google_maps
The Rooftop YYC,"414 3 St SW, Calgary, AB T2P 1R2, Canada",Heights Rise Above,reservations@therooftop.ca,(403) 262-0080,https://www.therooftop.ca/,cafes,"Calgary, Canada",google_maps
Higher Ground Cafe,"1126 Kensington Rd NW, Calgary, AB T2N 3P3, Canada",,info@highergroundcafe.ca,(403) 270-3780,http://highergroundcafe.ca/,cafes,"Calgary, Canada",google_maps
Sought and Found Coffee Roasters,"916 Centre St N, Calgary, AB T2E 2P7, Canada",,meetme@soughtxfound.coffee,(403) 830-7278,https://www.soughtxfound.coffee/,cafes,"Calgary, Canada",google_maps
Analog Coffee 17 Ave,"740 17 Ave SW, Calgary, AB T2S 0B7, Canada",,orderdesk@analogcoffee.ca,(587) 356-0042,http://www.analogcoffee.ca/,cafes,"Calgary, Canada",google_maps
ZCREW Cafe,"401 11 Ave SE, Calgary, AB T2G 1H7, Canada",,info@zcrewcafe.com,(403) 460-6668,https://zcrewcafe.com/,cafes,"Calgary, Canada",google_maps
Calgary Heritage Roasting Company,"2020 11 St SE, Calgary, AB T2G 3G3, Canada",,info@canadianheritageroastingco.com,(403) 455-2472,http://www.calgaryheritageroastingco.com/,cafes,"Calgary, Canada",google_maps
Brew Cafe & Wine Bar,"Lower Burnett Ln, Brisbane City QLD 4000, Australia",,bookings@brewcafewinebar.com.au,(07) 3211 4242,https://www.brewcafewinebar.com.au/,cafes,"Brisbane, Australia",google_maps
Blue Bear Coffeehouse,"92 James St, New Farm QLD 4005, Australia",,b.b.coffeehouse@outlook.com,,https://bluebearcoffeehouse.squarespace.com/,cafes,"Brisbane, Australia",google_maps
Babylon Brisbane,"145 Eagle St, Brisbane City QLD 4000, Australia",,info@babylonbrisbane.com.au,(07) 3186 6655,http://www.babylonbrisbane.com.au/,cafes,"Brisbane, Australia",google_maps
QAG Cafe,"Queensland Art Gallery, Stanley Pl, South Brisbane QLD 4101, Australia",,feedback@qagoma.qld.gov.au,,https://www.qagoma.qld.gov.au/visit/eat-and-drink/,cafes,"Brisbane, Australia",google_maps
"Farmhouse, Kedron Cafe","9 Somerset Rd, Kedron QLD 4031, Australia",,hello@farmhousekedron.com.au,(07) 3861 1956,https://www.farmhousekedron.com.au/,cafes,"Brisbane, Australia",google_maps
One60 Café,"160 Murray Street Mall, Perth WA 6000, Australia",Leila At One,info@one60cafe.com.au,0478 485 875,http://one60cafe.com.au/,cafes,"Perth, Australia",google_maps
La Veen Coffee - King Street,"79 King St, Perth WA 6000, Australia",,online@laveencoffee.com.au,,http://www.laveencoffee.com.au/,cafes,"Perth, Australia",google_maps
Voodoo Cafe,"Wellington Street Entrance to Raine Square at, 10/300 Murray Street Mall, Perth WA 6000, Australia",,info@voodoocafe.com.au,0478 845 908,https://www.voodoocafe.com.au/,cafes,"Perth, Australia",google_maps
Tiisch,"9b/938 Hay St, Perth WA 6000, Australia",,info@tiisch.com.au,(08) 9678 5150,https://www.tiisch.com.au/book-now/?utm_source=gmb&utm_medium=gmb&utm_campaign=gmb,cafes,"Perth, Australia",google_maps
Chinta,"29 Scarborough Beach Rd, North Perth WA 6006, Australia",,chinta@chintadesigns.com.au,(08) 9444 7939,http://chintacafe.com/,cafes,"Perth, Australia",google_maps
Beantown Cafe,"1A Farranlea Park, Model Farm Rd, Cork, T12 NX7P, Ireland",,beantowncafecork@gmail.com,(021) 239 9400,https://www.beantowncafecork.com/,cafes,"Cork, Ireland",google_maps
Izz Cafe,"13-14 George's Quay, Ballintemple, Cork, T12 EY24, Ireland",,info@izz.ie,(021) 229 0689,http://www.izz.ie/,cafes,"Cork, Ireland",google_maps
Alchemy Coffee and Bookstore,"123 Barrack St, The Lough, Cork, T12 A594, Ireland",,online@alchemycoffeecork.com,,https://alchemycoffeecork.com/,cafes,"Cork, Ireland",google_maps
Neo Cafe & Eatery,"132 Willis Street, Te Aro, Wellington 6011, New Zealand",Chef Luke Crawford,info@neocafe.co.nz,04 385 9553,http://www.neocafe.co.nz/,cafes,"Wellington, New Zealand",google_maps
Flight Coffee Hangar Cafe,"119 Dixon Street, Te Aro, Wellington 6011, New Zealand",,gm@hangarcafe.co.nz,027 535 0884,https://www.hangarcafe.co.nz/,cafes,"Wellington, New Zealand",google_maps
Karaka Cafe,"Odlins Square, Taranaki Wharf 2 Taranaki Street, Waterfront, Wellington 6011, New Zealand",,bookings@karakacafe.co.nz,027 916 8369,https://www.karakacafe.co.nz/,cafes,"Wellington, New Zealand",google_maps
Prefab-ACME,"14 Jessie Street, Te Aro, Wellington 6011, New Zealand",,prefabhall@acmeandco.co.nz,04 385 2263,http://www.acmeandco.co.nz/,cafes,"Wellington, New Zealand",google_maps
Fidel's Cafe,"32a Wigan Street, Te Aro, Wellington 6011, New Zealand",,info.fidelscafe@gmail.com,04 384 7039,http://www.fidelscafe.com/,cafes,"Wellington, New Zealand",google_maps
Customs,"39 Ghuznee Street, Te Aro, Wellington 6011, New Zealand",,shopnz@coffeesupreme.com,,http://www.coffeesupreme.com/,cafes,"Wellington, New Zealand",google_maps
Gemini Cafe & Eatery,"20 Brandon Street, Wellington Central, Wellington 6011, New Zealand",,geminicafewellington@gmail.com,04 210 1213,http://www.geminicafe.co.nz/,cafes,"Wellington, New Zealand",google_maps
Kaffee Eis Cuba Street,"146 Cuba Street, Te Aro, Wellington 6011, New Zealand",,info@kaffeeeis.co.nz,04 803 3620,http://kaffeeeis.co.nz/,cafes,"Wellington, New Zealand",google_maps
Triveni Terrace Cafe,"205, Tansen Marg, Opp. FICCI Auditorium, Todermal Road Area, Mandi House, New Delhi, Delhi 110001, India",,hello@redcedarhospitality.com,099715 66904,https://redcedarhospitality.com/,cafes,"Delhi, India",google_maps
Cafe Dori,"Dhan Mill Compound 100 Feet Road, SSN Marg, Pocket D, Dr Ambedkar Colony, Chhatarpur, New Delhi, Delhi 110074, India",,customercare@nappadori.com,080760 54238,https://www.nappadori.com/cafe-dori/,cafes,"Delhi, India",google_maps
AMA Cafe | Majnu Ka Tilla,"House no. 6, 1st Floor, New Aruna Colony, Majnu-ka-tilla, New Aruna Nagar, New Delhi, Delhi, 110054, India",,info@amacafe.co,084489 94259,http://www.amacafe.co/,cafes,"Delhi, India",google_maps
Cine Tree Cafe,"Rafi Marg, behind RBI Bank Inside Constitution Club of India, Sansad Marg Area, New Delhi, Delhi 110001, India",,ccoi1947@gmail.com,,https://cinetreecafe.com/,cafes,"Delhi, India",google_maps
Hamoni: Cafe by the Greens,"near NCU College, Carterpuri Village, Sector 23A, Gurugram, Haryana 122017, India",,cafe@hamonigolf.com,072900 38887,http://www.hamonigolf.com/,cafes,"Delhi, India",google_maps
"Cafe Vagabond - Coffee Bar | Bakery | Indian | Continental, Paharganj","@ Hotel, Ajanta Complex, 8647, Arakashan Rd, Ram Nagar, Paharganj, New Delhi, Delhi 110055, India",,info@hotelajanta.com,099588 50203,https://www.hotelajanta.com/dining.php,cafes,"Delhi, India",google_maps
The Hole In The Wall Cafe,"3, 8th Main Rd, 4th Block, Koramangala, Bengaluru, Karnataka 560047, India",,the.hole.in.the.wall.cafe@gmail.com,099456 92562,http://www.theholeinthewallcafe.org/,cafes,"Bangalore, India",google_maps
Roastea - Curated Coffee And Tea Artisans,"612/3, 80 Feet Rd, next to Akshaya Motors Mercedes Benz Showroom, 4th Block, Koramangala, Bengaluru, Karnataka 560034, India",,feedback@roastea.in,099040 02700,https://www.roastea.in/,cafes,"Bangalore, India",google_maps
Paper & Pie,"Metro Pillar Number 55, 842/A, 100 Feet Rd, Indira Nagar 1st Stage, H Colony, Indiranagar, Bengaluru, Karnataka 560038, India",,contactus@paperandpie.in,090357 00876,https://www.paperandpie.in/contact/,cafes,"Bangalore, India",google_maps
The Rameshwaram Cafe - Indiranagar,"847/1(Old No. 847/A), Binnamangala 1st Stage, 100 Feet Rd, Indira Nagar 1st Stage, H Colony, Indiranagar, Bengaluru, Karnataka 560038, India",,info@therameshwaramcafe.org,090711 79191,https://therameshwaramcafe.org/about,cafes,"Bangalore, India",google_maps
Over Coffee,"41, Ground Floor, Chowriappa Complex, B"" wing, Lavelle Road, Shanthala Nagar, Ashok Nagar, Bengaluru, Karnataka 560001, India",,overcoffeeindia@gmail.com,096117 56470,https://www.overcoffee.in/,cafes,"Bangalore, India",google_maps
Roastery Coffee House,"8 2, 287/12, 418, Road No. 14, BNR Colony, Venkat Nagar, Banjara Hills, Hyderabad, Telangana 500034, India",,support@roasterycoffee.co.in,063095 90610,https://www.roasterycoffee.co.in/,cafes,"Hyderabad, India",google_maps
Theory Patisserie & Cafe,"Plot No. 178, Rd Number 13, Jubilee Hills, Hyderabad, Telangana 500033, India",,theorycdb@gmail.com,083676 96769,http://www.theorycafe.in/,cafes,"Hyderabad, India",google_maps
Lé Vantage Café Bar,"195/A, Rd Number 13, Jubilee Hills, Hyderabad, Telangana 500033, India",,levantagecafe@gmail.com,091211 91782,http://www.levantagecafebar.com/,cafes,"Hyderabad, India",google_maps
Writer's Café,"98, Peter's Rd, Gopalapuram, Chennai, Tamil Nadu 600086, India",,info@advantagefoods.in,089258 44029,https://www.advantagefoods.in/,cafes,"Chennai, India",google_maps
Wild Gardencafe,"Amethyst, near, Whites Rd, next to Union Bank, Express Estate, Royapettah, Chennai, Tamil Nadu 600014, India",,wildgarden@amethystchennai.com,044 4599 1633,http://www.amethystchennai.com/wildgarden.html,cafes,"Chennai, India",google_maps
"KUP Coffee Roasters, Nungambakkam","KUP., 7/2, Pycrofts Garden Rd, Thousand Lights West, Thousand Lights, Chennai, Tamil Nadu 600006, India",,sip@kup.world,091767 27000,https://www.kup.world/,cafes,"Chennai, India",google_maps
Salvation Cafe,"44 Stanley Ave, Milpark, Johannesburg, 2092, South Africa",,eat@salvationcafe.co.za,011 482 7795,http://www.salvationcafe.co.za/,cafes,"Johannesburg, South Africa",google_maps
Bean There Coffee Company - Milpark JHB,"44 Stanley Ave, Milpark, Johannesburg, 2092, South Africa",,info@beanthere.co.za,087 310 3100,http://www.beanthere.co.za/,cafes,"Johannesburg, South Africa",google_maps
tashas Melrose Arch,"Melrose Blvd, Melrose North, Johannesburg, 2196, South Africa",,melrose@tashascafe.com,011 568 5488,https://www.tashascafe.com/locations/johannesburg/melrose/,cafes,"Johannesburg, South Africa",google_maps
Father Coffee Rosebank,"The Zone, 177 Oxford Rd, Rosebank, Johannesburg, 2196, South Africa",,twila@fathercoffee.co.za,079 506 6322,http://www.father.coffee/,cafes,"Johannesburg, South Africa",google_maps
Mikes Heritage House,"15 St Andrews Rd, Parktown, Johannesburg, 2193, South Africa",,bookings@mikesheritagehouse.co.za,011 484 2688,http://www.mikesheritagehouse.co.za/,cafes,"Johannesburg, South Africa",google_maps
Gatvol coffee,"30 Braemar Ave, La Lucia, Durban North, 4051, South Africa",,natalie@gatvolcoffee.co.za,079 497 5819,http://www.gatvolcoffee.co.za/,cafes,"Durban, South Africa",google_maps
Bellevue Cafe,"5 Bellevue Rd, Kloof, Durban, 3610, South Africa",,cafe@bellevuenet.co.za,031 717 2780,http://www.bellevuecafe.co.za/,cafes,"Durban, South Africa",google_maps
The KZNSA Arts Cafe,"166 Bulwer Rd, Glenwood, Durban, 4001, South Africa",,gallery@kznsagallery.co.za,031 277 1702,http://www.kznsagallery.co.za/,cafes,"Durban, South Africa",google_maps
The Coffee Movement,"1737 Balboa St, San Francisco, CA 94121, USA",,aloha@thecoffeemovement.com,,https://www.thecoffeemovement.com/,coffee shops,"San Francisco, USA",google_maps
Scullery,"687 Geary St, San Francisco, CA 94102, USA",,info@scullerysf.com,(415) 440-4497,http://www.scullerysf.com/,coffee shops,"San Francisco, USA",google_maps
Saint Frank Coffee,"2340 Polk St, San Francisco, CA 94109, USA",,info@saintfrankcoffee.com,(415) 881-8062,http://www.saintfrankcoffee.com/,coffee shops,"San Francisco, USA",google_maps
Hedge Coffee,"434 Shotwell St, San Francisco, CA 94110, USA",,coffee@hedge.coffee,(415) 603-9818,http://hedge.coffee/,coffee shops,"San Francisco, USA",google_maps
Third Wheel Coffee,"535 Scott St, San Francisco, CA 94117, USA",,info@thirdwheel.coffee,,http://www.thirdwheel.coffee/,coffee shops,"San Francisco, USA",google_maps
Caffe Trieste,"601 Vallejo St, San Francisco, CA 94133, USA",,caffetriestenorthbeach@yahoo.com,(415) 392-6739,https://caffetrieste.com/,coffee shops,"San Francisco, USA",google_maps
Home Coffee Roasters,"455 Grant Ave, San Francisco, CA 94108, USA",,hello@homecoffeesf.com,(415) 780-5423,http://homecoffeesf.com/,coffee shops,"San Francisco, USA",google_maps
Madhouse Cafe,"24 Blue Hill Ave, Boston, MA 02119, USA",,madhousecafeboston@gmail.com,(617) 620-1501,https://madhousecafe.com/,coffee shops,"Boston, USA",google_maps
cacao,"64 Broad St, Boston, MA 02109, USA",,cacao@cacaonuts.com,(857) 449-9098,https://cacaonuts.com/,coffee shops,"Boston, USA",google_maps
Seattle Sunshine Coffee,"5508 35th Ave NE, Seattle, WA 98105, USA",,seattlesunshinecoffee@gmail.com,(206) 420-8461,https://www.seattlesunshinecoffee.com/,coffee shops,"Seattle, USA",google_maps
Overcast Coffee,"1517 12th Ave Suite 100, Seattle, WA 98122, USA",,info@overcastcoffee.co,(206) 588-2621,http://www.overcastcoffee.co/,coffee shops,"Seattle, USA",google_maps
200 Degrees Coffee Shop,"12 Lower Temple St, Birmingham B2 4JD, UK",,info@200degs.com,0121 312 4383,http://www.200degs.com/,coffee shops,"Birmingham, UK",google_maps
The Milkman,"7 Cockburn St, Edinburgh EH1 1BP, UK",,hello@themilkman.coffee,,http://www.themilkman.coffee/,coffee shops,"Edinburgh, UK",google_maps
The Coffee Cave,"158 Fountainbridge, Edinburgh EH3 9RX, UK",Coffee Lovers,sales@thecoffeecave.com,,http://thecoffeecave.com/,coffee shops,"Edinburgh, UK",google_maps
The Edinburgh Larder - Blackfriars Street,"15 Blackfriars St, Edinburgh EH1 1NB, UK",,info@edinburghlarder.co.uk,0131 556 6922,http://www.edinburghlarder.co.uk/,coffee shops,"Edinburgh, UK",google_maps
Triple-Tri Coffee,"45A York Pl, Edinburgh EH1 3HP, UK",,tripletricoffee@gmail.com,,http://www.tripletricoffee.com/,coffee shops,"Edinburgh, UK",google_maps
Cairngorm Coffee,"1 Melville Pl, Edinburgh EH3 7PR, UK",The Producers Our,orders@cairngormcoffee.com,,http://www.cairngorm.coffee/,coffee shops,"Edinburgh, UK",google_maps
Bastard Barista,"15 Queen St, Edinburgh EH2 1JE, UK",,info@bastardbarista.com,0131 603 7372,https://www.bastardbarista.com/,coffee shops,"Edinburgh, UK",google_maps
Willow Grove Coffee,"531 Sauchiehall St, Glasgow G3 7PQ, UK",,adele@willowgrovecoffee.co.uk,0141 237 3490,https://www.willowgrovecoffee.com/,coffee shops,"Glasgow, UK",google_maps
iCafe Merchant City,"70-72 Ingram St, Glasgow G1 1EX, UK",,recruitment@icafe.uk.com,,http://www.icafe.uk.com/,coffee shops,"Glasgow, UK",google_maps
Café Redwood,"2604 Rue Saint-Patrick, Montréal, QC H3K 1B8, Canada",,caferedwoodmtl@gmail.com,,http://caferedwood.com/,coffee shops,"Montreal, Canada",google_maps
Bono Coffee Roasters,"733 1 Ave NE, Calgary, AB T2E 0B8, Canada",,bonocoffee001@gmail.com,(403) 200-2166,http://bonocoffee.ca/,coffee shops,"Calgary, Canada",google_maps
Humble Coffee Roasters,"635 8 Ave SW #220, Calgary, AB T2P 3M3, Canada",,humblecoffeeroasters@gmail.com,(403) 850-9396,https://www.humblecoffeeroasters.ca/,coffee shops,"Calgary, Canada",google_maps
Strauss,"189 Elizabeth St, Laneway, Brisbane City QLD 4002, Australia",,contact@strausscafe.com.au,(07) 3236 5232,http://www.strausscafe.com.au/,coffee shops,"Brisbane, Australia",google_maps
Edward Espresso & Kitchen,"25/275 Edward St, Brisbane City QLD 4000, Australia",,orders@edwardespresso.com.au,,https://edwardespresso.com.au/,coffee shops,"Brisbane, Australia",google_maps
VELVET,"4 St Patrick's Quay, Victorian Quarter, Cork, T23 N294, Ireland",,contact@velvetcork.ie,,https://www.velvetcork.ie/,coffee shops,"Cork, Ireland",google_maps
Maranui Cafe,"Lvl1, 7A Lyall Parade, Lyall Bay, Wellington 6022, New Zealand",,maranuimanager@gmail.com,04 387 4539,http://www.maranuicafe.co.nz/,coffee shops,"Wellington, New Zealand",google_maps
CoffeeShop Company,"19-C N.W.A, Club Rd, Punjabi Bagh, New Delhi, Delhi, 110026, India",,feedback@franchiseindia.in,,https://coffeeshopcompany.co.in/,coffee shops,"Delhi, India",google_maps
Cafe By Soul,"B-11/1, Ashoka Cresent Marg, DLF Phase 1, Sector 26A, Gurugram, Haryana 122002, India",,cafebysoul@gmail.com,088268 56001,http://www.cafebysoul.com/,coffee shops,"Delhi, India",google_maps
DiGhent Cafe,"Level 2, Crosspoint Mall, 208, opposite Galleria Market, Sector 28, DLF Phase IV, Gurugram, Haryana 122002, India",,reachout@dighent.com,0124 422 7444,https://www.dighent.com/,coffee shops,"Delhi, India",google_maps
Chika - A Coffee Collective,"GF, 8-2, Azkis Castle, 268/1/16/D-1, Banjara Hills Rd Number 3, Sagar Society, Sri Nagar Colony, Aurora Colony, Banjara Hills, Hyderabad, Telangana 500034, India",,chikacoffeeroasters@gmail.com,081250 81243,https://www.chikacoffee.com/,coffee shops,"Hyderabad, India",google_maps
Cafe Niloufer Premium Lounge - Banjara Hills,"Divine Banjara - AMN, 8-2-685/P2 & P3, Road No. 12, Venkateswara Colony, Banjara Hills, Hyderabad, Telangana 500034, India",,feedback@cafeniloufer.com,076589 33930,https://www.cafeniloufer.com/,coffee shops,"Hyderabad, India",google_maps
Beachville Coffee Roasters,"99, St Marys Rd, Subbaraya Avenue, Vidhya Thirtha Nagar, Alwarpet, Chennai, Tamil Nadu 600018, India",,support@beachvillecoffee.com,096770 53244,http://www.beachvillecoffee.com/,coffee shops,"Chennai, India",google_maps
The Grind Coffee Company,"Cnr Whiteley Road and, The High St, Melrose, Johannesburg, 2196, South Africa",,max@thegrindcoffeecompany.co.za,010 753 3183,https://grindcoffeecompany.co.za/,coffee shops,"Johannesburg, South Africa",google_maps
DE FACTO COFFEE,"39 Somerset St, Mayfair, Johannesburg, 2108, South Africa",,info@defactocoffee.co.za,086 133 3228,http://www.defactocoffee.co.za/,coffee shops,"Johannesburg, South Africa",google_maps
Freshly Ground Coffee,"19 Keyes Ave, Rosebank, Johannesburg, 2196, South Africa",,info@freshlyground.co.za,010 500 1694,http://www.freshlyground.co.za/,coffee shops,"Johannesburg, South Africa",google_maps
Reserved Cafe,"75 4th Ave, Melville, Johannesburg, 2109, South Africa",,reservedcafe@gmail.com,073 789 2632,http://www.reservedcafe.co.za/,coffee shops,"Johannesburg, South Africa",google_maps
The Flower Cup - Coffee Shop,"Corner off, vickers, and, Marjorie St, City Deep, Johannesburg South, 2197, South Africa",,info@grandiflora.co.za,010 017 1108,https://grandiflora.co.za/pages/the-flower-cup,coffee shops,"Johannesburg, South Africa",google_maps
Sextant Coffee Roasters,"1415 Folsom St, San Francisco, CA 94103, USA",,info@sextantcoffee.com,(415) 355-1415,http://sextantcoffee.com/,espresso bars,"San Francisco, USA",google_maps
The Buena Vista,"2765 Hyde St, San Francisco, CA 94109, USA",,thebuenavista@comcast.net,(415) 474-5044,http://www.thebuenavista.com/home/home.html,espresso bars,"San Francisco, USA",google_maps
Ocean Beach Cafe,"734 La Playa St, San Francisco, CA 94121, USA",,aloha@oceanbeachcafe.com,(415) 753-9352,https://www.oceanbeachcafe.com/,espresso bars,"San Francisco, USA",google_maps
Dento Piano Cafe and Bar,"1339 Folsom St, San Francisco, CA 94103, USA",,dentopianocafebar@gmail.com,,https://www.dentopianocafebar.com/,espresso bars,"San Francisco, USA",google_maps
Caffè dello Sport,"308 Hanover St, Boston, MA 02113, USA",,mivan@caffedellosport.net,(617) 523-5063,https://www.caffedellosport.net/,espresso bars,"Boston, USA",google_maps
Broadsheet Coffee Roasters,"100 Kirkland St, Cambridge, MA 02138, USA",,hi@broadsheetcoffee.com,(617) 945-2867,https://broadsheetcoffee.com/,espresso bars,"Boston, USA",google_maps
Nine Bar Espresso,"11 Holland St, Somerville, MA 02144, USA",,ninebarespresso.somerville@gmail.com,(617) 764-1915,https://www.ninebarespresso.net/,espresso bars,"Boston, USA",google_maps
4th Ave Espresso Bar,"1208 4th Ave, Seattle, WA 98101, USA",,olympic@fairmont.com,(206) 287-4008,https://www.fairmont.com/seattle/dining/fourth-ave-espresso-bar/,espresso bars,"Seattle, USA",google_maps
Uptown Espresso - Belltown,"2504 4th Ave, Seattle, WA 98121, USA",,office@uptownespresso.com,(206) 441-1084,https://www.uptownespresso.com/,espresso bars,"Seattle, USA",google_maps
Cafe Allegro,"Alleyway, 4214 University Wy NE, Seattle, WA 98105, USA",,wholesale@seattleallegro.com,(206) 633-3030,http://www.seattleallegro.com/,espresso bars,"Seattle, USA",google_maps
Espresso Vivace Capitol Hill,"532 Broadway E, Seattle, WA 98102, USA",,info@espressovivace.com,(206) 860-2722,http://espressovivace.com/,espresso bars,"Seattle, USA",google_maps
The Fonte Bar at Rainier Square,"401 Union St Suite 201, Seattle, WA 98101, USA",,info@thefontebar.com,(206) 556-2790,https://www.thefontebar.com/,espresso bars,"Seattle, USA",google_maps
Goldvine Coffee Bar & Gallery,"2125 Western Ave, Seattle, WA 98121, USA",,info@goldvinecoffee.com,,https://www.goldvinecoffee.com/,espresso bars,"Seattle, USA",google_maps
Hey Brew Espresso,"Bristol Rd, Birmingham B29 6BD, UK",,info@heybrew.co.uk,07897 604081,http://www.heybrew.co.uk/,espresso bars,"Birmingham, UK",google_maps
Fern Coffee Bar,"324 Argyle St, Glasgow G2 8LY, UK",,hello@ferncoffee.co.uk,,http://www.ferncoffee.co.uk/,espresso bars,"Glasgow, UK",google_maps
Papercup Coffee Company,"603 Great Western Rd, Glasgow G12 8HX, UK",,info@papercupcoffee.co.uk,07719 454376,http://www.papercupcoffee.co.uk/,espresso bars,"Glasgow, UK",google_maps
Pigeon Espresso Bar,"1394 Blvd. De Maisonneuve Ouest, Montreal, QC H3G 0C8, Canada",,pigeons@pigeonespressobar.com,(514) 447-9570,http://pigeoncafe.ca/,espresso bars,"Montreal, Canada",google_maps
Eight Ounce Coffee,"2600 Portland St SE #2040, Calgary, AB T2G 4M6, Canada",,customers@eightouncecoffee.ca,(403) 457-9844,http://www.eightouncecoffee.ca/,espresso bars,"Calgary, Canada",google_maps
Kinky Lizard Cafe Espresso Bar,"78a/20 Royal St, East Perth WA 6004, Australia",,info@kinkylizard.com.au,(08) 6381 0014,http://www.kinkylizard.com.au/,espresso bars,"Perth, Australia",google_maps
Craic & Coffee,"6 Washington St, Centre, Cork, T12 E191, Ireland",,atendimento@dguests.com,085 748 1768,https://www.dguests.com/cardapio/craic.coffee01?fbclid=PAZXh0bgNhZW0CMTEAAaerk3PGF7rycn4EgkVXLY1KVucLthQCh7ZDs26Rm5NKrae0p_aFA3_ZNBnxUQ_aem_lnoE9FTrVTfT_rGB12yDVw,espresso bars,"Cork, Ireland",google_maps
Zephyr Café & Bar,"217 Wakefield Street, Wellington Central, Wellington 6011, New Zealand",Sarah Searancke,hello@zephyrcafe.co.nz,022 378 6951,https://www.zephyrcafe.co.nz/,espresso bars,"Wellington, New Zealand",google_maps
The Beanery by Mojo,"44 The Terrace, Wellington Central, Wellington 6011, New Zealand",,beanery@mojo.coffee,04 473 1903,https://mojo.coffee/collections/locations/products/beanery,espresso bars,"Wellington, New Zealand",google_maps
Cha Bar,"N-81, Barakhamba Rd, Block N, Connaught Place, New Delhi, Delhi 110001, India",,chabarkol@apeejaygroup.com,099109 94865,https://chabar.in/,espresso bars,"Delhi, India",google_maps
Savorworks Coffee & Chocolate,"9, Commercial Complex, Greater Kailash Part 3, Masjid Moth, Greater Kailash, Greater Kailash2, New Delhi, Delhi 110048, India",Our Team In,info@savorworksroasters.com,087506 17272,https://www.savorworksroasters.com/,espresso bars,"Delhi, India",google_maps
Café 27,"1St,2ND & 3RD FLOOR, Kailash Colony Market, H-S-26, Kailash Colony, Greater Kailash, New Delhi, Delhi 110048, India",,help+70093@cusiq.ai,098112 78880,http://cafe27.in/,espresso bars,"Delhi, India",google_maps
The Caffeine Baar Cafe & Roastery,"The Caffeine Baar, 1424/81, S End A Cross Rd, KSRTC Layout, 2nd Phase, J. P. Nagar, Bengaluru, Karnataka 560041, India",,info@thecaffeinebaar.com,096114 94141,https://www.thecaffeinebaar.com/,espresso bars,"Bangalore, India",google_maps
Alchemy,"The Chancery Pavilion, Residency Rd, Shanthala Nagar, Ashok Nagar, Bengaluru, Karnataka 560025, India",,sales@chanceryhotels.com,096119 81818,http://www.chanceryhotels.com/,espresso bars,"Bangalore, India",google_maps
Cafe Noir,"Unit No 206, The Collection, UB City, 24, Vittal Mallya Rd, KG Halli, D' Souza Layout, Ashok Nagar, Bengaluru, Karnataka 560001, India",,contact@cafenoir.in,080 4098 2050,https://cafenoir.in/,espresso bars,"Bangalore, India",google_maps
