business_name,address,owner_name,email,phone,website,category,city,source
Bistro Amsterdam,"Prinsengracht 287H, 1016 GW Amsterdam, Netherlands",,,020 627 9016,http://www.bistroamsterdam.nl/,bistro,"Amsterdam, Netherlands",google_maps
o bistro,"Lindengracht 248, 1015 KM Amsterdam, Netherlands",,info@obistro.nl,,http://www.obistro.nl/,french restaurant,"Amsterdam, Netherlands",google_maps
Bistro Baret,"Korte Amstelstraat 18, 1018 XS Amsterdam, Netherlands",,info@bistrobaret.nl,020 622 5602,http://www.bistrobaret.nl/,bistro,"Amsterdam, Netherlands",google_maps
Bistrot des Alpes,"Hobbemakade 64, 1071 XM Amsterdam, Netherlands",,,06 31383181,https://www.bistrotdesalpesamsterdam.nl/,french restaurant,"Amsterdam, Netherlands",google_maps
Bistro Berlage,"Beursplein 1, 1012 JW Amsterdam, Netherlands",,info@bistroberlage.com,020 530 4146,https://www.bistroberlage.com/,bistro,"Amsterdam, Netherlands",google_maps
Bistro Bos,"Bos en Lommerweg 77, 1055 DP Amsterdam, Netherlands",,,020 334 2378,https://bistrobos.nl/,restaurant,"Amsterdam, Netherlands",google_maps
Bistrot Neuf,"Haarlemmerstraat 9, 1013 EH Amsterdam, Netherlands",,reserveringen@neuf.amsterdam,020 400 3210,https://neuf.amsterdam/,french restaurant,"Amsterdam, Netherlands",google_maps
Seafood Bistro,"Warmoesstraat 45, 1012 HV Amsterdam, Netherlands",,,020 423 2167,http://www.seafoodbistro.nl/,bistro,"Amsterdam, Netherlands",google_maps
Bistro Niko,"3344 Peachtree Rd NE, Atlanta, GA 30326, USA",,,(404) 261-6456,https://buckheadrestaurants.com/restaurant/bistro-niko/,bistro,"Atlanta, USA",google_maps
Red Room Bistro,"255 Trinity Ave SW, Atlanta, GA 30303, USA",,,(470) 263-1664,http://www.redroombistro.com/,bistro,"Atlanta, USA",google_maps
Atrium - American Bistro & Martini Bar,"675 Ponce De Leon Ave NE #158, Atlanta, GA 30308, USA",,info@atriumatl.com,(404) 600-3939,https://www.atriumatl.com/,restaurant,"Atlanta, USA",google_maps
Southern Bistro,"4920 Roswell Rd Suite 55, Sandy Springs, GA 30342, USA",,info@southernbistroatl.com,(404) 705-8444,http://www.southernbistroatl.com/,brunch restaurant,"Atlanta, USA",google_maps
THE CHASTAIN - Restaurant,"4320 Powers Ferry Rd NW, Atlanta, GA 30342, USA",,info@thechastainatl.com,(404) 257-6416,http://www.thechastainatl.com/,restaurant,"Atlanta, USA",google_maps
Anis Cafe & Bistro,"2974 Grandview Ave NE, Atlanta, GA 30305, USA",,,(404) 233-9889,https://www.anisbistro.com/,french restaurant,"Atlanta, USA",google_maps
The Bistro - Eat. Drink. Connect.®,"133 Carnegie Way NW, Atlanta, GA 30303, USA",,,(404) 844-5566,https://www.marriott.com/en-us/hotels/atldo-courtyard-atlanta-downtown/dining/?scid=feed67b0-9a2f-4de1-8df6-114544116108,bistro,"Atlanta, USA",google_maps
a mano,"587 Ralph McGill Blvd NE, Atlanta, GA 30312, USA",,,(404) 549-7727,https://www.amanoatl.com/,italian restaurant,"Atlanta, USA",google_maps
By George restaurant and bar,"127 Peachtree Rd NE, Atlanta, GA 30303, USA",,,(470) 851-2752,https://www.bygeorgeatl.com/,restaurant,"Atlanta, USA",google_maps
Bread & Butterfly,"290 Elizabeth St NE F, Atlanta, GA 30307, USA",Jessica White Beverage,info@bread-and-butterfly.com,(678) 515-4536,http://www.bread-and-butterfly.com/,bistro,"Atlanta, USA",google_maps
The Garden Room,"88 W Paces Ferry Rd NW, Atlanta, GA 30305, USA",,websitecontact@thegardenroomatlanta.com,(404) 600-6471,https://thegardenroomatlanta.com/,lounge bar,"Atlanta, USA",google_maps
Utopia Restaurant at the Underground Atlanta,"50 Upper Alabama St, Atlanta, GA 30303, USA",,info@utopialoungeatl.com,(470) 886-1803,https://utopialoungeatl.com/,restaurant,"Atlanta, USA",google_maps
Ziba's Bistro and Wine Bar,"560 &, 562 Boulevard SE, Atlanta, GA 30312, USA",,zibasbistro@gmail.com,(404) 622-4440,https://www.zibasbistroandwinebar.com/,restaurant,"Atlanta, USA",google_maps
Louisiana Bistreaux Seafood Kitchen Buckhead,"3312 Piedmont Rd NE, Atlanta, GA 30305, USA",,,(404) 941-9545,https://www.louisianabistreaux.com/,cajun restaurant,"Atlanta, USA",google_maps
Pacific Rim Bistro,"303 Peachtree Center Ave NE, Atlanta, GA 30303, USA",,pacificrimbistro@gmail.com,(404) 893-0018,http://www.pacificrimbistro.com/,sushi restaurant,"Atlanta, USA",google_maps
Fin & Feathers Restaurants,"345 Edgewood Ave SE, Atlanta, GA 30312, USA",,info@finandfeathersrestaurants.com,(404) 855-5524,http://www.finandfeathersrestaurants.com/,restaurant,"Atlanta, USA",google_maps
Café Bistro at Nordstrom,"3500 Peachtree Rd NE, Atlanta, GA 30326, USA",,,(404) 442-3081,https://www.nordstrom.com/store-details/nordstrom-phipps-plaza?utm_source=google&utm_medium=organic&utm_campaign=food&utm_content=25772&utm_channel=low_nd_seo_local&sp_source=google&sp_campaign=food,cafe,"Atlanta, USA",google_maps
The Southern Gentleman,"3035 Peachtree Rd NE A208, Atlanta, GA 30305, USA",,southerngentleman@sphospitality.com,(404) 939-9845,http://www.thesoutherngentlemanatl.com/,american restaurant,"Atlanta, USA",google_maps
Southern National,"72 Georgia Ave SE Suite 100, Atlanta, GA 30312, USA",,,(404) 907-4245,https://www.southernational.com/,american restaurant,"Atlanta, USA",google_maps
Bistro Saine,"51 Albert Street, Auckland CBD, Auckland 1010, New Zealand",,bonjour@bistrosaine.co.nz,09 610 8404,https://bistrosaine.co.nz/,restaurant,"Auckland, New Zealand",google_maps
Soul Bar & Bistro,"Corner of Lower Hobson Street, Customs Street West, Auckland CBD, Auckland 1010, New Zealand",,,09 356 7249,http://www.soulbar.co.nz/,bistro,"Auckland, New Zealand",google_maps
Origine Bistro,"Commercial Bay Level 2/172 Quay Street, Auckland CBD, Auckland 1010, New Zealand",,,027 674 4463,http://www.origine.nz/,bistro,"Auckland, New Zealand",google_maps
Hugo's Bistro,"67 Shortland Street, Auckland CBD, Auckland 1010, New Zealand",,hello@hugosbistro.co.nz,09 320 4387,http://hugosbistro.co.nz/,restaurant,"Auckland, New Zealand",google_maps
One Tree Grill,"9 Pah Road, Epsom, Auckland 1023, New Zealand",,,09 909 7215,https://www.onetreegrill.co.nz/,restaurant,"Auckland, New Zealand",google_maps
The French Cafe,"210 Symonds Street, Eden Terrace, Auckland 1010, New Zealand",,,09 377 1911,https://www.thefrenchcafe.co.nz/,fine dining restaurant,"Auckland, New Zealand",google_maps
Amano,"66 - 68, Tyler Street, Britomart Place, Auckland CBD, Auckland 1010, New Zealand",Bhupen Master Independent,events@savorgroup.co.nz,09 394 1416,https://savor.co.nz/amano,restaurant,"Auckland, New Zealand",google_maps
Bucks Bistro,"23A The Parade, Bucklands Beach, Auckland 2012, New Zealand",POSITIVELY CHAOTIC COMPANY,manager@bucksbistro.co.nz,09 215 8435,https://www.bucksbistro.co.nz/,bistro,"Auckland, New Zealand",google_maps
Paname Social,"1/3 Lorne Street, Auckland CBD, Auckland 1010, New Zealand",,hello@panamesocial.co.nz,09 884 0983,https://www.panamesocial.co.nz/?fbclid=PAAaaXQSPI3joeLPNoRLab4I5l7rWlAQLA_ECggdM8gEhv_l--75ubGUZiiQ4,bistro,"Auckland, New Zealand",google_maps
Ahi.,"Commercial Bay Level 2/7 Queen Street, Auckland CBD, Auckland 1010, New Zealand",,,022 524 4255,http://ahi.restaurant/,restaurant,"Auckland, New Zealand",google_maps
Paris Butter,"166 Jervois Road, Herne Bay, Auckland 1011, New Zealand",,,09 376 5597,http://www.parisbutter.co.nz/,restaurant,"Auckland, New Zealand",google_maps
Le Garde-Manger,"466 Queen Street, Auckland CBD, Auckland 1010, New Zealand",,bookings@www.legardemanger.co.nz,09 362 0655,http://www.legardemanger.co.nz/,french restaurant,"Auckland, New Zealand",google_maps
Bar Magda,"25b Cross Street, Auckland CBD, Auckland 1010, New Zealand",,hi@barmagda.co.nz,021 127 9377,http://www.barmagda.co.nz/,restaurant,"Auckland, New Zealand",google_maps
Living Room,"Park Hyatt Auckland 99 Halsey Street, Auckland CBD, Auckland 1010, New Zealand",,,09 366 2503,https://www.hyatt.com/en-US/hotel/new-zealand/park-hyatt-auckland/aklph/dining,restaurant,"Auckland, New Zealand",google_maps
Le Chef,"13 O'Connell Street, Auckland CBD, Auckland 1010, New Zealand",,booking@le-chef.co.nz,09 373 4723,https://le-chef.co.nz/,french restaurant,"Auckland, New Zealand",google_maps
Bistro Sagrada,"Carrer de la Marina, 228, Eixample, 08013 Barcelona, Spain",,,931 24 69 48,http://www.restaurantebistrosagrada.com/,mediterranean restaurant,"Barcelona, Spain",google_maps
Le Bistro Sensi,"Carrer del Regomir, 4, Ciutat Vella, 08002 Barcelona, Spain",,,932 50 61 49,http://www.sensi.es/bistro,tapas restaurant,"Barcelona, Spain",google_maps
Olivia Bistro,"Carrer de Viladomat, 80, Eixample, 08015 Barcelona, Spain",,oliviabar.bcn@gmail.com,658 08 68 69,https://olivia-bistro.makro.rest/,restaurant,"Barcelona, Spain",google_maps
Paisano Bistró,"Carrer de Lepant, 277, Eixample, 08013 Barcelona, Spain",,,935 25 04 71,https://paisanobistro.com/,italian restaurant,"Barcelona, Spain",google_maps
BODEGA OLIVA,"Carrer del Vidre, 8, Ciutat Vella, 08002 Barcelona, Spain",,,,,bar,"Barcelona, Spain",google_maps
El Nacional Barcelona,"Pg. de Gràcia, 24 Bis, Eixample, 08007 Barcelona, Spain",,,935 18 50 53,https://www.elnacionalbcn.com/,spanish restaurant,"Barcelona, Spain",google_maps
Bistrot Levante,"Placeta de Manuel Ribé, 1, Ciutat Vella, 08002 Barcelona, Spain",,,938 58 26 79,http://bistrotlevante.com/,restaurant,"Barcelona, Spain",google_maps
AL BISTRO',"Carrer de Blai, 56, Sants-Montjuïc, 08004 Barcelona, Spain",,,930 27 79 68,http://www.albistrorestaurante.com/,mediterranean restaurant,"Barcelona, Spain",google_maps
The Bistrot - Santa Eulàlia,"Pg. de Gràcia, 93, Eixample, 08008 Barcelona, Spain",,,932 15 06 74,https://www.santaeulalia.com/pages/bistrot,deli,"Barcelona, Spain",google_maps
Algrano Bistro | Tamarit,"Carrer de Tamarit, 104, Eixample, 08015 Barcelona, Spain",,info@algranobistro.com,640 39 99 88,http://www.algranobistro.com/,restaurant,"Barcelona, Spain",google_maps
Salut Bistro,"Carrer d'Enric Granados, 58, Eixample, 08008 Barcelona, Spain",,,600 05 60 71,http://salutbistro.es/,breakfast restaurant,"Barcelona, Spain",google_maps
Gourmet Sensi,"Carrer de Milans, 4, Ciutat Vella, 08002 Barcelona, Spain",,gourmet@sensi.es,936 73 62 65,https://sensi.es/gourmet,tapas restaurant,"Barcelona, Spain",google_maps
GILDA,"Carrer Ample, 34-38, Ciutat Vella, 08002 Barcelona, Spain",,,933 10 34 92,https://gildabybelgious.com/?utm_source=gmb&utm_medium=gmb&utm_campaign=web,restaurant,"Barcelona, Spain",google_maps
Bistro Medina,"Charlottenstraße, Schützenstraße 19 Ecke, 10117 Berlin, Germany",,bistro.medina@t-online.de,030 36419148,http://www.bistromedina.de/,restaurant,"Berlin, Germany",google_maps
Mervan Bistro,"Schillingstraße 1A, 10179 Berlin, Germany",,,01525 2587325,https://www.mervans-kebab.de/,falafel restaurant,"Berlin, Germany",google_maps
Bistro Lebenswelten - Humboldt Forum,"Schloßpl. 1, 10178 Berlin, Germany",,humboldtforum@lebenswelten.de,030 555705881,https://www.humboldtforum-lebenswelten.de/,bistro,"Berlin, Germany",google_maps
ALIBABA BISTRO,"Rochstraße 14E, 10178 Berlin, Germany",,,,https://alibababistro.shop/,falafel restaurant,"Berlin, Germany",google_maps
Best Bistro,"Schlesische Str. 2, 10997 Berlin, Germany",,,030 69517937,https://www.bestbistro.de/,bistro,"Berlin, Germany",google_maps
1900 Cafe Bistro,"Knesebeckstraße 76, 10623 Berlin, Germany",,,030 88715871,,bistro,"Berlin, Germany",google_maps
Restaurant Maximilians Berlin,"Friedrichstraße 185-190, 10117 Berlin, Germany",,,030 20450559,https://www.maximilians-berlin.de/,bavarian restaurant,"Berlin, Germany",google_maps
Sphere Tim Raue,"Alexanderplatz, Panoramastraße 1A, 10178 Berlin, Germany",,,030 247575875,http://www.tv-turm.de/,german restaurant,"Berlin, Germany",google_maps
Bistro am Magdeburger Platz,"Lützowstraße 31, 10785 Berlin, Germany",,,030 23003902,,bistro,"Berlin, Germany",google_maps
Bistro Mitte,"Marlene-Dietrich-Platz 2, 10785 Berlin, Germany",,,030 25531527,https://www.hyattrestaurants.com/de/berlin/restaurant/bistro-mitte-berlin-potsdamer-platz?src=prop_bergh_de_misc_other_googlebusinessprofile_organic,western restaurant,"Berlin, Germany",google_maps
Nante-Eck | Restaurant Berlin Mitte,"Unter den Linden 35, 10117 Berlin, Germany",,,030 22487257,https://www.nante-eck.de/,german restaurant,"Berlin, Germany",google_maps
Restaurant Pastis,"Rüdesheimer Str. 9, 14197 Berlin, Germany",,,030 81055769,http://www.restaurant-pastis.de/,bistro,"Berlin, Germany",google_maps
Belmondo,"Knesebeckstraße 93, 10623 Berlin, Germany",,info@belmondo-berlin.de,030 36287261,http://www.belmondo-berlin.de/,bistro,"Berlin, Germany",google_maps
ITA Bistro,"Lettestraße 9, 10437 Berlin, Germany",,hello@ita-berlin.de,030 64328158,http://www.ita-berlin.de/,bistro,"Berlin, Germany",google_maps
Gina Bistrot,"Zionskirchstraße 77, 10119 Berlin, Germany",,ginabistrot.berlin@gmail.com,01520 6216957,http://www.ginabistrot.com/,bistro,"Berlin, Germany",google_maps
PeterPaul,"Torstraße 99, 10119 Berlin, Germany",,mail@peterpaul.berlin,030 43773043,http://peterpaul.berlin/,german restaurant,"Berlin, Germany",google_maps
El Bandido Bistro,"Cl. 79b #7-12, Bogotá, Colombia",,,(601) 2125709,http://www.bandidobistro.com/,bar and grill,"Bogotá, Colombia",google_maps
Origen Bistro,"Centro Histórico, Cra. 4 #12 C 88, Bogotá, Colombia",,,310 5548665,http://www.origenbistro.com/,restaurant,"Bogotá, Colombia",google_maps
New York Bistro/Rooftop,"Cl 93b #11a-84 piso A, Chapinero, Bogotá, Cundinamarca, Colombia",,,301 8266230,http://newyorkbistro.co/,restaurant,"Bogotá, Colombia",google_maps
Bistro 1927,"Cl 45a #19-33, Teusaquillo, Bogotá, Colombia",,,313 3052289,https://www.bistro1927.com/,restaurant,"Bogotá, Colombia",google_maps
De Rivero Bistró,"Cra. 8 #65A 21, Chapinero, Bogotá, Colombia",,,322 4708564,https://derivero.com.co/,bistro,"Bogotá, Colombia",google_maps
RESTAURANTE BAR ESPLÉNDIDO BISTRÓ CENTRO,"Cra 8 #15-82, Santa Fé, Bogotá, Cundinamarca, Colombia",,,314 3510080,,restaurant,"Bogotá, Colombia",google_maps
"LONDO, cocina al carbón","Edificio Salvio, Cl. 93a #12-35 Local S4, Bogotá, Colombia",,,320 9913418,https://instagram.com/londobistro?igshid=MjkzY2Y1YTY=,restaurant,"Bogotá, Colombia",google_maps
Le Grand Mamma 116,"Ac 116 #15-65, Bogotá, Colombia",,,(601) 5088458,https://grupolegrand.com/,french restaurant,"Bogotá, Colombia",google_maps
Flambée Bistró & Café,"Cra. 11 #93-40, Bogotá, Colombia",,,315 0656045,https://flambee.com.co/,french restaurant,"Bogotá, Colombia",google_maps
Le Roi El Bistrot Francés,"Cl. 68 #5-32, Bogotá, Colombia",,,321 3860210,https://leroibistro.com/,french restaurant,"Bogotá, Colombia",google_maps
Antagónico Café Bistró,"Cra. 17a #122-27, Bogotá, Colombia",,,300 5368410,,restaurant,"Bogotá, Colombia",google_maps
Capital Bistro Colombia,"Ac. 24 #75 72, Bogotá, Colombia",,,(601) 2213062,,restaurant,"Bogotá, Colombia",google_maps
Marie Antoinette | Restaurante Frances,"Cl. 81 #13-05, Chapinero, Bogotá, Cundinamarca, Colombia",,servicioalcliente@restauranteseratta.com,322 7256479,https://www.restmarieantoinette.com/,french restaurant,"Bogotá, Colombia",google_maps
Patrón Bistró,"Kr 13 #82-52, Bogotá, Colombia",,,312 3637990,,restaurant,"Bogotá, Colombia",google_maps
Café Bistrot,"0116834, Bogotá, Colombia",,,320 8294895,,restaurant,"Bogotá, Colombia",google_maps
Venezuela Bistró,"Cl. 95 #15-20, Chapinero, Bogotá, Cundinamarca, Colombia",,,322 4515142,http://www.venezuelabistro.co/,restaurant,"Bogotá, Colombia",google_maps
Bistró Restaurante,"Ak 15 #88-10, Bogotá, Colombia",,,,,restaurant,"Bogotá, Colombia",google_maps
Cosette Andino,"Cra. 11 #82-71, Bogotá, Colombia",,cosette.salitre@dlksa.net,321 2093722,http://www.cosettecafebistro.com/,french restaurant,"Bogotá, Colombia",google_maps
Restaurante Francés Sant Just,"Edificio Asturias, Cl. 16a #2-73, La Candelaria, Bogotá, Colombia",,,314 2442520,https://www.instagram.com/santjustbogota/?hl=fr,bistro,"Bogotá, Colombia",google_maps
Negresco Bistró,"Av. Callao 924, C1023 Cdad. Autónoma de Buenos Aires, Argentina",,,011 4700-7520,https://www.palladiohotelbuenosaires.com/gastronomia/,restaurant,"Buenos Aires, Argentina",google_maps
1745 Café Bistró,"San Martín 705, C1004AAO Cdad. Autónoma de Buenos Aires, Argentina",,,011 5825-8055,https://cafebistro1745.meitre.com/,bistro,"Buenos Aires, Argentina",google_maps
Le Rêve Bistró,"Nicaragua 5001, C1114 Cdad. Autónoma de Buenos Aires, Argentina",,,011 6129-4401,https://le-reve-bistro.meitre.com/,restaurant,"Buenos Aires, Argentina",google_maps
St. Regis Restaurant,"Av. Leandro N. Alem 1193, C1004 Cdad. Autónoma de Buenos Aires, Argentina",,,011 4318-9211,https://www.stregisrestaurante.com/,restaurant,"Buenos Aires, Argentina",google_maps
Dada Bistró,"San Martín 941, C1004 Cdad. Autónoma de Buenos Aires, Argentina",,,011 4314-4787,http://dadabistrobar.com/,bar and grill,"Buenos Aires, Argentina",google_maps
Bis Bistró,"Vicente López 1661 Local 12, C1018 Cdad. Autónoma de Buenos Aires, Argentina",,,011 4813-5900,https://bis-bistro.meitre.com/,restaurant,"Buenos Aires, Argentina",google_maps
ROUX,"Peña 2300, C1126ABF Cdad. Autónoma de Buenos Aires, Argentina",,,011 4805-6794,http://www.rouxresto.com/,restaurant,"Buenos Aires, Argentina",google_maps
Lo Del Francés Café Bistrot,"Av. San Juan 500, C1147AAC Cdad. Autónoma de Buenos Aires, Argentina",,,011 15-4065-3825,https://lo-del-frances-cafe-bistrot-buenos-aires.com/es,french restaurant,"Buenos Aires, Argentina",google_maps
L' Orangerie Alvear Palace Hotel,"Av. Alvear 1891, C1129AAA Cdad. Autónoma de Buenos Aires, Argentina",,restaurantes.aph@alvear.com.ar,011 4808-2100,http://alvearpalace.com/restaurantes-bares/restaurant-lorangerie/,restaurant,"Buenos Aires, Argentina",google_maps
Croque Madame,"Av. del Libertador 1902, C1425AAS Cdad. Autónoma de Buenos Aires, Argentina",,,011 4806-8639,http://www.croquemadame.com.ar/,restaurant,"Buenos Aires, Argentina",google_maps
The Argentine Experience,"Gorriti 4832, C1414BJN Cdad. Autónoma de Buenos Aires, Argentina",,,011 15-3986-3613,http://www.theargentineexperience.com/,argentinian restaurant,"Buenos Aires, Argentina",google_maps
Italpast | Faena Buenos Aires,"Juana Manso 1450, C1107 Cdad. Autónoma de Buenos Aires, Argentina",,,011 15-5039-1165,https://www.faena.com/buenos-aires/dining/bistro-sur,restaurant,"Buenos Aires, Argentina",google_maps
La Pescadorita,"Humboldt 1905, C1414CTU Cdad. Autónoma de Buenos Aires, Argentina",,,011 4773-0070,https://www.instagram.com/lapescadorita/?hl=es-la,seafood restaurant,"Buenos Aires, Argentina",google_maps
Las Pizarras bistro,"Thames 2296, C1425 Cdad. Autónoma de Buenos Aires, Argentina",,awright@specialtyvaluation.com,011 2190-8568,http://www.laspizarrasbistro.com/,bistro,"Buenos Aires, Argentina",google_maps
Cafè San Juan,"Av. San Juan 450, C1147 Cdad. Autónoma de Buenos Aires, Argentina",,,011 4300-1112,http://facebook.com/CafeSanJuanOficial,restaurant,"Buenos Aires, Argentina",google_maps
À Nos Amours,"Gorriti 4488 C1414BJF, C1414BJF Cdad. Autónoma de Buenos Aires, Argentina",,,011 4897-2072,,french restaurant,"Buenos Aires, Argentina",google_maps
Santos Manjares,"Paraguay 938, C1057 AAN, Cdad. Autónoma de Buenos Aires, Argentina",,,011 15-6050-2225,,steak house,"Buenos Aires, Argentina",google_maps
Aramburu Relais & Châteaux,"Pasaje del Correo, Vicente López 1661, C1103ACY Cdad. Autónoma de Buenos Aires, Argentina",,,011 4811-1414,http://www.arambururesto.com.ar/,fine dining restaurant,"Buenos Aires, Argentina",google_maps
Florida Garden,"Florida 899, C1005 AAQ, Cdad. Autónoma de Buenos Aires, Argentina",,,011 4312-7902,,argentinian restaurant,"Buenos Aires, Argentina",google_maps
Bouchon Bistro,"95 Hout St, Cape Town City Centre, Cape Town, 8001, South Africa",,,021 422 0695,http://www.bouchon.co.za/,restaurant,"Cape Town, South Africa",google_maps
The Wes Bistro & Bar,"55 Shortmarket St, Cape Town City Centre, Cape Town, 8001, South Africa",,info@thewes.co.za,082 770 3573,https://www.thewes.co.za/,restaurant,"Cape Town, South Africa",google_maps
Bistro Sixteen82,"Steenberg Rd, Tokai, Cape Town, 7945, South Africa",,reservations@bistro1682.co.za,021 205 3866,https://steenbergfarm.com/bistro1682-cape-town-contemporary-restaurant/?utm_source=google&utm_medium=organic&utm_id=gbp-bistro-1682,restaurant,"Cape Town, South Africa",google_maps
La Boheme Wine Bar & Bistro,"341 Main Rd, Sea Point, Cape Town, 8005, South Africa",,,021 434 8797,http://www.labohemebistro.co.za/,restaurant,"Cape Town, South Africa",google_maps
The Bistro @ Klein Constantia,"End of, Klein Constantia Rd, Constantia, Cape Town, 7806, South Africa",,info@kleinconstantia.com,021 794 5188,https://www.kleinconstantia.com/the-bistro/,restaurant,"Cape Town, South Africa",google_maps
Le Bistrot de JAN Cape Town,"Quay, 6, W Quay Rd, Victoria & Alfred Waterfront, Cape Town, 8001, South Africa",,,021 821 4180,https://janonline.com/le-bistrot-de-jan-cape-town/,restaurant,"Cape Town, South Africa",google_maps
London Road Bistro,"13 London Rd, Sea Point, Cape Town, 8005, South Africa",,events@thehydehotel.com,021 434 0205,https://www.thehydehotel.com/venues,bistro,"Cape Town, South Africa",google_maps
Zest Restaurant,"Piazza Da Luz, 94 Regent Rd, Sea Point, Cape Town, 8060, South Africa",,reservations@zestcapetown.co.za,021 010 7010,http://www.zestcapetown.co.za/,restaurant,"Cape Town, South Africa",google_maps
Belly of the beast,"110 Harrington St, Cape Town City Centre, Cape Town, 8000, South Africa",,,076 220 5458,http://www.bellyofthebeast.co.za/,restaurant,"Cape Town, South Africa",google_maps
Grub & Vine,"103 Bree St, Cape Town City Centre, Cape Town, 8000, South Africa",,,021 216 0035,http://www.grubandvine.co.za/,bistro,"Cape Town, South Africa",google_maps
Beyond Bistro,"211 Long St, Cape Town City Centre, Cape Town, 8001, South Africa",,,075 265 2553,,bistro,"Cape Town, South Africa",google_maps
Bistro Monadnock,"325 S Federal St, Chicago, IL 60604, USA",,reso@bistromonadnock.com,(312) 945-7040,http://www.bistromonadnock.com/,french restaurant,"Chicago, USA",google_maps
Bistronomic,"840 N Wabash Ave, Chicago, IL 60611, USA",The Team Bistronomic,bistronomic@hotmail.com,(312) 944-8400,http://bistronomic.net/,bistro,"Chicago, USA",google_maps
River North Bistro,"660 N State St, Chicago, IL 60654, USA",The Team Tom,info@rivernorthbistrochicago.com,(312) 202-6055,http://www.rivernorthbistrochicago.com/,american restaurant,"Chicago, USA",google_maps
Bistro Campagne,"4518 N Lincoln Ave, Chicago, IL 60625, USA",,,(773) 271-6100,http://www.bistrocampagne.com/,french restaurant,"Chicago, USA",google_maps
Boulevard Bistro,"2753 N Western Ave, Chicago, IL 60647, USA",,,(773) 799-8029,http://boulevardbistrochicago.com/,brunch restaurant,"Chicago, USA",google_maps
Grant Park Bistro,"800 S Michigan Ave, Chicago, IL 60605, USA",,,(312) 753-3420,https://www.grantparkbistro.com/,bistro,"Chicago, USA",google_maps
Chez Joël,"1119 W Taylor St, Chicago, IL 60607, USA",,,(312) 226-6479,http://www.chezjoelbistro.com/,bistro,"Chicago, USA",google_maps
Le Bouchon,"1958 N Damen Ave APT 3, Chicago, IL 60647, USA",,,(773) 862-6600,http://www.lebouchonofchicago.com/,french restaurant,"Chicago, USA",google_maps
Village Bistro,The First Collection Hotel at - Mezzanine Floor - Al Barsha South Fourth - Jumeirah Village Circle - Dubai - United Arab Emirates,,info@thefirstcollection.ae,04 275 6621,https://www.thefirstcollection.ae/jvc/restaurants/village-bistro-rest/?utm_source=listings&utm_medium=organic&utm_campaign=villagebistro,restaurant,"Dubai, UAE",google_maps
Bistro Des Arts,Dubai - Marina Mall - Marina Promenade - | - دبي مارينا - دبي - United Arab Emirates,,info@bistrodesarts.ae,04 551 1576,http://www.bistrodesarts.ae/,restaurant,"Dubai, UAE",google_maps
Bistro Royal Dubai,design district Building no 6 - زعبيل الثانية - Dubai Design District - دبي - United Arab Emirates,,,055 352 3078,http://www.bistroroyal.ae/,italian restaurant,"Dubai, UAE",google_maps
Two Bistro,Unit FF - 299 - A - Financial Ctr St - Burj Khalifa - Downtown Dubai - Dubai - United Arab Emirates,,,052 415 7606,,restaurant,"Dubai, UAE",google_maps
Bistro Arabia by FashionTV,MARINA Princess Tower SHOP NO 2 - مرسى دبي - دبي مارينا - دبي - United Arab Emirates,Our Manager,bistroarabiabyftv@gmail.com,058 900 0897,https://bistroarabiaftv.com/,restaurant,"Dubai, UAE",google_maps
Sal’s Bistro,Pavilion - Al Thanyah Fifth - Jumeirah Islands - Dubai - United Arab Emirates,,media@bassili.co,050 788 0222,https://www.salsbistro.co/,bistro,"Dubai, UAE",google_maps
Bistrot Novanta Dubai,Fairmont - المركز التجاري الأولي - دبي - United Arab Emirates,,reservations@bistrotnovanta.com,050 125 5849,https://www.bistrotnovanta.com/,restaurant,"Dubai, UAE",google_maps
Bistro by INK,Ink Hotel Al - Al Jadaf - Jaddaf Waterfront - Dubai - United Arab Emirates,,,058 570 1298,,restaurant,"Dubai, UAE",google_maps
L'AUBERGE RESTAURANT,"Ground Floor , Offices 2, One Central - Dubai World Trade Centre - المركز التجاري الثانية - دبي - United Arab Emirates",Our Chef,restoaubergedubai@gmail.com,04 451 6347,https://laubergerestaurant.com/,restaurant,"Dubai, UAE",google_maps
China Bistro Business Bay,"Downtown Retail 4, Bellevue towers - Burj Khalifa St - Business Bay - Downtown Dubai - Dubai - United Arab Emirates",,,054 995 1532,,restaurant,"Dubai, UAE",google_maps
FRNDS Restaurant,Dubai Dubai Mall - Ground Floor - Burj Khalifa - Downtown Dubai - Dubai - United Arab Emirates,,,04 564 2399,https://frndsdubai.com/,restaurant,"Dubai, UAE",google_maps
Salmontini Le Bistro,Precinct Building 3 - Zaa'beel Second - DIFC - Dubai - United Arab Emirates,,,04 388 2468,https://lebistro.salmontini.com/,mediterranean restaurant,"Dubai, UAE",google_maps
Table Otto - Dubai Mall,"Fashion Avenue, Dubai Mall - برج خليفة - وسط مدينة دبي - دبي - United Arab Emirates",,,04 266 8169,https://www.instagram.com/tableotto.ae/?hl=en,restaurant,"Dubai, UAE",google_maps
Nola Bijou Bistro & Bar,City Walk - C2 - Al Wasl - Dubai - United Arab Emirates,,cwreservations@noladubai.com,04 334 4098,https://www.noladubai.com/,bistro,"Dubai, UAE",google_maps
"Brasserie du Park, Park Hyatt Dubai",Park Hyatt Dubai Dubai Creek Resort - بور سعيد - ديرة - دبي - United Arab Emirates,,,04 602 1814,https://www.hyattrestaurants.com/en/dining/uae/dubai/mediterranean-restaurant-in-dubai-creek-brasserie-du-park,french restaurant,"Dubai, UAE",google_maps
La Serre Dubai,"La Serre, City Walk 2 - C2 Licensed District - الوصل - دبي - United Arab Emirates",,reservations@alpauae.com,052 377 3100,https://laserrecitywalk.com/,french restaurant,"Dubai, UAE",google_maps
Bistro Restaurant,5792+H3W - 26th St - Al Qouz First - Al Quoz - Dubai - United Arab Emirates,,,058 995 8634,,asian restaurant,"Dubai, UAE",google_maps
Murphy’s Bistro Cafe,"22 Bachelors Walk, North City, Dublin 1, D01 V838, Ireland",,,087 362 3284,http://www.murphysbistro.ie/,cafe,"Dublin, Ireland",google_maps
PHX Bistro,"12 Ellis Quay, Smithfield, Dublin, D07 DD88, Ireland",,phxbistro@gmail.com,(01) 611 1161,http://www.phxbistro.com/,bistro,"Dublin, Ireland",google_maps
Copper Alley Bistro,"2 Lord Edward St, Temple Bar, Dublin 2, D02 P634, Ireland",,,(01) 677 0603,https://www.facebook.com/pages/Copper-Alley-Bistro/577963622216131,bistro,"Dublin, Ireland",google_maps
Chez Max,"1 Palace St, Dublin 2, D02 XR57, Ireland",,chezmaxpalace@gmail.com,(01) 633 7215,https://chezmax.com/,french restaurant,"Dublin, Ireland",google_maps
Sparks Bistro,"Unit 3, Block C, Smithfield, Dublin 7, D07 YAA6, Ireland",,info@sparksbistro.com,(01) 873 0003,http://www.sparksbistro.com/,bistro,"Dublin, Ireland",google_maps
Pichet,"14-15 Trinity St, Dublin 2, D02 T998, Ireland",,,(01) 677 1060,https://pichet.ie/,bistro,"Dublin, Ireland",google_maps
l'Gueuleton,"1 Fade St, Dublin 2, D02 RT92, Ireland",,cestbon@lgueuleton.com,087 939 3608,https://lgueuleton.com/,bistro,"Dublin, Ireland",google_maps
Bijou Bistro,"46/47 Highfield Rd, Dublin 6, D06 CD56, Ireland",,reservations@bijourathgar.ie,(01) 496 1518,http://bijourathgar.ie/,cocktail bar,"Dublin, Ireland",google_maps
Iveagh Bistro,"8 Parkgate St, Stoneybatter, Dublin 8, D08 K8P5, Ireland",,,(01) 677 2324,https://www.ashlinghotel.ie/bar,bistro,"Dublin, Ireland",google_maps
Bloom Brasserie,"11 Baggot Street Upper, Dublin, D04 HN92, Ireland",,info@bloombrasserie.ie,(01) 668 7170,http://www.bloombrasserie.ie/,restaurant,"Dublin, Ireland",google_maps
The Bank on College Green,"20-22 College Green, Dublin 2, D02 C868, Ireland",,info@bankoncollegegreen.com,(01) 677 0677,http://www.bankoncollegegreen.com/,european restaurant,"Dublin, Ireland",google_maps
One Society,"1 Gardiner Street Lower, Mountjoy, Dublin 1, D01 P9Y1, Ireland",,,(01) 537 5261,http://www.onesociety.ie/,brunch restaurant,"Dublin, Ireland",google_maps
Note Dublin,"26 Fenian St, Dublin, D02 FX09, Ireland",,,(01) 244 7344,https://www.notedublin.com/,bistro,"Dublin, Ireland",google_maps
The Old Storehouse Bar and Restaurant,"3 Crown Alley, Temple Bar, Dublin, D02 CX67, Ireland",,,(01) 607 4003,http://www.theoldstorehouse.ie/,irish pub,"Dublin, Ireland",google_maps
Fitzers Bistro & Bar,"33 Exchequer St, Dublin, D02 A620, Ireland",,info@fitzers.ie,(01) 255 4499,https://fitzers.ie/,bistro,"Dublin, Ireland",google_maps
The Stage Door Cafe,"Apartment 3, Apartment 3, 11 Essex St E, Temple Bar, Dublin 2, Ireland",,,,,cafe,"Dublin, Ireland",google_maps
"Roly's Bistro & Roly's Heated Terrace Restaurant, Cocktail & Wine Bar","7 Ballsbridge Terrace, Dublin, D04 DT78, Ireland",,ireland@rolysbistro.ie,(01) 668 2611,https://rolysbistro.ie/,bistro,"Dublin, Ireland",google_maps
Upper Kirby Bistro,"2736 Virginia St, Houston, TX 77098, USA",,,(832) 353-2336,https://www.fivecentralhouston.com/,american restaurant,"Houston, USA",google_maps
Bistro Mistral - Memorial,"13616 Memorial Dr, Houston, TX 77079, USA",,,(713) 547-4921,https://www.bistromistral.net/,french restaurant,"Houston, USA",google_maps
Brasserie 19,"1962 W Gray St, Houston, TX 77019, USA",Our Team Michael,,(713) 524-1919,http://brasserie19.com/,french restaurant,"Houston, USA",google_maps
Bistro Le Cep,"11112 Westheimer Rd, Houston, TX 77042, USA",,junior@bistro-le-cep.com,(713) 783-3985,http://www.bistro-le-cep.com/,french restaurant,"Houston, USA",google_maps
Brasserie Du Parc,"1440 Lamar St, Houston, TX 77010, USA",,,(832) 879-2802,http://www.brasserieduparc.net/,french restaurant,"Houston, USA",google_maps
Annabelle Brasserie,"811 Buffalo Pk Dr Suite 100, Houston, TX 77019, USA",,,(713) 844-8111,https://www.annabellebrasserie.com/,french restaurant,"Houston, USA",google_maps
Hull & Oak,"1070 Dallas St, Houston, TX 77002, USA",,,(713) 242-8555,https://hullandoak.com/,american restaurant,"Houston, USA",google_maps
Maison Pucha Bistro,"1001 Studewood St #A, Houston, TX 77008, USA",,,(713) 637-4976,http://www.maisonpucha.com/,french restaurant,"Houston, USA",google_maps
Lost & Found,"160 W Gray St, Houston, TX 77019, USA",,,(832) 649-3050,https://www.lostandfoundmidtown.com/,bar and grill,"Houston, USA",google_maps
Salento Bistrot,"2407 Rice Boulevard, Houston, TX 77005, USA",,info@salentobistrot.com,(713) 528-7478,https://salentobistrot.com/,spanish restaurant,"Houston, USA",google_maps
Table 7 Bistro,"1085 Rusk St Suite C, Houston, TX 77002, USA",,,(713) 434-6245,https://www.table7bistro.com/,american restaurant,"Houston, USA",google_maps
The Bistro - Eat. Drink. Connect.®,"9190 Gulf Fwy, Houston, TX 77017, USA",,,,https://www.marriott.com/hotels/hotel-information/restaurant/houhb-courtyard-houston-hobby-airport/?scid=f2ae0541-1279-4f24-b197-a979c79310b0,bistro,"Houston, USA",google_maps
The Bistro - Eat. Drink. Connect.®,"916 Dallas St, Houston, TX 77002, USA",,,,https://www.marriott.com/hotels/hotel-information/restaurant/houdt-courtyard-houston-downtown-convention-center/?scid=f2ae0541-1279-4f24-b197-a979c79310b0,bistro,"Houston, USA",google_maps
Chardon,"1711 Allen Pkwy Suite 101, Houston, TX 77019, USA",,,(346) 560-4180,https://www.chardonhouston.com/,french restaurant,"Houston, USA",google_maps
George's Bistro & Bar,"2715 Bissonnet St Suite 100, Houston, TX 77005, USA",,,(832) 203-7329,https://www.georgesbistroandbar.com/,american restaurant,"Houston, USA",google_maps
Roost,"1972 Fairview St, Houston, TX 77019, USA",,,(713) 523-7667,http://www.iloveroost.com/,american restaurant,"Houston, USA",google_maps
Good Times,"2100 Travis St Ste 160, Houston, TX 77002, USA",,,(832) 804-7255,https://houstongoodtimes.com/,american restaurant,"Houston, USA",google_maps
Five Central Houston,"2736 Virginia St, Houston, TX 77098, USA",,,(832) 353-2336,https://www.fivecentralhouston.com/,american restaurant,"Houston, USA",google_maps
The Chefs Table Houston,"110 Vintage Park Blvd Building J Suite P, Houston, TX 77070, USA",,,(832) 559-7489,https://www.chefstablehouston.com/,fine dining restaurant,"Houston, USA",google_maps
Bistro Léa,"1, Jalan Sri Hartamas 7, Taman Sri Hartamas, 50480 Kuala Lumpur, Wilayah Persekutuan Kuala Lumpur, Malaysia",,,012-810 3638,https://www.tableapp.com/partner/bistro-lea,french restaurant,"Kuala Lumpur, Malaysia",google_maps
Banyan Cafe and Bistro,"16, Lorong Yap Kwan Seng, 50450 Kuala Lumpur, Wilayah Persekutuan Kuala Lumpur, Malaysia",,,012-272 7817,,restaurant,"Kuala Lumpur, Malaysia",google_maps
Q Bistro Semarak (Jalan Tun Razak),"Lot 312, 318, Jalan Raja Muda Abdul Aziz, Kampung Baru, 50300 Kuala Lumpur, Wilayah Persekutuan Kuala Lumpur, Malaysia",,info@hajris.com.my,018-304 7822,https://qbistro.com/,indian restaurant,"Kuala Lumpur, Malaysia",google_maps
Sarastro KL by Millennium,"8th Floor, Tribeca Serviced Hotel, 215, Jln Imbi, Bukit Bintang, 55100 Kuala Lumpur, Wilayah Persekutuan Kuala Lumpur, Malaysia",,hello@sarastrokl.com.my,03-2727 2280,https://sarastrokl.com.my/,restaurant,"Kuala Lumpur, Malaysia",google_maps
Brasserie Léon,"Ground Floor, Menara Manulife Rb, 6, Jalan Gelenggang, Bukit Damansara, 50490 Kuala Lumpur, Wilayah Persekutuan Kuala Lumpur, Malaysia",,info@brasserie-leon.com,03-2011 3659,https://www.brasserie-leon.com/,french restaurant,"Kuala Lumpur, Malaysia",google_maps
Bluebird | Café • Bistro • Restaurant,"Ground Floor, Jalan Hang Jebat, City Centre, 50150 Kuala Lumpur, Wilayah Persekutuan Kuala Lumpur, Malaysia",,,011-1106 9888,,western restaurant,"Kuala Lumpur, Malaysia",google_maps
Étoile Bistro at EQ,"Lower Ground 2, EQ, Equatorial Plaza, Jln Sultan Ismail, Kuala Lumpur, 50250 Kuala Lumpur, Wilayah Persekutuan Kuala Lumpur, Malaysia",,info@kul.equatorial.com,03-2789 7777,https://www.eqkualalumpur.equatorial.com/dining/etoile/?utm_source=local&utm_medium=organic&utm_campaign=GoogleMyBusiness&utm_content=Etoile+GMB,restaurant,"Kuala Lumpur, Malaysia",google_maps
Entier French Dining,"Level 41, Alila Bangsar, 58, Jalan Ang Seng, Brickfields, 50470 Kuala Lumpur, Wilayah Persekutuan Kuala Lumpur, Malaysia",,bonjour@entierfrenchdining.com,03-2268 3819,http://entierfrenchdining.com/,french restaurant,"Kuala Lumpur, Malaysia",google_maps
Yeast Bistronomy,"24G, Jalan Telawi 2, Bangsar, 59100 Kuala Lumpur, Wilayah Persekutuan Kuala Lumpur, Malaysia",,enquiries@yeastgroup.my,03-2282 0118,http://www.yeastgroup.my/,bistro,"Kuala Lumpur, Malaysia",google_maps
Bijan Bar & Restaurant,"3, Jalan Ceylon, Bukit Ceylon, 50200 Kuala Lumpur, Wilayah Persekutuan Kuala Lumpur, Malaysia",,,03-2031 3575,http://www.bijanrestaurant.com.my/,malaysian restaurant,"Kuala Lumpur, Malaysia",google_maps
Culina Bistro,"Level B1, Shoppes at Four Seasons Place, 145, Jln Ampang, Kuala Lumpur, 50450 Kuala Lumpur, Wilayah Persekutuan Kuala Lumpur, Malaysia",,,03-2779 7313,http://www.culina.com/,western restaurant,"Kuala Lumpur, Malaysia",google_maps
Brasserie Alma,"Yap Ah Shak House 17, Level 4, Jalan Yap Ah Shak, Chow Kit, 50300 Kuala Lumpur, Wilayah Persekutuan Kuala Lumpur, Malaysia",,,011-4051 0038,https://www.brasseriealma.co/,french restaurant,"Kuala Lumpur, Malaysia",google_maps
Cafe Bistrot David,"135, Jln Aminuddin Baki, Taman Tun Dr Ismail, 60000 Kuala Lumpur, Wilayah Persekutuan Kuala Lumpur, Malaysia",,info@cafebistrotdavid.com,018-912 0332,http://www.cafebistrotdavid.com/,bistro,"Kuala Lumpur, Malaysia",google_maps
The Brasserie,"Level 2, The St. Regis, 6, Jalan Stesen Sentral 2, Kuala Lumpur Sentral, 50470 Kuala Lumpur, Wilayah Persekutuan Kuala Lumpur, Malaysia",The Team Offers,thebrasserie@stregis.com,03-2727 6696,https://www.thebrasseriekl.com/,restaurant,"Kuala Lumpur, Malaysia",google_maps
Mell Bistro,"32, Jalan Dewan Sultan Sulaiman, Kampung Baru, 50300 Kuala Lumpur, Wilayah Persekutuan Kuala Lumpur, Malaysia",,,016-336 0438,,malaysian restaurant,"Kuala Lumpur, Malaysia",google_maps
K.L Bistro,"Wilayah Persekutuan, No. 97, Jalan Pekeliling Lama, Titiwangsa Sentral, 50400 Kuala Lumpur, Wilayah Persekutuan Kuala Lumpur, Malaysia",,,03-4050 0358,,indian restaurant,"Kuala Lumpur, Malaysia",google_maps
Bistro Mamak Bukit Bintang,"Unnamed Road, Bukit Bintang, 50200 Kuala Lumpur, Federal Territory of Kuala Lumpur, Malaysia",,,,,restaurant,"Kuala Lumpur, Malaysia",google_maps
The Orchid Bistro,"58a Isaac John St, Ikeja GRA, Ikeja 101233, Lagos, Nigeria",,,0812 584 8463,http://www.instagram.com/theorchidbistro,bistro,"Lagos, Nigeria",google_maps
Purple Bistro,"3 University Rd, opposite First City Monument Bank, Yaba, Lagos 101245, Lagos, Nigeria",,,,,bistro,"Lagos, Nigeria",google_maps
Zoe's Bistro,"33 Glover Rd, Ikoyi, Lagos 106104, Lagos, Nigeria",,,0912 014 7746,https://instagram.com/zoesbistro_ng?igshid=OGQ5ZDc2ODk2ZA==,restaurant,"Lagos, Nigeria",google_maps
Lagos Bistro,"7 Humbori Street, Adetokunbo Ademola Cres, Wuse 2, Abuja 904101, Federal Capital Territory, Nigeria",,,0704 380 0000,,bistro,"Lagos, Nigeria",google_maps
Danfo Bistros & Dives,"2 Alexander Ave, Ikoyi, Lagos 100001, Lagos, Nigeria",,,0812 110 0111,http://danfo.me/,restaurant,"Lagos, Nigeria",google_maps
The Orchid Bistro Express,"40B Raymond Njoku St, Ikoyi, Lagos 106104, Lagos, Nigeria",,,0808 456 8824,http://www.instagram.com/theorchidbistro,restaurant,"Lagos, Nigeria",google_maps
Bistro 7,"273 Kofo Abayomi St, Victoria Island, Lagos 106104, Lagos, Nigeria",,,0905 139 2482,,service,"Lagos, Nigeria",google_maps
Bistrot Samantha,"7/12 Rumens Rd, Ikoyi, Lagos 106104, Lagos, Nigeria",,,0706 276 3020,,bistro,"Lagos, Nigeria",google_maps
Choco's Bistro Oduduwa Way,"53B Oduduwa Way, Ikeja GRA, Ikeja 101233, Lagos, Nigeria",,reservations@bedrockresidencies.com,0812 882 4588,https://bedrockresidencies.com/restaurant/,bistro,"Lagos, Nigeria",google_maps
21 Bistro Lagos,"The Seasons, 21 Ichie Mike Ejezie St, Lekki Phase 1, Eti Osa 105102, Lagos, Nigeria",,,0803 323 3555,https://www.theseasonsbyskyview.com/21-bistro,restaurant,"Lagos, Nigeria",google_maps
Piano Bistro Restaurant,"Bishop Aboyade Cole St, Victoria Island, Lagos 234001, Lagos, Nigeria",,info@thedelborough.com,,https://www.thedelborough.com/,restaurant,"Lagos, Nigeria",google_maps
Oeuvre Bistro,"Ogudu Mall Kosofe, Ogudu, Lagos 105102, Lagos, Nigeria",,,0818 188 7479,http://www.oeuvredesigns.co/,restaurant,"Lagos, Nigeria",google_maps
BISTRO LOUNGE,"178, Ikotun-Idimu Road, Council bustop, Council, Alimosho, Lagos 100275, Lagos, Nigeria",,,0903 728 9956,,lounge bar,"Lagos, Nigeria",google_maps
White Tree Lagos,"37A Glover Rd, local, Lagos 101233, Lagos, Nigeria",,,0913 934 1885,,family restaurant,"Lagos, Nigeria",google_maps
Lala's Lagos Boutique Hotel Victoria Island Lagos/Lodging/Restaurant,"251A Sapara Williams Cl, Victoria Island, Lagos 106104, Lagos, Nigeria",,info@lalaslagos.com,0915 025 1251,http://www.lalaslagos.com/,hotel,"Lagos, Nigeria",google_maps
Excellent Bistro,"6 Dipeolu St, Allen Ave, Allen, Ikeja 100281, Lagos, Nigeria",,,0707 566 9780,,restaurant,"Lagos, Nigeria",google_maps
Bistro Grills Lounge,"23 Allen Ave, Allen, Ikeja 100282, Lagos, Nigeria",,,0708 006 5774,,restaurant,"Lagos, Nigeria",google_maps
The Corniche Bistro,"2 Olaitan Senbanjo St, Eti-Osa, Lekki 105102, Lagos, Nigeria",,,0903 470 0000,,restaurant,"Lagos, Nigeria",google_maps
Remebistrolagos,"53 Iyun Rd, Surulere, Lagos 101241, Lagos, Nigeria",,,0803 287 5444,,restaurant,"Lagos, Nigeria",google_maps
Chill Bistro Lagos,"8 Saka Ln, Abule ijesha, Lagos 101245, Lagos, Nigeria",,,0805 348 2287,,lounge bar,"Lagos, Nigeria",google_maps
Bistro1,"27 Frith St, London W1D 5LE, UK",,,020 7734 6204,https://www.bistro1.co.uk/,mediterranean restaurant,"London, UK",google_maps
BISTROTHEQUE,"23-27 Wadeson St, London E2 9DR, UK",,,020 8983 7900,https://www.bistrotheque.com/,restaurant,"London, UK",google_maps
Brasserie Zedel,"20 Sherwood St, London W1F 7ED, UK",,reservations@brasseriezedel.com,020 7734 4888,http://www.brasseriezedel.com/,french restaurant,"London, UK",google_maps
Boro Bistro,"Boro Bistro, 6-10 Borough High St, London SE1 9QQ, UK",,helloborobistro@gmail.com,020 7378 0788,http://borobistro.co.uk/,french restaurant,"London, UK",google_maps
Riviera,"23 St James's St, London SW1A 1HA, UK",,,020 8050 6932,https://www.riviera-london.co.uk/,french restaurant,"London, UK",google_maps
Brother Marcus Borough,"1 Dirty Ln, London SE1 9PA, UK",,enquiries@brothermarcus.co.uk,020 3146 4001,https://brothermarcus.co.uk/locations/boroughyards/,mediterranean restaurant,"London, UK",google_maps
Bistrot at Wild Honey,"6 Waterloo Pl, London SW1Y 4AN, UK",,dining.stjames@sofitel.com,020 7747 2200,https://www.wildhoneylondon.co.uk/bistrotatwildhoney/,restaurant,"London, UK",google_maps
Bleeding Heart Bistro,"7 Bleeding Heart Yard, Greville St, London EC1N 8SJ, UK",,bookings@bleedingheart.co.uk,020 7242 8238,http://www.bleedingheart.co.uk/,french restaurant,"London, UK",google_maps
Old Compton Brasserie,"36 – 38 Old Compton St, London W1D 4TT, UK",,bookings@oldcomptonbrasserie.co.uk,020 7434 2214,http://www.oldcomptonbrasserie.co.uk/,restaurant,"London, UK",google_maps
Bouchon Racine,"Upstairs, 66 Cowcross St, London EC1M 6BP, UK",,bonjour@bouchonracine.com,020 7253 3368,https://www.bouchonracine.com/new-home,french restaurant,"London, UK",google_maps
64 Goodge Street,"64 Goodge St, London W1T 4NF, UK",,info@64goodgestreet.co.uk,020 3747 6364,http://64goodgestreet.co.uk/,french restaurant,"London, UK",google_maps
Il Bistrotto - London,"6 Hollywood Rd, London SW10 9HY, UK",,info@ilbistrottolondon.com,020 3793 4533,https://ilbistrottolondon.com/#,bistro,"London, UK",google_maps
Bistro Freddie,"Bistro Freddie, 74 Luke St, Greater, London EC2A 4PY, UK",,info@bistrofreddie.com,020 8050 0374,https://www.bistrofreddie.com/,bistro,"London, UK",google_maps
Pierre Victoire Soho,"5 Dean St, London W1D 3RQ, UK",,,020 7287 4582,http://pierrevictoire.com/,bistro,"London, UK",google_maps
Sussex British Bistro,"63-64 Frith St, London W1D 3JW, UK",,,020 3923 7770,https://www.sussex-restaurant.com/,restaurant,"London, UK",google_maps
Brasserie of Light,"400 Oxford St, Duke St, London W1A 1AB, UK",,,020 3940 9600,https://brasserie-of-light.co.uk/?utm_source=LocalGoogle&utm_medium=Organic,british restaurant,"London, UK",google_maps
Boulevard Brasserie,"40 Wellington St, London WC2E 7BD, UK",,bookings@boulevardbrasserie.co.uk,020 7240 2992,http://www.boulevardbrasserie.co.uk/,french restaurant,"London, UK",google_maps
Le Garrick,"10-12 Garrick St, London WC2E 9BH, UK",,info@legarrick.co.uk,020 7240 7649,https://www.legarrick.co.uk/,french restaurant,"London, UK",google_maps
Figaro Bistrot,"1802 N Vermont Ave, Los Angeles, CA 90027, USA",,,(323) 662-1587,http://figarobistrotla.com/,bistro,"Los Angeles, USA",google_maps
WeHo Bistro,"1040 N La Cienega Blvd, West Hollywood, CA 90069, USA",,,(310) 657-9696,https://www.wehobistro.com/,bar and grill,"Los Angeles, USA",google_maps
The Bistro,"5711 W Century Blvd, Los Angeles, CA 90045, USA",,,(310) 410-2424,https://www.hilton.com/en/hotels/laxahhh-hilton-los-angeles-airport/dining/?SEO_id=GMB--R-LAXAHHH-1&y_source=1_MTA5Mzg2MzI5NC03MTUtbG9jYXRpb24ud2Vic2l0ZQ%3D%3D,restaurant,"Los Angeles, USA",google_maps
The Bistro - Eat. Drink. Connect.®,"10320 W Olympic Blvd, Los Angeles, CA 90064, USA",,,,https://www.marriott.com/hotels/hotel-information/restaurant/laxce-courtyard-los-angeles-century-city-beverly-hills/?scid=f2ae0541-1279-4f24-b197-a979c79310b0,bistro,"Los Angeles, USA",google_maps
"The Butcher, The Baker, The Cappuccino Maker","8653 Sunset Blvd, West Hollywood, CA 90069, USA",,,(310) 360-6900,https://www.bbcmcafe.com/,californian restaurant,"Los Angeles, USA",google_maps
Lakeview Bistro,"404 S Figueroa St, Los Angeles, CA 90071, USA",,,(213) 612-4897,https://www.marriott.com/en-us/dining/restaurant-bar/laxbw-the-westin-bonaventure-hotel-suites-los-angeles/5962357-lakeview-bistro.mi,bistro,"Los Angeles, USA",google_maps
Baby Bistro,"1027 Alpine St, Los Angeles, CA 90012, USA",,info@babybistrola.com,(213) 266-8784,https://babybistrola.com/,bistro,"Los Angeles, USA",google_maps
Perch,"448 S Hill St, Los Angeles, CA 90013, USA",,,(213) 802-1770,http://perchla.com/,french restaurant,"Los Angeles, USA",google_maps
Kendall's Brasserie,"Music Center, 135 N Grand Ave, Los Angeles, CA 90012, USA",,,(213) 972-7322,http://www.kendallsla.com/,french restaurant,"Los Angeles, USA",google_maps
Truxton's American Bistro,"8611 Truxton Ave, Los Angeles, CA 90045, USA",,,(310) 417-8789,http://www.truxtonsamericanbistro.com/,american restaurant,"Los Angeles, USA",google_maps
A Food Affair,"1515 S Robertson Blvd, Los Angeles, CA 90035, USA",,afoodaffair@gmail.com,(310) 557-9795,http://afoodaffair.com/,french restaurant,"Los Angeles, USA",google_maps
French Street Bistro,"100 Universal City Plaza, Universal City, CA 91608, USA",,,(800) 864-8377,https://www.universalstudioshollywood.com/web/en/us/things-to-do/dining/french-street-bistro,bistro,"Los Angeles, USA",google_maps
DEUX BISTRO,"20969 Ventura Blvd suite 14, Woodland Hills, CA 91364, USA",,,(747) 230-4034,http://www.deuxbistrowh.com/,french restaurant,"Los Angeles, USA",google_maps
Zinqué - Century City,"10250 Santa Monica Blvd Suite 2790, Los Angeles, CA 90067, USA",,,(424) 204-9403,http://lezinque.com/,french restaurant,"Los Angeles, USA",google_maps
The Rising Sun Café & Bistro,"1356 Palmetto St #200, Los Angeles, CA 90013, USA",,,(213) 222-6420,https://www.therisingsun.house/,bistro,"Los Angeles, USA",google_maps
Fleming’s Prime Steakhouse & Wine Bar,"800 W Olympic Blvd Suite A-135, Los Angeles, CA 90015, USA",The Maker,,(213) 745-9911,https://www.flemingssteakhouse.com/Locations/CA/Los-Angeles?y_source=1_MTU1MDMxOTctNzE1LWxvY2F0aW9uLndlYnNpdGU%3D,fine dining restaurant,"Los Angeles, USA",google_maps
Delices Du Chef,"24416 Crenshaw Blvd Suite 4, Torrance, CA 90505, USA",,hello@delicesduchef.us,(424) 263-4759,http://www.delicesduchef.us/,bistro,"Los Angeles, USA",google_maps
Browns Manchester,"1 York St, Greater, Manchester M2 2AW, UK",,,0161 819 1055,https://www.browns-restaurants.co.uk/restaurants/northwest/manchester?utm_source=google&utm_medium=organic&utm_campaign=gmb-homepage,restaurant,"Manchester, UK",google_maps
Blacklock Manchester,"37 Peter St, Manchester M2 5GB, UK",,hello@theblacklock.com,0161 414 0225,https://theblacklock.com/restaurants/manchester/,steak house,"Manchester, UK",google_maps
THE BRASSERIE,"Portland St, Manchester M1 4PH, UK",JUPITER HOTELS SITE,info@mercuremanchester.co.uk,0161 751 1412,https://www.mercuremanchester.co.uk/manchester-restaurant/,restaurant,"Manchester, UK",google_maps
Hispi,"1C School Ln, Didsbury, Manchester M20 6RD, UK",,,0161 445 3996,http://www.hispi.net/,bistro,"Manchester, UK",google_maps
Higher Ground,"Faulkner House, New York St, Manchester M1 4DY, UK",,hello@highergroundmcr.co.uk,0161 470 9821,http://highergroundmcr.co.uk/,british restaurant,"Manchester, UK",google_maps
The Sparrows Continental Pasta & Spätzle,"16 Red Bank, Cheetham Hill, Manchester M4 4HF, UK",,info@thesparrows.me,0161 302 6267,https://thesparrows.me/,dumpling restaurant,"Manchester, UK",google_maps
Albert's Schloss - Manchester,"27 Peter St, Manchester M2 5QR, UK",,events@albertsschloss.co.uk,0161 833 4040,https://albertsschloss.com/location/manchester/,bar,"Manchester, UK",google_maps
Namii Kitchen & Cocktails,"New York St, Manchester M1 4HN, UK",,,0161 237 1979,http://namii.co.uk/,asian restaurant,"Manchester, UK",google_maps
Cosy Club,"Corn Exchange, 37 Hanging Ditch, Manchester M4 3TR, UK",,manchesterbookings@cosyclub.co.uk,0161 933 8255,https://cosyclub.co.uk/location/manchester/,british restaurant,"Manchester, UK",google_maps
El Gato Negro Tapas Manchester,"52 King St, Manchester M2 4LY, UK",Simon Shaw,,0161 694 8585,https://www.elgatonegrotapas.com/,spanish restaurant,"Manchester, UK",google_maps
Turtle Bay Manchester Northern Quarter,"46-50 Oldham St, Manchester M4 1LE, UK",,,0161 235 8411,https://turtlebay.co.uk/restaurants/manchester-nq,caribbean restaurant,"Manchester, UK",google_maps
Adam Reid at The French,"16 Peter St, Manchester M60 2DS, UK",,info@adam-reid.co.uk,,http://www.the-french-manchester.co.uk/,french restaurant,"Manchester, UK",google_maps
Bistro Guillaume,"Crown Riverwalk, Crown Melbourne Dr, Southbank VIC 3006, Australia",,,(03) 9292 5777,https://www.crownmelbourne.com.au/restaurants/bistro-guillaume?utm_source=google&utm_medium=organic&utm_campaign=gbp&utm_content=bistroguillaume-web,bistro,"Melbourne, Australia",google_maps
Bistrot d'Orsay,"184 Collins St, Melbourne VIC 3000, Australia",,,(03) 9654 6498,http://www.bistrotdorsay.com.au/,french restaurant,"Melbourne, Australia",google_maps
Bon Ap' Petit Bistro,"193 Brunswick St, Fitzroy VIC 3065, Australia",,info@bonap.com.au,(03) 9415 9450,https://www.bonap.com.au/,french restaurant,"Melbourne, Australia",google_maps
Bistrot Bisou,"575 Flinders Ln, Melbourne VIC 3000, Australia",,bonjour@bistrotbisou.com.au,(03) 9612 5757,http://www.bistrotbisou.com.au/,french restaurant,"Melbourne, Australia",google_maps
Smith St Bistrot,"300 Smith St, Collingwood VIC 3066, Australia",,,(03) 9419 2202,https://www.smithstbistrot.com.au/,bistro,"Melbourne, Australia",google_maps
Bistro Gitan,"52 Toorak Rd West, South Yarra VIC 3141, Australia",,info@bistrogitan.com.au,(03) 9867 5853,http://www.bistrogitan.com.au/,bistro,"Melbourne, Australia",google_maps
Bistro Voliere,"The George, 129 Fitzroy St, St Kilda VIC 3182, Australia",,info@bistrovoliere.com.au,(03) 8797 2534,http://bistrovoliere.com.au/,bistro,"Melbourne, Australia",google_maps
Bistro de Paris North Melbourne,"63 Errol St, North Melbourne VIC 3051, Australia",Chef Sathya Ramalingam,,0403 460 385,https://www.bistrodeparis.com.au/,french restaurant,"Melbourne, Australia",google_maps
Bistro Sousou,"153 Gertrude St, Fitzroy VIC 3065, Australia",,,(03) 9417 0400,http://www.bistrosousou.com.au/,french restaurant,"Melbourne, Australia",google_maps
Bistro Thierry,"511 Malvern Rd, Toorak VIC 3142, Australia",,,(03) 9824 0888,https://www.bistrothierry.com/,french restaurant,"Melbourne, Australia",google_maps
Philippe,"115 Collins St, Melbourne VIC 3000, Australia",,,(03) 8394 6625,https://philipperestaurant.com.au/,french restaurant,"Melbourne, Australia",google_maps
Bistra,"157 Elgin St, Carlton VIC 3053, Australia",,info@bistracarlton.com.au,(03) 9000 5607,https://www.bistracarlton.com.au/,restaurant,"Melbourne, Australia",google_maps
The European,"161 Spring St, Melbourne VIC 3000, Australia",,info@theeuropean.com.au,(03) 9654 0811,http://www.theeuropean.com.au/,european restaurant,"Melbourne, Australia",google_maps
Chez Olivier Le Bistro,"268 Toorak Rd, South Yarra VIC 3141, Australia",,olivier@chezolivier.com.au,(03) 9525 2273,http://www.chezolivier.com.au/,bistro,"Melbourne, Australia",google_maps
Chancery Lane,"430 Little Collins St, Melbourne VIC 3000, Australia",,info@chancerylane.com.au,(03) 9089 7598,http://www.chancerylane.com.au/,restaurant,"Melbourne, Australia",google_maps
Tartine,"105 Swan St, Richmond VIC 3121, Australia",,info@tartine.com.au,(03) 9428 3339,http://www.tartine.com.au/,french restaurant,"Melbourne, Australia",google_maps
Le Petit Bistro,"479 Glenferrie Rd, Kooyong VIC 3144, Australia",,info@lepetitbistro.com.au,(03) 9822 1161,https://lepetitbistro.com.au/,french restaurant,"Melbourne, Australia",google_maps
French Saloon,"First Floor, 46 Hardware Ln, Melbourne VIC 3000, Australia",,info@frenchsaloon.com,(03) 9600 2142,https://frenchsaloon.com/,restaurant,"Melbourne, Australia",google_maps
Le Petit Chateau Restaurant,"Shop 9 & 10 Block Arcade, Melbourne VIC 3000, Australia",,,0431 344 460,https://lepetitchateaudinning.com.au/,restaurant,"Melbourne, Australia",google_maps
Bistró Chapultepec,"Calle Lago Mayor S/N, 2ª Sección del Bosque de Chapultepec, Bosque de Chapultepec II Secc, Miguel Hidalgo, 11040 Ciudad de México, CDMX, Mexico",,rrppbistro@cmr.mx,55 3933 0616,http://bistrochapultepec.com/,restaurant,"Mexico City, Mexico",google_maps
BISTRO 83,"C. de la Amargura 17, San Ángel, Álvaro Obregón, 01000 Ciudad de México, CDMX, Mexico",,,56 4348 2115,https://www.bistro83.com.mx/,restaurant,"Mexico City, Mexico",google_maps
Maza Bistrot,"Plaza Washington, C. Dinamarca 47B, Juárez, Cuauhtémoc, 06600 Ciudad de México, CDMX, Mexico",,,55 5925 7841,http://www.instagram.com/mazabistrot,bistro,"Mexico City, Mexico",google_maps
Broka,"Zacatecas 126, Roma Nte., Cuauhtémoc, 06700 Ciudad de México, CDMX, Mexico",,,55 4437 4285,https://brokabistrot.com/,restaurant,"Mexico City, Mexico",google_maps
Máximo,"Av. Álvaro Obregón 65 Bis, Roma Nte., Cuauhtémoc, 06700 Ciudad de México, CDMX, Mexico",,,55 5264 4291,http://www.maximobistrot.com.mx/,fine dining restaurant,"Mexico City, Mexico",google_maps
Rojo Bistrot,"Ámsterdam 71, Colonia Condesa, Cuauhtémoc, 06140 Ciudad de México, CDMX, Mexico",,,55 5211 3705,,bistro,"Mexico City, Mexico",google_maps
Loretta Chic Bistrot,"Av. P.º de la Reforma 390, Juárez, Cuauhtémoc, 06600 Ciudad de México, CDMX, Mexico",,,56 7047 1107,,middle eastern restaurant,"Mexico City, Mexico",google_maps
Cafebrería El Péndulo Roma,"Av. Álvaro Obregón 86, Roma Nte., Cuauhtémoc, 06700 Ciudad de México, CDMX, Mexico",,web@pendulo.com,55 5574 7034,http://pendulo.com/,coffee shop,"Mexico City, Mexico",google_maps
Rouge Bohème Bistro,"Copenhague 29, Juárez, Cuauhtémoc, 06600 Ciudad de México, CDMX, Mexico",,,55 5511 9704,,french restaurant,"Mexico City, Mexico",google_maps
Havre 77,"Havre 77, Juárez, Cuauhtémoc, 06600 Ciudad de México, CDMX, Mexico",,,55 5208 1070,http://havre77.mx/menu/,bistro,"Mexico City, Mexico",google_maps
Casa Prime Hilton Centro Histórico,"Hotel Hilton, Av. Juarez #70-Local 1, Colonia Centro, Centro, Cuauhtémoc, 06010 Ciudad de México, CDMX, Mexico",,,55 9990 5865,https://casaprime.com.mx/,restaurant,"Mexico City, Mexico",google_maps
HERITAGE bistro bar,"Av. P.º de la Reforma 465, Cuauhtémoc, 06500 Ciudad de México, CDMX, Mexico",,,55 3087 1038,,restaurant,"Mexico City, Mexico",google_maps
&bistro resto-bar by Clé,"Nápoles 62-1, Juárez, Cuauhtémoc, 06600 Ciudad de México, CDMX, Mexico",,,55 5533 0535,http://www.hotelcle.com.mx/,restaurant,"Mexico City, Mexico",google_maps
Macelleria Roma,"C. Orizaba 127, Roma Nte., Cuauhtémoc, 06700 Ciudad de México, CDMX, Mexico",,,55 5574 1461,http://macelleria.com.mx/,italian restaurant,"Mexico City, Mexico",google_maps
Bistro Polanco,"Calz. Gral. Mariano Escobedo 700, Anzures, Miguel Hidalgo, 11590 Ciudad de México, CDMX, Mexico",,,55 5263 8822,,italian restaurant,"Mexico City, Mexico",google_maps
Bistro Café,"1352 NE 1st Ave, Miami, FL 33132, USA",,,(786) 533-3876,https://instagram.com/bistrocaferest,cafe,"Miami, USA",google_maps
Bistro Café,"4155 Laguna St, Coral Gables, FL 33146, USA",,,(305) 530-8193,https://instagram.com/bistrocaferest,brunch restaurant,"Miami, USA",google_maps
American Bistro🍔 American Restaurant Miami Beach,"626 Ocean Dr, Miami Beach, FL 33139, USA",,contact@americanbistromiamibeach.com,(305) 413-2465,https://americanbistromiamibeach.com/,american restaurant,"Miami, USA",google_maps
B Bistro + Bakery,"600 Brickell Ave #175, Miami, FL 33131, USA",,,(305) 778-4585,http://www.bbistromiami.com/,bistro,"Miami, USA",google_maps
Le Bistro,"1440 NW N River Dr, Miami, FL 33125, USA",,,(786) 688-3626,,bistro,"Miami, USA",google_maps
K Bistro,"3401 NW 25th St, Miami, FL 33142, USA",,,(786) 559-7843,https://kbistrofl.com/,bar and grill,"Miami, USA",google_maps
Bistro Ocho,"2069 SW 8th St, Miami, FL 33135, USA",,hi@bistro8miami.com,(305) 456-4543,http://www.bistro8miami.com/,restaurant,"Miami, USA",google_maps
Bianco Bistro Cafe,"8190 SW 8th St, Miami, FL 33144, USA",,biancobistrocafe@gmail.com,(786) 762-2459,http://biancobistro.com/,restaurant,"Miami, USA",google_maps
Maxine's Bistro and Bar - American Restaurant in Miami Beach,"1756 Collins Ave, Miami Beach, FL 33139, USA",,,,https://www.catalinahotel.com/drinking-dining/maxine-s-bistro-bar,american restaurant,"Miami, USA",google_maps
Mina Bistro,"63 NW 9th St, Miami, FL 33136, USA",,,(305) 381-5624,http://www.minabistro.com/,bistro,"Miami, USA",google_maps
The Bistro - Eat. Drink. Connect.®,"200 SE 2nd Ave, Miami, FL 33131, USA",,,,https://www.marriott.com/hotels/hotel-information/restaurant/miadt-courtyard-miami-downtown-brickell-area/?scid=f2ae0541-1279-4f24-b197-a979c79310b0,bistro,"Miami, USA",google_maps
The Bistro,"1023 Kane Concourse, Bay Harbor Islands, FL 33154, USA",,,(305) 866-0404,http://thebistro.iposeats.com/,bistro,"Miami, USA",google_maps
Oliver's Bistro,"959 West Ave #15, Miami Beach, FL 33139, USA",,oliversbistro959@gmail.com,(305) 535-3050,http://www.oliversmiamibeach.com/,restaurant,"Miami, USA",google_maps
OUI Bistrot,"5700 Biscayne Blvd suite 109, Miami, FL 33137, USA",,contact@ouibistrot.com,(305) 395-8011,https://www.ouibistrot.com/,french restaurant,"Miami, USA",google_maps
The Bistro,"3101 Indian Creek Dr, Miami, FL 33140, USA",,,(305) 763-8006,https://www.hoteltrouvailmiamibeach.com/dining/greenbrier-swim-social-club,restaurant,"Miami, USA",google_maps
Friend's Market & Bistro,"31 SE 6th St, Miami, FL 33131, USA",,,(786) 431-0981,https://friendsmarketbistro.com/,american restaurant,"Miami, USA",google_maps
Café Bastille Downtown Miami,"248 SE 1st St, Miami, FL 33131, USA",,contact@cafebastilledowntown.com,(786) 425-3575,http://www.cafebastilledowntown.com/,brunch restaurant,"Miami, USA",google_maps
Mandolin Aegean Bistro,"4312 NE 2nd Ave, Miami, FL 33137, USA",,reservations@mandolinmiami.com,(305) 749-9140,https://www.mandolinrestaurant.com/,bistro,"Miami, USA",google_maps
Olive Bistro and Bar,"Third Floor, Oberoi Mall General AK Vidya Marg, Western Urban Rd, Yashodham, Goregaon, Mumbai, Maharashtra 400063, India",,,098207 03331,https://olivebarandkitchen.com/olivebistromumbai.html,bistro,"Mumbai, India",google_maps
India Bistro Chembur,"Sion - Trombay Rd, opp. to Tiss, Deonar, Chembur, Mumbai, Maharashtra 400088, India",,,022 4942 2121,http://www.indiabistro.co/,north indian restaurant,"Mumbai, India",google_maps
Bistro & Brew Cafe | Best Cafe in Kandivali,"Shop no 3, SATYAM APARTMENT, Asha Nagar Rd, Kandivali, Nabard Nagar, Thakur Complex, Kandivali East, Mumbai, Maharashtra 400101, India",,,070219 43200,,cafe,"Mumbai, India",google_maps
Bistro Grand - Veg All Day,"73-67, August Kranti Rd, Kemps Corner, Tardeo, Mumbai, Maharashtra 400026, India",,,022 2380 5775,,north indian restaurant,"Mumbai, India",google_maps
Toast - Bistro & Bar,"T24 Residency, Central, Marol Church Rd, near Airport Metro Station, Bori Colony, Marol, Andheri East, Mumbai, Maharashtra 400059, India",,,070459 02799,,bar,"Mumbai, India",google_maps
Bay view Cafe,"25, PJ Ramchandani Marg, Apollo Bandar, Colaba, Mumbai, Maharashtra 400001, India",,,022 6119 2222,http://hotelharbourview.in/#bayview,cafe,"Mumbai, India",google_maps
The Central Bistro,"Kalpak Estate, Antop Hill, Mumbai, Maharashtra 400037, India",,,090285 30555,,north indian restaurant,"Mumbai, India",google_maps
The One Storyy Bistro,"Shop no.5, Vikas Shopping Complex, Lalbahadur Shashtri Marg, Meenatai Thakrey Chowk, near Meenatai Thakrey Chowk, Hardas Nagar, Uthalsar, Thane West, Thane, Maharashtra 400601, India",,,089280 65488,https://theonestoryybistro.lokal.in/,family restaurant,"Mumbai, India",google_maps
Bandra Bistro,"Shop no 1, Om House, National Library Rd, Bandra West, Bistro, Mumbai, Maharashtra 400050, India",,,,,fast food restaurant,"Mumbai, India",google_maps
Mumbai Bistro,"Huda Market Rd, Block B, Sector 56, Gurugram, Haryana 122011, India",,,080876 20077,,fast food restaurant,"Mumbai, India",google_maps
Plate & Pint,"106, Dhunabad, Bhulabhai Desai Marg, Kemps Corner, Cumballa Hill, Mumbai, Maharashtra 400026, India",,,070453 61991,https://m.facebook.com/plateandpintmumbai/,bistro,"Mumbai, India",google_maps
Bistro Restaurant,"400047, Old D N Nagar, Munshi Nagar, Andheri West, Mumbai, Maharashtra 400058, India",,,,,bistro,"Mumbai, India",google_maps
Quattro Bistro Churchgate,"3, Jamshedji Tata Road, behind Eros cinema, opposite Satyam Collection, Churchgate, Mumbai, Maharashtra 400020, India",,,090044 75903,http://quattroristorante.com/,cafe,"Mumbai, India",google_maps
L&S Bistro & Pizzeria,"Intercontinental 135 Marine Drive, Netaji Subhash Chandra Bose Rd, Churchgate, Mumbai, Maharashtra 400020, India",,,022 6639 9855,,italian restaurant,"Mumbai, India",google_maps
Breakfast Bistro,"shop no 121, First Floor, Powai Plaza, Hiranandani Business Park, Hiranandani Gardens, Sainath Nagar, Powai, Mumbai, Maharashtra 400076, India",Anand Daniel Non,,098201 52435,https://www.swiggy.com/restaurants/breakfast-bistro-plaza-powai-mumbai-342309,breakfast restaurant,"Mumbai, India",google_maps
Breakfast Bistro,"Breakfast Bistro, shop no 23,Vora Bhavan, King's Cir Flyover, Matunga East, Mumbai, Maharashtra 400019, India",Anand Daniel Non,,098201 52435,https://www.swiggy.com/restaurants/breakfast-bistro-matunga-wadala-mumbai-233248,meal takeaway,"Mumbai, India",google_maps
Onomato All Day Diner • Bistro,"shop no 5, Sea Face, Chowpatty, Girgaon, Mumbai, Maharashtra 400007, India",,,,,vegetarian restaurant,"Mumbai, India",google_maps
Lotus Cafe,"Jw Marriott, Juhu Tara Rd, Juhu Tara, Juhu, Mumbai, Maharashtra 400049, India",,,022 6693 3344,https://www.marriott.com/en-us/hotels/bomjw-jw-marriott-mumbai-juhu/overview/?scid=f2ae0541-1279-4f24-b197-a979c79310b0,cafe,"Mumbai, India",google_maps
Bristo Family Restaurant & Bar,"Shop no 7, Ground floor, 7A and 8/8A, GD Ambekar Marg, Ambewadi, Kalachowki, Lal Baug, Parel, Mumbai, Maharashtra 400033, India",,,,,restaurant,"Mumbai, India",google_maps
Quality Bistro,"120 W 55th St, New York, NY 10019, USA",,,(212) 433-3330,http://www.qualitybistro.com/,bistro,"New York City, USA",google_maps
Le Jardin Bistro NYC,"95 Delancey St First Floor, New York, NY 10002, USA",,info@lejardinbistronyc.com,(212) 228-0909,https://www.lejardinbistronyc.com/,bistro,"New York City, USA",google_maps
LOULOU,"176 8th Ave, New York, NY 10011, USA",,events@loulounyc.com,(212) 337-9577,https://www.loulounyc.com/,french restaurant,"New York City, USA",google_maps
Mino Brasserie,"225 W 12th St, New York, NY 10011, USA",,minobrasserie@gmail.com,(845) 524-9006,https://minobrasserie.com/,bistro,"New York City, USA",google_maps
Le Rivage,"340 W 46th St, New York, NY 10036, USA",,info@lerivagenyc.com,(212) 765-7374,https://lerivagenyc.com/#about,french restaurant,"New York City, USA",google_maps
Monsieur Bistro Restaurant,"853 Lexington Ave, New York, NY 10065, USA",,,(212) 517-5780,https://monsieurbistro.com/?utm_source=google,french restaurant,"New York City, USA",google_maps
Le Gratin,"5 Beekman St, New York, NY 10038, USA",,infolegratin@danielboulud.com,(212) 597-9020,http://www.legratinnyc.com/,bistro,"New York City, USA",google_maps
Bistro at Le District,"225 Liberty St, New York, NY 10281, USA",,,(212) 981-8588,https://www.ledistrict.com/bistro-bar,bistro,"New York City, USA",google_maps
BSTRO 38,"58 W 38th St, New York, NY 10018, USA",,info@bstro38.com,(212) 944-0990,http://bstro38.com/,bistro,"New York City, USA",google_maps
Le Coucou,"138 Lafayette St, New York, NY 10013, USA",,lecoucou.reservations@starr-restaurant.com,(212) 271-4252,https://www.lecoucou.com/?utm_source=GoogleBusinessProfile&utm_medium=Website&utm_campaign=MapLabs,restaurant,"New York City, USA",google_maps
Le Parisien Bistrot,"163 E 33rd St, New York, NY 10016, USA",,leparisiennyc@gmail.com,(212) 889-5489,http://www.leparisiennyc.com/,french restaurant,"New York City, USA",google_maps
Benoit New York,"60 W 55th St, New York, NY 10019, USA",,bistrot@benoitny.com,(646) 943-7373,http://www.benoitny.com/,bistro,"New York City, USA",google_maps
Tartine,"253 W 11th St, New York, NY 10014, USA",,,(212) 229-2611,http://tartine.nyc/,french restaurant,"New York City, USA",google_maps
Grand Brasserie,"89 E 42nd St Vanderbilt Hall, New York, NY 10017, USA",,info@vizz.group,(929) 577-4446,https://www.grandbrasserie.com/,french restaurant,"New York City, USA",google_maps
Papillon Bistro & Bar,"22 E 54th St, New York, NY 10022, USA",,,(212) 754-9006,http://www.papillonbistro.com/,bistro,"New York City, USA",google_maps
Brasserie Cognac Midtown East,"517 Lexington Ave, New York, NY 10017, USA",,,(212) 392-5976,https://www.brasseriecognac.com/,french restaurant,"New York City, USA",google_maps
L’Express,"249 Park Ave S, New York, NY 10003, USA",,,(212) 254-5858,https://lexpressnyc.com/,french restaurant,"New York City, USA",google_maps
Bistro Vendôme,"405 E 58th St, New York, NY 10022, USA",,,(212) 935-9100,http://bistrovendomenyc.com/,bistro,"New York City, USA",google_maps
Le P'tit Bistrot,"8 Rue Saint-Martin, 75004 Paris, France",,,01 42 78 55 80,,bistro,"Paris, France",google_maps
Le Vieux Bistrot,"54 Rue Mouffetard, 75005 Paris, France",,,09 54 69 37 73,https://levieuxbistrot-paris.fr//,bistro,"Paris, France",google_maps
Bistrot Richelieu,"45 Rue de Richelieu, 75001 Paris, France",,,01 42 60 19 16,https://www.bistrotrichelieu.com/,bistro,"Paris, France",google_maps
Bistrot Victoires,"6 Rue de la Vrillière, 75001 Paris, France",,contact@paris-bistro.com,01 42 61 43 78,http://www.paris-bistro.com/choisir/paris1/bistrot-des-victoires,bistro,"Paris, France",google_maps
Le Bistrot de Paris,"33 Rue de Lille, 75007 Paris, France",,,01 42 61 16 83,https://lcep.fr/le-bistrot-de-paris/,bistro,"Paris, France",google_maps
Le Bistro des Augustins,"39 Quai des Grands Augustins, 75006 Paris, France",,,01 43 54 04 41,https://lebistrodesaugustins.shop/,bistro,"Paris, France",google_maps
Bistrot Des Tournelles,"6 Rue des Tournelles, 75004 Paris, France",,,01 57 40 99 96,https://www.bistrotdestournelles.com/,bistro,"Paris, France",google_maps
Brasserie Bellanger,"140 Rue du Faubourg Poissonnière, 75010 Paris, France",,ondiscute@lanouvellegarde.com,09 54 00 99 65,https://nouvellegardegroupe.fr/,restaurant,"Paris, France",google_maps
Bistro des lettres,"52 Bd Saint-Germain, 75005 Paris, France",,,01 73 71 72 39,http://www.bistrodeslettres.com/,bistro,"Paris, France",google_maps
Bistrot Chez France,"9 Rue Amélie, 75007 Paris, France",,,01 40 67 96 54,https://www.chezfrancebistrot.fr/,bistro,"Paris, France",google_maps
Bistrot Paul Bert,"18 Rue Paul Bert, 75011 Paris, France",,,01 43 72 24 01,https://bistrotpaulbert.fr/,bistro,"Paris, France",google_maps
Un Amour de Bistro,"24 Rue Caulaincourt, 75018 Paris, France",,,09 74 64 14 98,https://unamourdebistro.fr/,bistro,"Paris, France",google_maps
Bistro des Livres,"44 Rue Galande, 75005 Paris, France",,,01 89 33 26 44,https://www.bistrodeslettres.com/,bistro,"Paris, France",google_maps
Bistrot Instinct,"19 Rue de Picardie, 75003 Paris, France",,,01 42 78 93 06,https://bistrotinstinctparis3.fr/,french restaurant,"Paris, France",google_maps
Le Bistrot Du Perigord,"71 Rue Saint-Jacques, 75005 Paris, France",,,01 43 29 67 49,https://www.lebistroduperigord.fr/,french restaurant,"Paris, France",google_maps
Bistrot des Vosges,"31 Bd Beaumarchais, 75004 Paris, France",,,01 42 72 94 85,https://www.bistrotdesvosges.com/,restaurant,"Paris, France",google_maps
Bistrot de l’Oulette,"38 Rue des Tournelles, 75004 Paris, France",,,01 42 71 43 33,https://bistrot-de-l-oulette.fr/fr,french restaurant,"Paris, France",google_maps
Le Bistrot d'Henri,"16 Rue Princesse, 75006 Paris, France",,,01 46 33 51 12,http://bistrotdhenri.fr/,bistro,"Paris, France",google_maps
Le bistrot,"151 Ave Parmentier, 75010 Paris, France",,lebistrot75010@gmail.com,09 81 27 24 40,https://le-bistrot-paris.eatbu.com/,bar,"Paris, France",google_maps
Chez Georges,"1 Rue du Mail, 75002 Paris, France",,,01 42 60 07 11,http://www.facebook.com/Chez-Georges-depuis-1964-209242622441222/,bistro,"Paris, France",google_maps
The Bistro AZ,"2909 N Central Ave, Phoenix, AZ 85012, USA",,lbiever@thebistroaz.com,(602) 368-2686,http://www.thebistroaz.com/,cafe,"Phoenix, USA",google_maps
Humble Bistro,"222 E Jefferson St Suite 110, Phoenix, AZ 85004, USA",,,(480) 500-9966,https://www.humblebistro.com/?utm_source=local&utm_medium=organic&utm_campaign=gbp,italian restaurant,"Phoenix, USA",google_maps
City Bistro BMO,"1850 N Central Ave UNIT 250, Phoenix, AZ 85004, USA",,,(602) 257-2360,http://www.citybistrobmo.com/,bistro,"Phoenix, USA",google_maps
Vincent Market Bistro,"3930 E Camelback Rd, Phoenix, AZ 85018, USA",,,(602) 224-3727,https://vincentsoncamelback.com/bistro,bistro,"Phoenix, USA",google_maps
The Bistro,"2621 S 47th St, Phoenix, AZ 85034, USA",,,,https://www.marriott.com/hotels/hotel-information/restaurant/phxca-courtyard-phoenix-airport/?scid=f2ae0541-1279-4f24-b197-a979c79310b0,bistro,"Phoenix, USA",google_maps
The Bistro - Eat. Drink. Connect.®,"2029 W Whispering Wind Dr, Phoenix, AZ 85085, USA",,,,https://www.marriott.com/hotels/hotel-information/restaurant/phxbc-courtyard-phoenix-north-happy-valley/?scid=f2ae0541-1279-4f24-b197-a979c79310b0,bistro,"Phoenix, USA",google_maps
Thai Recipe Bistro,"2234 N 7th St Suite 105, Phoenix, AZ 85006, USA",,,(602) 262-5454,https://www.thairecipebistro.com/,thai restaurant,"Phoenix, USA",google_maps
Sottise,"1025 N 2nd St, Phoenix, AZ 85004, USA",,hello@sottisephx.com,(602) 254-6378,http://www.sottisephx.com/,restaurant,"Phoenix, USA",google_maps
The Main Ingredient Ale House & Cafe,"2337 N 7th St, Phoenix, AZ 85006, USA",,,(602) 843-6246,http://tmialehouse.com/,american restaurant,"Phoenix, USA",google_maps
Humble Bistro,"5415 E High St, Phoenix, AZ 85054, USA",,,(480) 502-2121,https://www.humblebistro.com/?utm_source=local&utm_medium=organic&utm_campaign=gbp,italian restaurant,"Phoenix, USA",google_maps
Local Bistro,"20581 Hayden Rd, Scottsdale, AZ 85255, USA",,events@localbistroaz.com,(480) 302-6050,http://localbistroaz.com/,bistro,"Phoenix, USA",google_maps
El Zaguan Bistro,"16 W Adams St, Phoenix, AZ 85003, USA",,admin@elzaguanbistro.com,(602) 877-3033,https://www.elzaguanbistro.com/,mexican restaurant,"Phoenix, USA",google_maps
Humble Bistro,"1524 E Williams Field Rd, Gilbert, AZ 85295, USA",,,(480) 780-1010,https://www.humblebistro.com/,restaurant,"Phoenix, USA",google_maps
Palma,"903 N 2nd St, Phoenix, AZ 85004, USA",,,(602) 580-0000,http://palmaphx.com/,restaurant,"Phoenix, USA",google_maps
Soleil Bistro,"3220 S 48th St, Phoenix, AZ 85040, USA",,,(480) 543-1700,http://www.holidayinn.com/PhoenixAirport,restaurant,"Phoenix, USA",google_maps
Wren & Wolf,"2 N Central Ave #101, Phoenix, AZ 85004, USA",,,(602) 562-3510,https://www.wrenandwolf.com/,steak house,"Phoenix, USA",google_maps
Humble Oysters and Bubbles,"5415 E High St Ste 121, Phoenix, AZ 85054, USA",,,(602) 755-7755,http://humbleoysterbar.com/,restaurant,"Phoenix, USA",google_maps
Cornish Pasty Co,"7 W Monroe St, Phoenix, AZ 85003, USA",,,(602) 374-8500,http://www.cornishpastyco.com/,gastropub,"Phoenix, USA",google_maps
Lighthouse Bistro,"75 Jellicoe Rd, #01-00 Wavelink Holdings Pte Ltd, Singapore 208738",,,6390 1699,http://www.lighthouse-sg.com/,bistro,Singapore,google_maps
Bistro Du Vin,"1 Scotts Rd, #01 - 14 Shaw Centre, Singapore 228208",,,6733 7763,http://bistroduvin.com.sg/,french restaurant,Singapore,google_maps
BistrOne36 at Tyrwhitt,"121 Tyrwhitt Rd, Singapore 207548",,,6610 7229,https://bistrone36.co/,bistro,Singapore,google_maps
J Bistro @ 45 Syed Alwi,"45 Syed Alwi Rd, Singapore 207636",,,6909 9405,https://jbistro.sg/,bistro,Singapore,google_maps
HENRI Bistrot du Boulanger,"39 Kreta Ayer Rd, Singapore 089002",,,8690 4927,https://www.henri.com.sg/,bistro,Singapore,google_maps
Capitol Bistro. Bar. Patisserie,"13 Stamford Rd, #01-86/87 Arcade @ The Capitol Kempinski, Singapore 178905",,,6715 6877,https://www.kempinski.com/en/the-capitol-singapore/restaurants-bars/capitol-bar.-bistro.-patisserie?utm_source=Google+My+Business&utm_medium=listing+page&utm_campaign=Capitol-Arcade-2024_GMB_Listing-page_Kempinski-website&utm_id=Capitol+Arcade+2024,bistro,Singapore,google_maps
Le Bistrot du Sommelier,"53 Armenian St, Singapore 179940",,,9821 3047,https://www.lebistrotdusommelier.com/,french restaurant,Singapore,google_maps
VIBE Bistro,"1 Raffles Pl, #01-03/04/05/06, Singapore 048616",,,9835 8897,https://vibebistrosg.com/,bistro,Singapore,google_maps
L Bistro,"2 Venture Dr, #02-38 Vision Exchange, Singapore 608526",,,,,karaoke,Singapore,google_maps
BistrOne36 at Boon Keng,"34 Whampoa W, #01-79 Bendemeer Ville, Singapore 330034",,,6291 8110,https://bistrone36.co/,bistro,Singapore,google_maps
98 Bistro,"85 Kampong Bahru Rd, #01-01, Singapore 169380",,,9117 9669,http://98bistro.com/,bistro,Singapore,google_maps
The Bukit Bistro & Bar,"240 Sime Rd, Singapore 288303",,,6215 9419,,western restaurant,Singapore,google_maps
Nassim Hill Bakery Bistro Bar,"56 Tanglin Rd, #01-03, Singapore 247964",,nassimhill@imaginings.com.sg,9099 6405,http://www.nassimhill.com.sg/,bistro,Singapore,google_maps
Social Bar & Bistro,"9 Raffles Pl, #01-01 Republic Plaza, Singapore 048619",,,8891 1085,http://social.sg/,restaurant,Singapore,google_maps
Chip Bee Bistro,"44 Jln Merah Saga, #01-48, Singapore 278116",,host@chipbeebistro.com,,https://www.chipbeebistro.com/,bistro,Singapore,google_maps
Filo Bistro,"265 Upper Thomson Rd, Singapore 574392",,hello@filobistro.com,8347 5888,https://www.filobistro.com/,bistro,Singapore,google_maps
Bistro Gaston,"25 Keong Saik Rd., Singapore 089132",,,6909 8120,http://www.bistrogaston.sg/,french restaurant,Singapore,google_maps
Saintmarc Bistro & Bar,"7 Fraser St, #01-62/63/64/65 Duo Galleria, Singapore 189356",,,8810 8127,http://saint-marc-sg.com/,restaurant,Singapore,google_maps
Bistro @ SICC,"180 Island Club Rd, Lobby Level The Singapore Island Country Club, Singapore 578774",,,6431 8423,,fusion restaurant,Singapore,google_maps
Bistro@ 55,"55 Lor L Telok Kurau, Singapore 425500",,,9027 7870,,bistro,Singapore,google_maps
Bistro Papillon,"98 Clarence St, Sydney NSW 2000, Australia",,bonjour@bistropapillon.com.au,(02) 9262 2402,https://www.bistropapillon.com.au/,bistro,"Sydney, Australia",google_maps
Bistro George,"level 1/176 George St, Sydney NSW 2000, Australia",,media@jacksonsongeorge.com.au,(02) 8027 9997,https://jacksonsongeorge.com.au/bistro-george/,bistro,"Sydney, Australia",google_maps
Bistro Rex Restaurant,"Shop 1, 50/58 Macleay St, Potts Point NSW 2011, Australia",,hello@bistrorex.com.au,(02) 9332 2100,http://www.bistrorex.com.au/,french restaurant,"Sydney, Australia",google_maps
Bistro St Jacques,"96 Pitt St, Redfern NSW 2016, Australia",,info@bistrostjacques.com.au,0478 705 704,https://www.bistrostjacques.com.au/,bistro,"Sydney, Australia",google_maps
Felix Bistro & Brasserie,"2 Ash St, Sydney NSW 2000, Australia",,,(02) 9114 7303,https://merivale.com/venues/felix?&utm_source=googlemybusiness_venue&utm_medium=organic&utm_campaign=googlemybusiness_venue_organic_felix&utm_content=website,french restaurant,"Sydney, Australia",google_maps
"Loulou Bistro, Boulangerie & Traiteur","61 Lavender St, Milsons Point NSW 2061, Australia",,hello@loulou.sydney,(02) 8000 7800,https://loulou.sydney/,french restaurant,"Sydney, Australia",google_maps
Bistro Nido,"Shop 10.07/501 George St, Sydney NSW 2000, Australia",,,(02) 9283 9762,http://www.bistronido.com.au/,french restaurant,"Sydney, Australia",google_maps
The Bistro 19,"19 B Lime St, Sydney NSW 2000, Australia",,hello@thebistro19.com.au,0478 744 494,https://thebistro19.com.au/,restaurant,"Sydney, Australia",google_maps
Bouillon L'Entrecôte,"6 Loftus St, Sydney NSW 2000, Australia",,,,http://bouillonlentrecote.com.au/,french restaurant,"Sydney, Australia",google_maps
Bistro Moncur,"116A Queen St, Woollahra NSW 2025, Australia",,reservations@bistromoncur.com,(02) 9327 9713,http://www.bistromoncur.com.au/,french restaurant,"Sydney, Australia",google_maps
Macleay St Bistro,"71A Macleay St, Potts Point NSW 2011, Australia",,,0484 503 497,https://macleaystbistro.com.au/,bistro,"Sydney, Australia",google_maps
Bistro Mosman,"76 Middle Head Rd, Mosman NSW 2088, Australia",,dine@bistromosman.com.au,(02) 9969 7022,https://www.thebuena.com.au/bistromosman/,mediterranean restaurant,"Sydney, Australia",google_maps
Le Petit Flot,"level 2/97 Pitt St, Sydney NSW 2000, Australia",,,(02) 8222 1270,https://www.rydges.com/accommodation/sydney-nsw/australia-square/eat-drink/le-petit-flot/,french restaurant,"Sydney, Australia",google_maps
L'Amuse Bouche,"Shop 2/411 Bourke St, Surry Hills NSW 2010, Australia",,,0431 004 003,http://www.lamusebouchesydney.com/,french restaurant,"Sydney, Australia",google_maps
Manon Brasserie,"55/455 George St, Sydney NSW 2000, Australia",,bookings@manonbrasserie.com.au,(02) 9051 2008,https://www.manonbrasserie.com.au/?gclid=Cj0KCQjwqPGUBhDwARIsANNwjV7JFrjVKr54nEuP9x-3At_yqkYaW3c9fPcllCjlwVwZ-6JvQyx4tZQaAi4PEALw_wcB,breakfast restaurant,"Sydney, Australia",google_maps
Bistro Ebony,"123 Pitt St, Sydney NSW 2000, Australia",,manager@bistroebony.com.au,(02) 9150 5230,https://www.bistroebony.com.au/,restaurant,"Sydney, Australia",google_maps
Bistro Sydney,"7/11 Talavera Rd, North Ryde NSW 2113, Australia",,,,https://www.bistrosydney.com/?scid=feed67b0-9a2f-4de1-8df6-114544116108,bistro,"Sydney, Australia",google_maps
Parlour,"49 Market St, Sydney NSW 2000, Australia",,,(02) 8262 0000,https://www.qthotels.com/sydney-cbd/eat-drink/parlour,bistro,"Sydney, Australia",google_maps
Bistrot de Paris,"R. Augusta, 2542 - Loja 12 - Jardins, São Paulo - SP, 01412-100, Brazil",,contato@bistrotdeparis.com.br,(11) 3063-1675,https://bistrotdeparis.com.br/,bistro,"São Paulo, Brazil",google_maps
ICI Bistro,"R. Mato Grosso, 396 - Consolação, São Paulo - SP, 01239-040, Brazil",,,(11) 3257-4064,,bistro,"São Paulo, Brazil",google_maps
Chez Amis Bistrô,"Rua Haddock Lobo, 74 - Cerqueira César, São Paulo - SP, 01414-000, Brazil",,,(11) 3129-4930,https://www.instagram.com/chezamis.bistro/,restaurant,"São Paulo, Brazil",google_maps
Le Jazz Brasserie,"R. dos Pinheiros, 254 - Pinheiros, São Paulo - SP, 05422-012, Brazil",,,(11) 2359-8141,http://www.lejazz.com.br/,cocktail bar,"São Paulo, Brazil",google_maps
Bistrô Speccialitá,"Alameda Lorena, 1908 - Jardim Paulista, São Paulo - SP, 01424-002, Brazil",,,(11) 96931-5767,https://bistrospeccialita.com.br/,restaurant,"São Paulo, Brazil",google_maps
PARIS 6 - Matriz Classique,"Rua Haddock Lobo, 1240 - Cerqueira César, São Paulo - SP, 01414-002, Brazil",,,(11) 91479-3056,https://www.paris6.com.br/,restaurant,"São Paulo, Brazil",google_maps
Bistrô L’Hotel,"Alameda Campinas, 266 - Jardim Paulista, São Paulo - SP, 01404-000, Brazil",,reservations@portobay.pt,(11) 2183-0500,https://www.portobay.com/en/restaurants/restaurants-sao-paulo/bistro-lhotel/,restaurant,"São Paulo, Brazil",google_maps
Bistrô Charlô,"R. Henrique Monteiro, 154 - Pinheiros, São Paulo - SP, 05423-020, Brazil",,,(11) 96331-5709,http://www.charlo.com.br/,restaurant,"São Paulo, Brazil",google_maps
The View Bar,"Alameda Santos, 981 - 30º andar - Jardim Paulista, São Paulo - SP, 01419-001, Brazil",,,(11) 3266-3692,http://theviewbar.com.br/,restaurant,"São Paulo, Brazil",google_maps
Chef Rouge,"R. Bela Cintra, 2238 - Jardim Paulista, São Paulo - SP, 01415-008, Brazil",,,(11) 3081-7539,http://www.chefrouge.com.br/,french restaurant,"São Paulo, Brazil",google_maps
Restaurante São Paulo Bistrot,"R. João Cachoeira, 649 - Itaim Bibi, São Paulo - SP, 04535-002, Brazil",,,(11) 2389-5938,,bistro,"São Paulo, Brazil",google_maps
Skye,"Av. Brigadeiro Luís Antônio, 4700 - Jardim Paulista, São Paulo - SP, 01402-002, Brazil",,,(11) 3055-4700,http://www.hotelunique.com/,restaurant,"São Paulo, Brazil",google_maps
Sky Hall Garden Bar,"Rua Haddock Lobo, 1327 - Jardim Paulista, São Paulo - SP, 01414-003, Brazil",,,(11) 3061-3865,https://skyhall.com.br/,mediterranean restaurant,"São Paulo, Brazil",google_maps
Vicolo Nostro,"Rua Jataituba, 29 - Cidade Monções, São Paulo - SP, 04704-090, Brazil",,,(11) 5561-5287,https://vicolonostro.com.br/,italian restaurant,"São Paulo, Brazil",google_maps
Aroma Bistro e Café,"Av. São Luís, 187 - Galeria Metrópole - 1° Andar - República, São Paulo - SP, 01046-001, Brazil",,,(11) 3159-1829,https://www.facebook.com/aromabistroecafe/,bistro,"São Paulo, Brazil",google_maps
Padaria Bella Paulista,"Rua Haddock Lobo, 354 - Cerqueira César, São Paulo - SP, 01414-000, Brazil",,sac@bellapaulista.com,(11) 3214-3347,https://padariabellapaulista.com.br/,bakery,"São Paulo, Brazil",google_maps
Brasserie Victória,"Av. Pres. Juscelino Kubitschek, 545 - Itaim Bibi, São Paulo - SP, 04543-010, Brazil",,,(11) 3040-8897,http://www.brasserievictoria.com.br/,lebanese restaurant,"São Paulo, Brazil",google_maps
Le Bife,"R. Pedroso Alvarenga, 1088 - Unid. 13 - Itaim Bibi, São Paulo - SP, 04531-004, Brazil",,contato@lebife.com.br,(11) 4324-0783,http://www.lebife.com.br/,restaurant,"São Paulo, Brazil",google_maps
Brasserie Viron Shibuya,"Japan, 〒150-0042 Tokyo, Shibuya, Udagawachō, 33−８ ２Ｆ",,,03-5458-1776,https://www.instagram.com/viron_shibuya,bistro,"Tokyo, Japan",google_maps
Brasserie Viron Marunouchi,"Japan, 〒100-0005 Tokyo, Chiyoda City, Marunouchi, 2-chōme−7−３ 東京ビルディング 1F 東京ビル",,,03-5220-7289,https://www.instagram.com/viron_brasserie/,bistro,"Tokyo, Japan",google_maps
Bistro AUX AMIS,"6F, 6-chōme-10-1 Ginza, Chuo City, Tokyo 104-0061, Japan",,,050-3503-4120,http://auxamis.com/bistro,bistro,"Tokyo, Japan",google_maps
bistro rojiura,"Japan, 〒150-0042 Tokyo, Shibuya, Udagawachō, 11−２ 宇田川柳光ビル 1F",,,03-6416-3083,https://www.instagram.com/rojiura_restaurant/,bistro,"Tokyo, Japan",google_maps
Le Nougat,"Japan, 〒104-0061 Tokyo, Chuo City, Ginza, 6-chōme−12−２ 東京銀座ビル 1F",,,03-6254-5105,https://www.lenougat.jp/,bistro,"Tokyo, Japan",google_maps
LE BISTRO,"Japan, 〒151-0051 Tokyo, Shibuya, Sendagaya, 4-chōme−6−８ パークコート神宮北参道 ザ タワ 1・2階",,lebistro@huge.co.jp,03-6635-1030,https://www.huge.co.jp/restaurant/french/lebistro,french restaurant,"Tokyo, Japan",google_maps
French Kitchen,"Japan, 〒106-0032 Tokyo, Minato City, Roppongi, 6-chōme−10−３ グランド ハイアット 東京 2階",,,03-4333-8781,https://www.tokyo.grand.hyatt.co.jp/restaurants/french-kitchen-tokyo/,french restaurant,"Tokyo, Japan",google_maps
Ryuzu,"Japan, 〒106-0032 Tokyo, Minato City, Roppongi, 4-chōme−2−３５ Vort六本木Dual's B1F",,,03-5770-4236,http://restaurant-ryuzu.com/,french restaurant,"Tokyo, Japan",google_maps
Harajuku Tokyo Cafe,"M3M IFC, Badshahpur, Sector 66, Gurugram, Haryana 122101, India",,,081301 19665,,japanese restaurant,"Tokyo, Japan",google_maps
Tono Tokyo Coffee roasters,"UG floor 15, South Point Mall, Golf Course Rd, near adidas store, DLF Phase 5, Sector 53, Gurugram, Haryana 122011, India",,,,,japanese restaurant,"Tokyo, Japan",google_maps
plate tokyo,"Japan, 〒106-0031 Tokyo, Minato City, Nishiazabu, 2-chōme−10−１ Nishi-Azabu Asia Building, 1F",,,080-4689-9059,https://www.tablecheck.com/shops/plate-tokyo/reserve?utm_source=google,french restaurant,"Tokyo, Japan",google_maps
Bistro Le Parisien,"19 Iwatocho, Shinjuku City, Tokyo 162-0832, Japan",,,03-5579-2866,http://www.leparisien.jp/,bistro,"Tokyo, Japan",google_maps
Bistro 222,"Japan, 〒105-0004 Tokyo, Minato City, Shinbashi, 4-chōme−1−１ 新虎通りCORE 2階",,,03-6432-4336,https://tabelog.com/tokyo/A1301/A130103/13226712/,bistro,"Tokyo, Japan",google_maps
The Bistro,"2-chōme-10-8 Sekiguchi, Bunkyo City, Tokyo 112-0014, Japan",,info@hotel-chinzanso.com,03-3943-6936,http://hotel-chinzanso-tokyo.jp/restaurant/bistro/,bistro,"Tokyo, Japan",google_maps
Fish Bank TOKYO,"Japan, 〒105-7108 Tokyo, Minato City, Higashishinbashi, 1-chōme−5−２ 汐留シティセンタ ４１F",,,03-3569-7171,https://fish-bank-tokyo.jp/,french restaurant,"Tokyo, Japan",google_maps
CÉ LA VI TOKYO,"Japan, 〒150-0043 Tokyo, Shibuya, Dōgenzaka, 1-chōme−2−３ 東急プラザ渋谷17階 ＆18階",,,0800-111-3065,https://www.celavi.com/ja/tokyo/,restaurant,"Tokyo, Japan",google_maps
CENSU TOKYO,"2-chōme-12-9 Jingūmae, Shibuya, Tokyo 150-0001, Japan",,,03-6434-5883,https://censutokyo.com/,japanese restaurant,"Tokyo, Japan",google_maps
Chez Olivier,"Japan, 〒102-0074 Tokyo, Chiyoda City, Kudanminami, 4-chōme−1−１０ グランドメゾン九段南 1F",,chezolivier@chezolivier.co.jp,050-5487-1412,http://www.chezolivier.co.jp/index.html,french restaurant,"Tokyo, Japan",google_maps
Kashiwa bistro Bambang,"2-8 Shinsenchō, Shibuya, Tokyo 150-0045, Japan",,,050-5448-8676,https://kashiwabistro-banban.com/?utm_source=google&utm_medium=meo,italian restaurant,"Tokyo, Japan",google_maps
Bellustar,"TOKYU KABUKICHO TOWER, 45F, 1-chōme-29-1 Kabukichō, Shinjuku City, Tokyo 160-0021, Japan",,,03-6233-7388,https://www.bellustartokyo.jp/restaurant-bar/restaurant-bellustar.html,french restaurant,"Tokyo, Japan",google_maps
Le Sélect Bistro,"432 Wellington St W, Toronto, ON M5V 1E3, Canada",,,(416) 626-6262,http://www.leselectbistro.com/,bistro,"Toronto, Canada",google_maps
Le Baratin,"1600 Dundas St W, Toronto, ON M6K 1T8, Canada",,lebaratinyyz@gmail.com,(416) 534-8800,http://www.lebaratin.ca/,bistro,"Toronto, Canada",google_maps
Cluny Bistro & Boulangerie,"35 Tank House Lane, Toronto, ON M5A 3C4, Canada",,,(416) 203-2632,http://clunybistro.com/,bistro,"Toronto, Canada",google_maps
Beerbistro restaurant and bar,"18 King St E, Toronto, ON M5C 1C4, Canada",,,(416) 861-9872,http://www.beerbistro.com/,restaurant,"Toronto, Canada",google_maps
Cheffry's Artisanal Bistro,"388 Richmond St W, Toronto, ON M5V 1X6, Canada",,cheffry@cheffrysbistro.com,(437) 996-7357,https://cheffrysbistro.com/,restaurant,"Toronto, Canada",google_maps
Black+Blue,"130 King St W, Toronto, ON M5X 2A2, Canada",,,(647) 368-8283,https://blackandbluesteakhouse.ca/toronto-home/,restaurant,"Toronto, Canada",google_maps
Peter Pan Bistro,"373 Queen St W, Toronto, ON M5V 2A4, Canada",,,(416) 792-3838,https://bistro.peterpantry.ca/,restaurant,"Toronto, Canada",google_maps
Jules Bistro,"924 Queen St W, Toronto, ON M6J 1G6, Canada",,924queenwest@bistro-jules.com,(416) 533-5454,http://www.bistro-jules.com/,bistro,"Toronto, Canada",google_maps
Maison T,"1071 Shaw St, Toronto, ON M6G 3N4, Canada",,maisont@maisontbistro.com,(416) 551-9898,http://www.maisontbistro.com/,restaurant,"Toronto, Canada",google_maps
Muse Bistro + Bar,"203 Jarvis St, Toronto, ON M5B 0E7, Canada",,salut@musebistroandbar.com,(416) 572-7200,https://musebistroandbar.com/,bistro,"Toronto, Canada",google_maps
Brownes Bistro,"1251 Yonge St, Toronto, ON M4T 1W6, Canada",,,(416) 924-8132,https://www.brownesbistro.com/,bistro,"Toronto, Canada",google_maps
The Rabbit Hole,"21 Adelaide St W, Toronto, ON M5H 1L6, Canada",,,(647) 480-6963,http://therabbitholepub.ca/,restaurant,"Toronto, Canada",google_maps
JaBistro,"222 Richmond St W, Toronto, ON M5V 1V6, Canada",,,(647) 748-0222,https://www.jabistro.com/?utm_source=google&utm_medium=organic&utm_campaign=gbp-listing&utm_content=jabistro,japanese restaurant,"Toronto, Canada",google_maps
Bistro on Avenue,"1988 Avenue Rd, Toronto, ON M5M 4Y4, Canada",,,(416) 783-1928,http://www.bistroonavenue.com/,restaurant,"Toronto, Canada",google_maps
Le Paradis,"166 Bedford Rd, Toronto, ON M5R 2K9, Canada",,,(416) 921-6424,http://www.leparadis.com/,wine bar,"Toronto, Canada",google_maps
Jazz Bistro,"251 Victoria St, Toronto, ON M5B 1T8, Canada",,events@jazzbistro.ca,(416) 363-5299,https://jazzbistro.ca/,restaurant,"Toronto, Canada",google_maps
The Broadview Bistro + Bar,"106 Broadview Ave, Toronto, ON M4M 1G9, Canada",,info@thebroadviewhotel.ca,(416) 362-8439,https://www.thebroadviewhotel.ca/,restaurant,"Toronto, Canada",google_maps
Alouette Bistro,"567 Hornby St #1207, Vancouver, BC V6C 2E8, Canada",,info@alouettevancouver.com,(604) 689-8862,http://alouettevancouver.com/,french restaurant,"Vancouver, Canada",google_maps
Botanist,"1038 Canada Pl, Vancouver, BC V6C 0B9, Canada",Grant Sceney,,(604) 695-5500,https://www.botanistrestaurant.com/?utm_source=google+Maps&utm_medium=seo+maps&utm_campaign=seo+maps,restaurant,"Vancouver, Canada",google_maps
Tableau Bar Bistro,"1181 Melville St, Vancouver, BC V6E 4P6, Canada",,,(604) 639-8692,http://tableaubarbistro.com/,bistro,"Vancouver, Canada",google_maps
Au Petit Comptoir,"1471 Continental St, Vancouver, BC V6Z 0G3, Canada",,,(604) 292-6917,https://aupetitcomptoir.ca/,french restaurant,"Vancouver, Canada",google_maps
Les Faux Bourgeois,"663 E 15th Ave, Vancouver, BC V5T 2R6, Canada",,,(604) 873-9733,http://www.lesfauxbourgeois.com/,bistro,"Vancouver, Canada",google_maps
The Farmhouse,"352 E 10th Ave, Vancouver, BC V5T 1Z7, Canada",,,(604) 260-2477,https://farmhouseon10th.com/,restaurant,"Vancouver, Canada",google_maps
Absinthe Bistro,"952 Commercial Dr, Vancouver, BC V5L 3W7, Canada",,info@bistroabsinthe.com,(604) 566-9053,http://www.bistroabsinthe.com/,bistro,"Vancouver, Canada",google_maps
Elisa,"1109 Hamilton St, Vancouver, BC V6B 5P6, Canada",,,(604) 362-5443,https://elisasteak.com/?utm_source=GoogleBusinessProfile&utm_medium=Website&utm_campaign=MapLabs,restaurant,"Vancouver, Canada",google_maps
St. Lawrence Restaurant,"269 Powell St, Vancouver, BC V6A 1G3, Canada",,,(604) 620-3800,http://www.stlawrencerestaurant.com/,french restaurant,"Vancouver, Canada",google_maps
Bacchus Restaurant & Lounge,"845 Hornby St, Vancouver, BC V6Z 1V1, Canada",,catering@wedgewoodhotel.com,(604) 608-5319,https://wedgewoodhotel.com/dining/bacchus-restaurant/,european restaurant,"Vancouver, Canada",google_maps
Ash Street Bistro,"611 W 41st Ave, Vancouver, BC V5Z 0C7, Canada",,,(778) 945-3431,http://www.ashstreetbistro.com/,restaurant,"Vancouver, Canada",google_maps
ARC RESTAURANT,"900 Canada Pl, Vancouver, BC V6C 3L5, Canada",,,(604) 691-1818,https://www.arcdining.com/?utm_source=google+Maps&utm_medium=seo+maps&utm_campaign=seo+maps,fine dining restaurant,"Vancouver, Canada",google_maps
L'Abattoir,"217 Carrall St, Vancouver, BC V6B 2J2, Canada",,info@labattoir.ca,(604) 568-1701,https://www.labattoir.ca/,restaurant,"Vancouver, Canada",google_maps
Cactus Club Cafe,"1085 Canada Pl, Vancouver, BC V6C 0C3, Canada",,,(604) 620-7410,https://www.cactusclubcafe.com/locations/coal-harbour/,restaurant,"Vancouver, Canada",google_maps
