business_name,address,owner_name,email,phone,website,category,city,source
Grizzly - American Restaurant,"Warmoesstraat 64-H, 1012 JH Amsterdam, Netherlands",,,020 221 4432,,american restaurant,"Amsterdam, Netherlands",google_maps
Stacks Diner,"De Clercqstraat 32, 1052 NE Amsterdam, Netherlands",,hello@stacksdiner.com,020 854 5963,https://www.stacksdiner.com/,restaurant,"Amsterdam, Netherlands",google_maps
New Dutch Amsterdam,"Prinsengracht 60-62, 1015 DX Amsterdam, Netherlands",,,06 20800184,https://newdutchamsterdam.nl/,diner,"Amsterdam, Netherlands",google_maps
Stamppot Amsterdam,"Leidsekruisstraat 11, 1017 RE Amsterdam, Netherlands",,info@stamppot-amsterdam.nl,020 303 8314,https://www.stamppot-amsterdam.nl/,restaurant,"Amsterdam, Netherlands",google_maps
Hard Rock Cafe Amsterdam,"Max Euweplein 57-61, 1017 MA Amsterdam, Netherlands",,amsterdam_social@hardrock.com,020 888 1358,https://cafe.hardrock.com/amsterdam/#utm_source=Google&utm_medium=Yext&utm_campaign=Listings,american restaurant,"Amsterdam, Netherlands",google_maps
MOAK Pancakes City Center,"Jodenbreestraat 144, 1011 NS Amsterdam, Netherlands",,,,https://moakpancakes.nl/,brunch restaurant,"Amsterdam, Netherlands",google_maps
Restaurant Black,"Prinsengracht 703, 1017 JV Amsterdam, Netherlands",,info@restaurantblack.nl,020 787 0398,https://www.restaurantblack.nl/,diner,"Amsterdam, Netherlands",google_maps
Humphrey's,"Nieuwezijds Kolk 23, 1012 PV Amsterdam, Netherlands",,,020 422 1234,https://www.humphreys.nl/restaurants/humphreys-amsterdam,restaurant,"Amsterdam, Netherlands",google_maps
Stoop & Stoop eetcafé,"Lange Leidsedwarsstraat 82, 1017 NM Amsterdam, Netherlands",,info@stoopenstoop-amsterdam.nl,020 620 0982,http://www.stoopenstoop.nl/,dutch restaurant,"Amsterdam, Netherlands",google_maps
Restaurant Dinner Cruise Amsterdam - Rondvaart met eten,"Prinsengracht 648, 1017 KV Amsterdam, Netherlands",,,06 22197287,https://rederijprinsengracht.com/eet-arrangementen/diner-op-boot-amsterdam/,restaurant,"Amsterdam, Netherlands",google_maps
Hollands Hap Hmm Restaurant,"Eerste Helmersstraat 33, 1054 CZ Amsterdam, Netherlands",,haphmm33@gmail.com,020 770 8924,http://www.hap-hmm.nl/,dutch restaurant,"Amsterdam, Netherlands",google_maps
Box Sociaal,"Plantage Middenlaan 30A, 1018 DG Amsterdam, Netherlands",,,,http://www.boxsociaal.com/,restaurant,"Amsterdam, Netherlands",google_maps
Broodje Bert,"Singel 321, 1012 WK Amsterdam, Netherlands",,,020 623 0382,,restaurant,"Amsterdam, Netherlands",google_maps
Metro Diner and Bar,"229 Peachtree St B17, Atlanta, GA 30303, USA",,metrodineratl@gmail.com,(404) 577-1420,http://www.metrodineratl.com/,diner,"Atlanta, USA",google_maps
Landmark Diner - Downtown,"60 Luckie St NW, Atlanta, GA 30303, USA",,,(404) 659-1756,https://www.landmarkdiner.com/v3/,diner,"Atlanta, USA",google_maps
Majestic Diner,"1031 Ponce De Leon Ave NE, Atlanta, GA 30306, USA",,info@majesticdiner.com,(404) 875-0276,http://www.majesticdiner.com/,diner,"Atlanta, USA",google_maps
Marietta Diner,"306 Cobb Pkwy SE, Marietta, GA 30060, USA",,,(770) 423-9390,https://www.mariettadiner.com/,american restaurant,"Atlanta, USA",google_maps
Thumbs Up Diner,"573 Edgewood Ave SE, Atlanta, GA 30312, USA",,,(404) 223-0690,http://thumbsupdiner.com/,restaurant,"Atlanta, USA",google_maps
Silver Skillet,"200 14th St NW, Atlanta, GA 30318, USA",,,(404) 874-1388,http://silverskillet.com/,diner,"Atlanta, USA",google_maps
Atlanta Breakfast Club,"249 Ivan Allen Jr Blvd NW, Atlanta, GA 30313, USA",,,(678) 492-5099,https://www.atlbreakfastclub.com/,restaurant,"Atlanta, USA",google_maps
OK Cafe,"1284 W Paces Ferry Rd NW, Atlanta, GA 30327, USA",,,(404) 233-2888,https://www.okcafe.com/,diner,"Atlanta, USA",google_maps
The Flying Biscuit Cafe,"1001 Piedmont Ave NE, Atlanta, GA 30309, USA",,,(404) 874-8887,https://flyingbiscuit.com/locations-2/midtown/,restaurant,"Atlanta, USA",google_maps
Landmark Diner (Buckhead),"3652 Roswell Rd NW, Atlanta, GA 30305, USA",,,(404) 816-9090,http://landmarkeats24.com/,diner,"Atlanta, USA",google_maps
Little Five Points Diner,"422 Seminole Ave NE, Atlanta, GA 30307, USA",,,(470) 622-4135,https://l5pdiner.com/,restaurant,"Atlanta, USA",google_maps
Thumbs Up Diner,"826 Marietta St NW, Atlanta, GA 30318, USA",,,(404) 745-4233,https://www.thumbsupdiner.com/,restaurant,"Atlanta, USA",google_maps
The Varsity,"61 North Ave NW, Atlanta, GA 30308, USA",,,(404) 881-1706,https://thevarsity.com/,diner,"Atlanta, USA",google_maps
Lakewood Diner,"2885 Lakewood Ave SW, Atlanta, GA 30315, USA",,,(404) 768-0330,,diner,"Atlanta, USA",google_maps
Sweet Georgia's Juke Joint,"200 Peachtree St L05, Atlanta, GA 30303, USA",,,(470) 419-5853,http://www.sweetgeorgiasjukejoint.com/,restaurant,"Atlanta, USA",google_maps
The White House Restaurant,"3172 Peachtree Rd NE, Atlanta, GA 30305, USA",,,(404) 237-7601,,american restaurant,"Atlanta, USA",google_maps
Ria's Bluebird,"421 Memorial Dr SE, Atlanta, GA 30312, USA",,,(404) 521-3737,http://www.riasbluebird.com/,brunch restaurant,"Atlanta, USA",google_maps
Home grown GA Restaurant,"968 Memorial Dr SE, Atlanta, GA 30316, USA",,homegrownga@yahoo.com,(404) 222-0455,https://www.homegrownga.com/,breakfast restaurant,"Atlanta, USA",google_maps
Busy Bee Cafe,"810 M.L.K. Jr Dr SW, Atlanta, GA 30314, USA",,,(404) 525-9212,https://www.thebusybeecafe.com/,soul food restaurant,"Atlanta, USA",google_maps
Atlanta's Best Diner,"800 Forrest St NW K6, Atlanta, GA 30318, USA",,,(404) 895-0359,http://atlantasbestdiner.com/,diner,"Atlanta, USA",google_maps
Broadway Diner,"255 Broadway Road Side, Newmarket, Auckland 1023, New Zealand",,hello@broadwaydiner.co.nz,,https://broadwaydiner.co.nz/,hamburger restaurant,"Auckland, New Zealand",google_maps
Bald Eagle Diner,"89 Tamaki Drive, Mission Bay, Auckland 1071, New Zealand",,info@baldeaglediner.co.nz,09 521 1611,http://www.baldeaglediner.com/,cafe,"Auckland, New Zealand",google_maps
Le Garde-Manger,"466 Queen Street, Auckland CBD, Auckland 1010, New Zealand",,bookings@www.legardemanger.co.nz,09 362 0655,http://www.legardemanger.co.nz/,french restaurant,"Auckland, New Zealand",google_maps
One Tree Grill,"9 Pah Road, Epsom, Auckland 1023, New Zealand",,,09 909 7215,https://www.onetreegrill.co.nz/,restaurant,"Auckland, New Zealand",google_maps
Burnt Butter Diner,"62 Rosebank Road, Avondale, Auckland 1026, New Zealand",,,,https://www.instagram.com/burntbutter_nz/?hl=en,diner,"Auckland, New Zealand",google_maps
alma,"130 Quay Street, Auckland CBD, Auckland 1010, New Zealand",,,09 242 1570,http://www.alma.nz/,restaurant,"Auckland, New Zealand",google_maps
Ahi.,"Commercial Bay Level 2/7 Queen Street, Auckland CBD, Auckland 1010, New Zealand",,,022 524 4255,http://ahi.restaurant/,restaurant,"Auckland, New Zealand",google_maps
Denny's Hobson Street,"51 Hobson Street, Auckland CBD, Auckland 1010, New Zealand",,,09 309 9220,https://www.dennys.co.nz/,american restaurant,"Auckland, New Zealand",google_maps
Federal Delicatessen,"86 Federal Street, Auckland City, Auckland 1010, New Zealand",,hello@thefed.co.nz,021 905 345,http://www.thefed.co.nz/,restaurant,"Auckland, New Zealand",google_maps
Mr. Morris,"Britomart, Corner of Galway & Commerce Street, Auckland CBD, Auckland 1010, New Zealand",,eat@mrmorris.nz,09 869 5522,http://www.mrmorris.nz/,restaurant,"Auckland, New Zealand",google_maps
Tony's Original Steak & Seafood Restaurant,"27 Wellesley Street West, Auckland CBD, Auckland 1010, New Zealand",,,09 373 4196,http://tonys.co.nz/,steak house,"Auckland, New Zealand",google_maps
Soul Bar & Bistro,"Corner of Lower Hobson Street, Customs Street West, Auckland CBD, Auckland 1010, New Zealand",,,09 356 7249,http://www.soulbar.co.nz/,bistro,"Auckland, New Zealand",google_maps
The White Lady,"Corner Commerce Street &, Fort Street, Auckland CBD, Auckland 1010, New Zealand",,,0800 843 944,http://www.thewhitelady.co.nz/,hamburger restaurant,"Auckland, New Zealand",google_maps
Lone Star Queen St,"500 Queen Street, Auckland CBD, Auckland 1010, New Zealand",,,09 281 6363,https://www.lonestar.co.nz/restaurants/upper-north-island/queenst,restaurant,"Auckland, New Zealand",google_maps
Cooke's Restaurant & Bar,"58/60 Queen Street, Auckland CBD, Auckland 1010, New Zealand",,cookes@fableauckland.com,09 309 9979,https://cookesrestaurant.co.nz/,bar,"Auckland, New Zealand",google_maps
Lucky 8,"161 Ponsonby Road, Ponsonby, Auckland 1011, New Zealand",,,021 978 396,http://www.lucky8.co.nz/,restaurant,"Auckland, New Zealand",google_maps
La Lolita Barcelona,"Rambla de Catalunya, 27, Local, Eixample, 08007 Barcelona, Spain",,,933 42 92 04,http://www.lalolitarestaurante.com/,mediterranean restaurant,"Barcelona, Spain",google_maps
El Nacional Barcelona,"Pg. de Gràcia, 24 Bis, Eixample, 08007 Barcelona, Spain",,,935 18 50 53,https://www.elnacionalbcn.com/,spanish restaurant,"Barcelona, Spain",google_maps
Billy Brunch,"Carrer de Bailèn, 115, Eixample, 08009 Barcelona, Spain",,,,http://www.billybrunch.com/,breakfast restaurant,"Barcelona, Spain",google_maps
BODEGA OLIVA,"Carrer del Vidre, 8, Ciutat Vella, 08002 Barcelona, Spain",,,,,bar,"Barcelona, Spain",google_maps
Billy Brunch Headquarters,"C/ de Muntaner, 64, Eixample, 08011 Barcelona, Spain",,,,http://www.billybrunch.com/,brunch restaurant,"Barcelona, Spain",google_maps
Can Plaça,"Rambla de Catalunya, 8, Eixample, 08007 Barcelona, Spain",,,930 04 54 09,,restaurant,"Barcelona, Spain",google_maps
The Ranch Smokehouse,"Ronda de la Univ., 20, Eixample, 08007 Barcelona, Spain",,,937 60 81 28,http://www.theranch.es/,american restaurant,"Barcelona, Spain",google_maps
Fast Eddie’s,"Carrer dels Carders, 6, Ciutat Vella, 08003 Barcelona, Spain",,,,https://instagram.com/fasteddiesfood,hamburger restaurant,"Barcelona, Spain",google_maps
Honest Greens Plaça Catalunya,"Rambla de Catalunya, 3, Eixample, 08007 Barcelona, Spain",,,931 22 76 64,https://www.honestgreens.com/,mediterranean restaurant,"Barcelona, Spain",google_maps
The Steak House,"Rambla de Catalunya, 27, bis, Eixample, 08007 Barcelona, Spain",,,930 07 25 93,http://thesteakhouse.es/,restaurant,"Barcelona, Spain",google_maps
König Barcelona Centre,"Rambla de Catalunya, 5, Eixample, 08007 Barcelona, Spain",,,934 12 28 36,https://konig.cat/konig-barcelona-centre/,restaurant,"Barcelona, Spain",google_maps
Cremat 11,"Carrer de Cremat Gran i Xic, 11, Ciutat Vella, 08003 Barcelona, Spain",,,931 56 80 08,http://crematrestaurant.com/,brunch restaurant,"Barcelona, Spain",google_maps
Al Arabiya Restaurant & Cafe,"Carrer dels Escudellers, 25, Ciutat Vella, 08002 Barcelona, Spain",,,933 02 59 55,https://www.cafearabiabarcelona.com/,lebanese restaurant,"Barcelona, Spain",google_maps
Paisano Bistró,"Carrer de Lepant, 277, Eixample, 08013 Barcelona, Spain",,,935 25 04 71,https://paisanobistro.com/,italian restaurant,"Barcelona, Spain",google_maps
Vinitus,"Carrer del Consell de Cent, 333, Eixample, 08007 Barcelona, Spain",,,933 63 21 27,https://www.laflautagroup.com/,tapas restaurant,"Barcelona, Spain",google_maps
Citizen Café Barcelona,"Pl. d'Urquinaona, 4, Eixample, 08010 Barcelona, Spain",,,639 04 90 55,https://citizencafe.es/,brunch restaurant,"Barcelona, Spain",google_maps
The Sixties Diner,"Oranienburger Str. 11, 10178 Berlin, Germany",,,030 28599041,,diner,"Berlin, Germany",google_maps
Route 66 Diner,"Pariser Str. 44, 10707 Berlin, Germany",,,030 8831602,http://route66diner.de/,american restaurant,"Berlin, Germany",google_maps
Sphere Tim Raue,"Alexanderplatz, Panoramastraße 1A, 10178 Berlin, Germany",,,030 247575875,http://www.tv-turm.de/,german restaurant,"Berlin, Germany",google_maps
Night Kitchen,"Heckmann Höfe, Oranienburger Str. 32, 10115 Berlin, Germany",,,030 23575075,https://www.nightkitchenberlin.com/,mediterranean restaurant,"Berlin, Germany",google_maps
Nante-Eck | Restaurant Berlin Mitte,"Unter den Linden 35, 10117 Berlin, Germany",,,030 22487257,https://www.nante-eck.de/,german restaurant,"Berlin, Germany",google_maps
Restaurant Maximilians Berlin,"Friedrichstraße 185-190, 10117 Berlin, Germany",,,030 20450559,https://www.maximilians-berlin.de/,bavarian restaurant,"Berlin, Germany",google_maps
Flame Diner,"Zehrensdorfer Str. 9, 12277 Berlin, Germany",,,030 28036023,https://www.flame-diner.de/,american restaurant,"Berlin, Germany",google_maps
The Sixties Diner - Mariendorf,"Mariendorfer Damm 338, 12107 Berlin, Germany",,,030 76108102,,diner,"Berlin, Germany",google_maps
Hard Rock Cafe | Berlin,"Kurfürstendamm 224, 10719 Berlin, Germany",Francis Chesky,berlin_social@hardrock.com,030 884620,https://cafe.hardrock.com/berlin/,american restaurant,"Berlin, Germany",google_maps
Steakhouse & Restaurant Las Malvinas,"nähe Alexanderplatz, Barnimstraße 18, 10249 Berlin, Germany",,info@las-malvinas.de,030 24727004,https://las-malvinas.de/,steak house,"Berlin, Germany",google_maps
Wilde Matilde Deutsches Restaurant Cafe´ Bar und Variete,"Rathausstraße 23, 10178 Berlin, Germany",,,030 54083422,http://www.wildematilde.de/,german restaurant,"Berlin, Germany",google_maps
The Bird,"Am Falkpl. 5, 10437 Berlin, Germany",,thebirdreservations@gmail.com,030 20455600,http://www.thebirdinberlin.com/,american restaurant,"Berlin, Germany",google_maps
Cruise-In Diner,"Päwesiner Weg 25a, 13581 Berlin, Germany",,,030 35130130,http://www.cruise-in.de/,american restaurant,"Berlin, Germany",google_maps
"EXITROOM Burger, Coffee, Waffles & Cocktails","Wilhelmstraße 92, 10117 Berlin, Germany",,,030 544527950,https://exitroomburger.de/menu,restaurant,"Berlin, Germany",google_maps
BLOCK HOUSE Am Alexanderplatz,"Karl-Liebknecht-Str. 7, 10178 Berlin, Germany",,,030 2423300,https://www.block-house.de/restaurants/berlin/am-alexanderplatz,steak house,"Berlin, Germany",google_maps
Curry 61,"Oranienburger Str. 6, 10178 Berlin, Germany",,info@curry61.de,030 40054033,http://www.curry61.de/,fast food restaurant,"Berlin, Germany",google_maps
Diner,"Cl 127 A #53a-45, Bogotá, Colombia",,,316 4330905,https://zonak.com.co/restaurantes/diner/,restaurant,"Bogotá, Colombia",google_maps
Diner,"Ak 15 #124-30, Usaquén, Bogotá, Cundinamarca, Colombia",,,318 3510041,https://zonak.com.co/restaurantes/diner/,restaurant,"Bogotá, Colombia",google_maps
La Puerta Falsa Restaurant,"Cl. 11 #6-50, Bogotá, Colombia",,,(601) 2865091,http://www.restaurantelapuertafalsa.inf.travel/cms/templates/preview/411/25/contact,restaurant,"Bogotá, Colombia",google_maps
Diner,"Fundación, Cl. 119 #7-75, Bogotá, Colombia",,,310 8118387,https://zonak.com.co/restaurantes/diner/,restaurant,"Bogotá, Colombia",google_maps
Donde Tu Quieras Restaurante,"Cl. 81 #8-85, Bogotá, Colombia",,,322 7117634,http://dtqrestaurantes.com/,restaurant,"Bogotá, Colombia",google_maps
Harry Sasson,"Cra. 9 #75-70, Bogotá, Colombia",,,310 2445320,http://www.harrysasson.com/,fine dining restaurant,"Bogotá, Colombia",google_maps
Storia D'Amore,"Cl. 122 #15a-24, Usaquén, Bogotá, Cundinamarca, Colombia",,,(601) 5085812,https://co.restaurantestoriadamore.com/,restaurant,"Bogotá, Colombia",google_maps
Agadón,"Kr 13 #85-75, Chapinero, Bogotá, Cundinamarca, Colombia",,agadon@dlksa.net,(601) 5552220,http://www.restauranteagadon.com/,american restaurant,"Bogotá, Colombia",google_maps
Osaka Bogotá,"Kr 13 #8525, Bogotá, Colombia",,,322 6818282,http://www.osakanikkei.com/,asian fusion restaurant,"Bogotá, Colombia",google_maps
Piazza by Storia D'Amore Calle 93 Bogotá,"Cl. 93a #13a 21, Bogotá, Colombia",,,(601) 5085811,https://co.restaurantestoriadamore.com/,italian restaurant,"Bogotá, Colombia",google_maps
Le Grand Mamma 116,"Ac 116 #15-65, Bogotá, Colombia",,,(601) 5088458,https://grupolegrand.com/,french restaurant,"Bogotá, Colombia",google_maps
Restaurante Mirador La Paloma Bar.,"km1 via, Bogotá - La Calera, Chapinero, Bogotá, Cundinamarca, Colombia",,,316 8763009,http://www.miradorlapaloma.com/,restaurant,"Bogotá, Colombia",google_maps
Restaurante Nueve,"Cl. 70a #10a-18, Bogotá, Colombia",,,(601) 5691348,http://www.nueve.in/,restaurant,"Bogotá, Colombia",google_maps
LAKASTA,"Cl. 40 #21- 34, Bogotá, Colombia",,,315 4501130,https://linktr.ee/lakasta?fbclid=PAAaYdyVlSJ43lo3WnFwC8DzLSsFPUPquCGP1ivRyIGrzT2al_b9a22Ez2A9c,restaurant,"Bogotá, Colombia",google_maps
T BONE,"Cra. 4 #12C-34, La Candelaria, Bogotá, Colombia",,,(601) 4661464,https://my.matterport.com/show/?m=69mR6Yy22sn,restaurant,"Bogotá, Colombia",google_maps
Pajares Salinas,"Cra 10 #96-8, Bogotá, Colombia",,,,https://pajares-salinas.com/,spanish restaurant,"Bogotá, Colombia",google_maps
Qun,"Ac. 85 # 12-72, Bogotá, Colombia",,,(601) 3570505,http://restaurantequn.com/,peruvian restaurant,"Bogotá, Colombia",google_maps
Restaurante Casa San Isidro,"Bogotá, Bogota, Colombia",,,315 2539963,http://www.restaurantesmonserrate.com/,restaurant,"Bogotá, Colombia",google_maps
Adelaide Bake and Grill,"Cra 19 #106 27, Bogotá, Colombia",,,312 5772168,http://www.adelaide.com.co/,restaurant,"Bogotá, Colombia",google_maps
La Cabrera,"José A. Cabrera 5127, C1414BGQ Cdad. Autónoma de Buenos Aires, Argentina",,,011 4831-0325,http://lacabrera.com.ar/,barbecue restaurant,"Buenos Aires, Argentina",google_maps
Nuestro Secreto,"Posadas 1086, C1011 Cdad. Autónoma de Buenos Aires, Argentina",,,011 4321-1200,https://www.fourseasons.com/buenosaires/dining/restaurants/nuestro_secreto/?utm_source=google&utm_medium=organicsearch&utm_campaign=tor-bue-fab-mid-seo-na&utm_content=na-na&utm_term=na,argentinian restaurant,"Buenos Aires, Argentina",google_maps
Santos Manjares,"Paraguay 938, C1057 AAN, Cdad. Autónoma de Buenos Aires, Argentina",,,011 15-6050-2225,,steak house,"Buenos Aires, Argentina",google_maps
La Estancia Asador Criollo,"Lavalle 941, C1047 Cdad. Autónoma de Buenos Aires, Argentina",,,011 4326-0025,https://laestancia.ar/,argentinian restaurant,"Buenos Aires, Argentina",google_maps
Calden del soho Grill,"Honduras 4701, C1414BMK Cdad. Autónoma de Buenos Aires, Argentina",,,011 3031-2221,https://caldendelsoho.com/,argentinian restaurant,"Buenos Aires, Argentina",google_maps
St. Regis Restaurant,"Av. Leandro N. Alem 1193, C1004 Cdad. Autónoma de Buenos Aires, Argentina",,,011 4318-9211,https://www.stregisrestaurante.com/,restaurant,"Buenos Aires, Argentina",google_maps
The Argentine Experience,"Gorriti 4832, C1414BJN Cdad. Autónoma de Buenos Aires, Argentina",,,011 15-3986-3613,http://www.theargentineexperience.com/,argentinian restaurant,"Buenos Aires, Argentina",google_maps
Los 36 Billares,"Av. de Mayo 1271, C1085ABC Cdad. Autónoma de Buenos Aires, Argentina",,,011 4122-1500,https://www.los36billares.com.ar/,pizza restaurant,"Buenos Aires, Argentina",google_maps
ALMA BUENOS AIRES,"Posadas 1232, C1011 Cdad. Autónoma de Buenos Aires, Argentina",,,011 4819-1100,https://linktr.ee/sofitelbuenosaires,restaurant,"Buenos Aires, Argentina",google_maps
Cafè San Juan,"Av. San Juan 450, C1147 Cdad. Autónoma de Buenos Aires, Argentina",,,011 4300-1112,http://facebook.com/CafeSanJuanOficial,restaurant,"Buenos Aires, Argentina",google_maps
La Cabaña Restaurant,"Av. Alicia Moreau de Justo 580, C1107 Cdad. Autónoma de Buenos Aires, Argentina",,info@lacabana.com.ar,011 4314-3710,http://www.lacabana.com.ar/,argentinian restaurant,"Buenos Aires, Argentina",google_maps
Buenos Aires Grill,"Av. Corrientes 1318, C1043 ABN, Cdad. Autónoma de Buenos Aires, Argentina",,,011 4371-5969,http://linktr.ee/bsasgrill,argentinian restaurant,"Buenos Aires, Argentina",google_maps
Garibaldi Restaurante,"Av. Costanera Rafael Obligado 4899, C1428 Cdad. Autónoma de Buenos Aires, Argentina",,hospitality@covermanager.com,,https://www.covermanager.com/reserve/module_restaurant/garibaldi-restaurante-buenos-aires-argentina/spanish?source=INSTAGRAM,restaurant,"Buenos Aires, Argentina",google_maps
Café de los Angelitos,"Avenida Rivadavia 2100 (esq, Rincón, 1033 Cdad. Autónoma de Buenos Aires, Argentina",,info@cafedelosangelitos.com,011 4952-2320,https://www.cafedelosangelitos.com/,cafe,"Buenos Aires, Argentina",google_maps
Villegas Restó,"Av. Alicia Moreau de Justo 1050, C1005 Cdad. Autónoma de Buenos Aires, Argentina",,,011 4343-0108,http://www.villegasresto.com.ar/,argentinian restaurant,"Buenos Aires, Argentina",google_maps
Cucina D'Onore,"Av. Alicia Moreau de Justo 1768, C1107 AFJ, Cdad. Autónoma de Buenos Aires, Argentina",,info@cucinadonore.com,011 4315-9260,http://www.cucinadonore.com/,italian restaurant,"Buenos Aires, Argentina",google_maps
Buenos Aires Grill,"Av. Sta. Fe 1876, C1123 Cdad. Autónoma de Buenos Aires, Argentina",,,011 4813-4796,http://linktr.ee/bsasgrill1876,argentinian restaurant,"Buenos Aires, Argentina",google_maps
The New Brighton,"Sarmiento 645, C1041AAM Cdad. Autónoma de Buenos Aires, Argentina",,,011 6346-5179,http://www.brightonbuenosaires.com.ar/,argentinian restaurant,"Buenos Aires, Argentina",google_maps
Egghead Diner,"34 Kloof St, Gardens, Cape Town, 8005, South Africa",,info@egghead.za.com,021 286 9034,https://eggheaddiner.co.za/,diner,"Cape Town, South Africa",google_maps
Clarke's Bar & Dining Room,"133 Bree St, Cape Town City Centre, Cape Town, 8001, South Africa",,,021 003 8113,http://clarkesdining.co.za/,diner,"Cape Town, South Africa",google_maps
The Dog's Bollocks at YARD,"6 Roodehek St, Gardens, Cape Town, 8001, South Africa",,info@yardco.co.za,083 440 7843,https://www.yardco.co.za/,hamburger restaurant,"Cape Town, South Africa",google_maps
Arnolds Restaurant,"60 Kloof St, Gardens, Cape Town, 8001, South Africa",,manager@arnolds.co.za,021 424 4344,http://www.arnolds.co.za/,restaurant,"Cape Town, South Africa",google_maps
Belly of the beast,"110 Harrington St, Cape Town City Centre, Cape Town, 8000, South Africa",,,076 220 5458,http://www.bellyofthebeast.co.za/,restaurant,"Cape Town, South Africa",google_maps
Three Feathers Diner & Restaurant,"363 Albert Rd, Woodstock, Cape Town, 7950, South Africa",,,064 943 3920,,diner,"Cape Town, South Africa",google_maps
Burger & Lobster by PAN Collection,"105 Bree St, Cape Town City Centre, Cape Town, 8001, South Africa",,,021 422 4297,http://www.burgerandlobster.co.za/,hamburger restaurant,"Cape Town, South Africa",google_maps
COPA Restaurant,"167 Loop St, Cape Town City Centre, Cape Town, 8001, South Africa",,,021 812 8888,https://www.pepperclub.co.za/dining/copa-restaurant,restaurant,"Cape Town, South Africa",google_maps
Lola's Eatery Cape Town,"228 Long St, Cape Town City Centre, Cape Town, 8001, South Africa",,,076 328 0274,,restaurant,"Cape Town, South Africa",google_maps
Between Us,"176 Bree St, Cape Town City Centre, Cape Town, 8001, South Africa",,info@betweenus.capetown,079 729 5316,http://www.betweenus.capetown/,restaurant,"Cape Town, South Africa",google_maps
Reverie Social Table,"226A Lower Main Rd, Observatory, Cape Town, 7925, South Africa",,,079 060 6971,http://www.reverie.capetown/,restaurant,"Cape Town, South Africa",google_maps
Bandits & Burgers Sea Point,"303 Main Rd, Sea Point, Cape Town, 8001, South Africa",,,069 902 5183,http://facebook.com/banditsandburgers,restaurant,"Cape Town, South Africa",google_maps
Tiger's Milk Long Street,"44 Long St, Cape Town City Centre, Cape Town, 8000, South Africa",,,021 422 3556,https://www.tigersmilk.co.za/location/long-street/?utm_source=google_maps&utm_medium=website_button&utm_campaign=SP&utm_content=SP,restaurant,"Cape Town, South Africa",google_maps
Mariam's Kitchen St Georges Mall,"101 St Georges Mall, Cape Town City Centre, Cape Town, 8000, South Africa",,,071 544 2182,,restaurant,"Cape Town, South Africa",google_maps
PIER Restaurant,"Pierhead Building (next to the NSRI V&A Waterfront, Bowl, Cape Town, 8001, South Africa",,,021 879 6328,https://www.lacolombe.restaurant/pier,restaurant,"Cape Town, South Africa",google_maps
Eleven City Diner,"1112 S Wabash Ave, Chicago, IL 60605, USA",,,(312) 212-1112,http://www.elevencitydiner.com/,diner,"Chicago, USA",google_maps
White Palace Grill,"1159 S Canal St, Chicago, IL 60607, USA",,,(312) 939-7167,https://www.whitepalacegrill.com/,diner,"Chicago, USA",google_maps
Diner Grill,"1635 W Irving Park Rd, Chicago, IL 60613, USA",,,(773) 248-2030,http://www.dinergrill.com/,diner,"Chicago, USA",google_maps
Griddle 24,"334 W Chicago Ave, Chicago, IL 60654, USA",,,(872) 259-9602,https://www.griddle24.com/,diner,"Chicago, USA",google_maps
Lou Mitchell's,"565 W Jackson Blvd, Chicago, IL 60661, USA",,,(312) 939-3111,http://www.loumitchells.com/,diner,"Chicago, USA",google_maps
"The Chicago Diner, Lakeview","3411 N Halsted St, Chicago, IL 60657, USA",,,(773) 935-6696,https://www.veggiediner.com/,diner,"Chicago, USA",google_maps
Ed Debevic's,"159 E Ohio St, Chicago, IL 60611, USA",,,(312) 374-8497,https://www.eddebevics.com/,diner,"Chicago, USA",google_maps
Stella's Diner,"3042 N Broadway, Chicago, IL 60657, USA",,info@stellasdinerchicago.com,(773) 472-9040,http://www.stellasdinerchicago.com/,diner,"Chicago, USA",google_maps
Eggy's Diner,"333 E Benton Pl Suite 301, Chicago, IL 60601, USA",,,(773) 234-3449,https://www.eggysdiner.com/,breakfast restaurant,"Chicago, USA",google_maps
Hollywood Grill,"1601 W North Ave, Chicago, IL 60622, USA",,,(773) 250-6105,https://www.hollywood-grill.com/,diner,"Chicago, USA",google_maps
The Dearborn,"145 N Dearborn St, Chicago, IL 60602, USA",,,(312) 384-1242,http://www.thedearborntavern.com/,american restaurant,"Chicago, USA",google_maps
Au Cheval,"800 W Randolph St, Chicago, IL 60607, USA",,,(312) 929-4580,https://www.auchevaldiner.com/chicago/home,diner,"Chicago, USA",google_maps
Dash of Salt and Pepper Diner,"2201 N Lincoln Ave, Chicago, IL 60614, USA",,,(872) 206-8671,http://www.dashsnp.com/,restaurant,"Chicago, USA",google_maps
Elephant & Castle,"185 N Wabash Ave, Chicago, IL 60601, USA",,,(312) 345-1710,https://www.elephantcastle.com/en/locations/il/chicago/185-north-wabash-avenue,restaurant,"Chicago, USA",google_maps
Don's Grill,"1837 S Western Ave, Chicago, IL 60608, USA",,,(312) 733-9351,http://donsgrill.weebly.com/,breakfast restaurant,"Chicago, USA",google_maps
Pittsfield Cafe,"55 E Washington St Lobby, Chicago, IL 60602, USA",,,(312) 641-1806,http://pittsfieldcafe.com/,cafe,"Chicago, USA",google_maps
3rd Coast Cafe,"1260 N Dearborn St, W Goethe St, Chicago, IL 60610, USA",,,(312) 649-0730,http://www.3rdcoastcafe.com/,american restaurant,"Chicago, USA",google_maps
Alexander's Restaurant,"6158 N Clark St, Chicago, IL 60660, USA",,erikdmizhospitality@gmail.com,(773) 743-3841,http://alexanderschi.com/,diner,"Chicago, USA",google_maps
Golden Nugget Pancake House,"1765 W Lawrence Ave, Chicago, IL 60640, USA",,,(773) 769-6700,http://goldennuggetpancake.com/,breakfast restaurant,"Chicago, USA",google_maps
Dinner In The Sky,Al Sufoh - 34RM+FW - Al Seyahi St - next to zero gravity - Skydive - Dubai Marina - Dubai - United Arab Emirates,,info@dinnerinthesky.ae,058 819 3296,https://dinnerinthesky.ae/,restaurant,"Dubai, UAE",google_maps
FRNDS Restaurant,Dubai Dubai Mall - Ground Floor - Burj Khalifa - Downtown Dubai - Dubai - United Arab Emirates,,,04 564 2399,https://frndsdubai.com/,restaurant,"Dubai, UAE",google_maps
Table Otto - Dubai Mall,"Fashion Avenue, Dubai Mall - برج خليفة - وسط مدينة دبي - دبي - United Arab Emirates",,,04 266 8169,https://www.instagram.com/tableotto.ae/?hl=en,restaurant,"Dubai, UAE",google_maps
Parker's,Dubai Mall - Burj Khalifa - Downtown Dubai - Dubai - United Arab Emirates,,,600 555551,https://byparkers.com/parkers-international/,restaurant,"Dubai, UAE",google_maps
Duck & Waffle Dubai | DIFC | Restaurant Bar Lounge,"Duck & Waffle - DIFC) Innovation One, Concourse Level - زعبيل الثانية - DIFC - دبي - United Arab Emirates",,,04 336 9876,https://duckandwaffle.com/dubai/,restaurant,"Dubai, UAE",google_maps
The Good Moon,416 Al Wasl Rd - Jumeirah - Jumeirah 2 - Dubai - United Arab Emirates,,,04 266 8733,,restaurant,"Dubai, UAE",google_maps
Mama Restaurant Dubai,57JC+5P7 - Business Bay - Dubai - United Arab Emirates,,reservation.dubai@mamashelter.com,04 527 0888,https://mamashelter.com/dubai/eat-drink/,restaurant,"Dubai, UAE",google_maps
Zou Zou Turkish & Lebanese Restaurant Dubai Mall,Burj Khalifa - Downtown Dubai - Dubai - United Arab Emirates,,,04 394 6394,https://linktr.ee/Zouzourestu,diner,"Dubai, UAE",google_maps
Carluccio's - Italian Restaurant in Dubai Mall,"Dubai Mall, Lower Ground Floor - شارع المركز المالي - برج خليفة - وسط مدينة دبي - دبي - United Arab Emirates",,,04 330 5990,http://www.carlucciosme.com/,italian restaurant,"Dubai, UAE",google_maps
Askim Restaurant and Cafe (مطعم ومقهى أشكم),"Ground floor, Boulevard Heights - Al Tahani St - Burj Khalifa - Downtown Dubai - Dubai - United Arab Emirates",,,04 266 7099,https://askim.ae/,restaurant,"Dubai, UAE",google_maps
La Brasserie Sur Le Boulevard,"La Brasserie Sur, Le Boulevard - Level 3 Sheikh Mohammed bin Rashid Blvd - Burj Khalifa - Downtown Dubai - Dubai - United Arab Emirates",,,052 656 5462,https://www.kempinski.com/en/the-boulevard-dubai/restaurants-bars/la-brasserie-sur-le-boulevard,restaurant,"Dubai, UAE",google_maps
The Daily City Walk,Rove City Walk - Al Badaa' St - الوصل - دبي - United Arab Emirates,Neighbourhood Offers Gallery,hello@rovehotels.com,04 561 9999,https://www.rovehotels.com/en/hotels/rove-city-walk/daily-city-walk/?utm_source=google&utm_medium=local-search&utm_campaign=googlemybusiness,restaurant,"Dubai, UAE",google_maps
MINA Brasserie,"GV09 Level GF, Gate Village - Building 9, Unit - Sheikh Zayed Rd - Zaa'beel Second - DIFC - Dubai - United Arab Emirates",,,04 270 7960,https://www.fourseasons.com/dubaidifc/dining/restaurants/mina-brasserie/?utm_source=google&utm_medium=organicsearch&utm_campaign=tor-dif-fab-mid-seo-na&utm_content=na-na&utm_term=na,restaurant,"Dubai, UAE",google_maps
"Carnival by Trèsind Restaurant & Bar | DIFC, Dubai",The Buildings by Daman - 312 Al Sa'ada Street - Zaa'beel Second - DIFC - Dubai - United Arab Emirates,,marketing@passionfandb.com,800 1604,http://www.carnivalbytresind.com/,restaurant,"Dubai, UAE",google_maps
Love Vibe Café DIFC,Gate Avenue - Ex 153 - Level POD - زعبيل الثانية - DIFC - دبي - United Arab Emirates,,,04 333 6400,https://lovevibecafe.com/,restaurant,"Dubai, UAE",google_maps
Denny's Diner Middle East | Deira City Centre,City Centre Deira - Level 2 - 8th St - Port Saeed - Deira - Dubai - United Arab Emirates,,,050 749 4019,https://dennysdinerme.ae/,diner,"Dubai, UAE",google_maps
Amaya Best Shisha In Dubai,"The Waterfalls Side, Dubai Mall - 1st Floor - Burj Khalifa - Downtown Dubai - Dubai - United Arab Emirates",,info@amayaintl.com,04 587 1000,https://amayaintl.com/,hookah bar,"Dubai, UAE",google_maps
La Maison Ani Dubai,"TDM GF 319, Dubai Mall - برج خليفة - وسط مدينة دبي - دبي - United Arab Emirates",,,04 456 1989,https://www.lamaisonanibychefizu.com/?fbclid=PAZXh0bgNhZW0CMTEAAabA0hjuLoIswniZiNn0lVFtzgN0WIyMaukusUAhfB3wZApC5p8H7leu2Uk_aem_AaOVbnQB6rd8ybWKRTcFnUW57LwGjKH5iiAeiO6Ha-40Om1_GWXp_hcnECLHiMYqBkUOMBKuG7uVX-834q5-lI2Q,restaurant,"Dubai, UAE",google_maps
Captain's American Grill,"44 Grafton Street, Dublin 2, D02 CA21, Ireland",,,(01) 671 5266,https://www.captainsdublin.com/,american restaurant,"Dublin, Ireland",google_maps
Deeke's Diner,"Dublin City, Dublin, Ireland",,,087 926 3318,,diner,"Dublin, Ireland",google_maps
The Stage Door Cafe,"Apartment 3, Apartment 3, 11 Essex St E, Temple Bar, Dublin 2, Ireland",,,,,cafe,"Dublin, Ireland",google_maps
Hard Rock Cafe Dublin,"12 Fleet St, Temple Bar, Dublin, Ireland",,,(01) 671 7777,https://cafe.hardrock.com/dublin/#utm_source=Google&utm_medium=Yext&utm_campaign=Listings,american restaurant,"Dublin, Ireland",google_maps
Thunder Road Cafe,"52-57, Fleet St, Temple Bar, Dublin 2, D02 A375, Ireland",,reservations@thunderroadcafe.com,(01) 265 6752,https://www.thunderroadcafe.com/,american restaurant,"Dublin, Ireland",google_maps
Fat Phill's Diner,"17 Crown Alley, Temple Bar, Dublin, D02 TY30, Ireland",,,,https://fatphillsdiner.ie/,restaurant,"Dublin, Ireland",google_maps
One Society,"1 Gardiner Street Lower, Mountjoy, Dublin 1, D01 P9Y1, Ireland",,,(01) 537 5261,http://www.onesociety.ie/,brunch restaurant,"Dublin, Ireland",google_maps
Shake Dog The Finer Diner,"Unit 38A/38B, Central Mall, Ilac Centre, Henry St, North City, Dublin 1, Co. Dublin, D01 C8Y0, Ireland",,mrshakedog@gmail.com,,http://shakedog.ie/,hot dog restaurant,"Dublin, Ireland",google_maps
Oh'Rourke's,"32.33 Bridgefoot St, Usher's Quay, Dublin 8, Ireland",,,083 016 0644,,irish restaurant,"Dublin, Ireland",google_maps
Elephant & Castle Temple Bar,"18-19 Temple Bar, Dublin 2, Ireland",,,(01) 533 7563,https://elephantandcastle.ie/,restaurant,"Dublin, Ireland",google_maps
BóBós Burgers Restaurant,"50-51 Dame St, Temple Bar, Dublin Southside, Co. Dublin, D02 CF98, Ireland",,info@bobos.ie,(01) 538 0100,http://bobos.ie/,restaurant,"Dublin, Ireland",google_maps
Eddie Rocket's,"52 Lower O'Connell Street Lower, Upper, Dublin, D01 C2P1, Ireland",,,(01) 872 2374,https://www.eddierockets.ie/,diner,"Dublin, Ireland",google_maps
Eddie Rocket's,"7 Anne St S, Centre, Dublin, D02 W020, Ireland",,,(01) 672 9463,http://www.eddierockets.ie/,diner,"Dublin, Ireland",google_maps
Lemon Jelly Cafe,"Millennium Walkway, North City, Dublin 1, D01 Y027, Ireland",,,(01) 233 8441,https://www.lemonjelly.ie/,cafe,"Dublin, Ireland",google_maps
The Old Storehouse Bar and Restaurant,"3 Crown Alley, Temple Bar, Dublin, D02 CX67, Ireland",,,(01) 607 4003,http://www.theoldstorehouse.ie/,irish pub,"Dublin, Ireland",google_maps
Mr Fox,"38 Parnell Square W, Rotunda, Dublin, Ireland",,,(01) 874 7778,http://www.mrfox.ie/,restaurant,"Dublin, Ireland",google_maps
Café en Seine,"40 Dawson St, Dublin, Ireland",,,(01) 677 4567,https://www.cafeenseine.ie/,diner,"Dublin, Ireland",google_maps
Avalon Diner,"2417 Westheimer Rd, Houston, TX 77098, USA",,,(713) 527-8900,http://avalondiner.com/,diner,"Houston, USA",google_maps
Simos Diner,"5004 N Shepherd Dr, Houston, TX 77018, USA",,,(713) 697-5553,,diner,"Houston, USA",google_maps
The Breakfast Klub,"3711 Travis St, Houston, TX 77002, USA",,,(713) 528-8561,http://www.thebreakfastklub.com/,breakfast restaurant,"Houston, USA",google_maps
Katz's,"616 Westheimer Rd, Houston, TX 77006, USA",,,(713) 521-3838,https://katzsneverkloses.com/main/,diner,"Houston, USA",google_maps
Yale Street Grill,"2100 Yale St, Houston, TX 77008, USA",,,(713) 861-3113,https://www.facebook.com/Yale-St-Grill-113929055304863/,diner,"Houston, USA",google_maps
Good Times,"2100 Travis St Ste 160, Houston, TX 77002, USA",,,(832) 804-7255,https://houstongoodtimes.com/,american restaurant,"Houston, USA",google_maps
Black Bear Diner North Houston,"15720 North Fwy, Houston, TX 77090, USA",,info@blackbeardiner.com,(346) 300-4012,https://blackbeardiner.com/location/houston-tx/,american restaurant,"Houston, USA",google_maps
Lost & Found,"160 W Gray St, Houston, TX 77019, USA",,,(832) 649-3050,https://www.lostandfoundmidtown.com/,bar and grill,"Houston, USA",google_maps
Harry's,"318 Tuam St, Houston, TX 77006, USA",,info@harryshtx.com,(713) 528-0198,http://www.harryshtx.com/,brunch restaurant,"Houston, USA",google_maps
Hungry Like The Wolf,"920 Studemont St #900, Houston, TX 77007, USA",,,(281) 747-6936,https://hungrylikethewolfhouston.com/?utm_source=google,diner,"Houston, USA",google_maps
Traveler's Table,"520 Westheimer Rd, Houston, TX 77006, USA",Ryan Browne Director,info@travelerstable.com,(832) 409-5785,http://www.travelerstable.com/,cocktail bar,"Houston, USA",google_maps
Hull & Oak,"1070 Dallas St, Houston, TX 77002, USA",,,(713) 242-8555,https://hullandoak.com/,american restaurant,"Houston, USA",google_maps
Tel-Wink Grill,"4318 Telephone Rd, Houston, TX 77087, USA",,telwinkgrill@gmail.com,(713) 644-4933,https://www.telwinkgrill.com/,diner,"Houston, USA",google_maps
District 7 Grill,"501 Pierce St, Houston, TX 77002, USA",,,(713) 751-0660,https://www.district7grill.com/,diner,"Houston, USA",google_maps
Nate's Diner,"11509 Veterans Memorial Dr, Houston, TX 77067, USA",,nates1corp@gmail.com,(832) 286-1609,https://natesdiner.com/,diner,"Houston, USA",google_maps
Jackie's Kitchen,"2210 Mangum Rd, Houston, TX 77092, USA",,info@jackieskitchenhouston.com,(713) 681-1916,http://jackieskitchenhouston.com/,diner,"Houston, USA",google_maps
Barnaby's Cafe,"1801 Binz St #110, Houston, TX 77004, USA",,info@barnabyscafe.com,(713) 874-1454,http://www.barnabyscafe.com/,diner,"Houston, USA",google_maps
Empire Café,"1732 Westheimer Rd, Houston, TX 77098, USA",,,(713) 528-5282,https://empirecafe.com/,cafe,"Houston, USA",google_maps
Daily Gather,"800 Sorella Ct #940, Houston, TX 77024, USA",,,(713) 429-0451,https://dailygather.com/,american restaurant,"Houston, USA",google_maps
Avalon Diner,"8823 Katy Fwy, Houston, TX 77024, USA",,,(713) 590-4377,http://avalondiner.com/,diner,"Houston, USA",google_maps
Ho Kow Hainam Kopitiam,"1, Jalan Balai Polis, City Centre, 50000 Kuala Lumpur, Wilayah Persekutuan Kuala Lumpur, Malaysia",,,,https://www.facebook.com/HoKowHainamKopitiam/,breakfast restaurant,"Kuala Lumpur, Malaysia",google_maps
Entier French Dining,"Level 41, Alila Bangsar, 58, Jalan Ang Seng, Brickfields, 50470 Kuala Lumpur, Wilayah Persekutuan Kuala Lumpur, Malaysia",,bonjour@entierfrenchdining.com,03-2268 3819,http://entierfrenchdining.com/,french restaurant,"Kuala Lumpur, Malaysia",google_maps
De.Wan 1958 by Chef Wan,"The Linc, 360, Jln Tun Razak, Taman U Thant, 50400 Kuala Lumpur, Wilayah Persekutuan Kuala Lumpur, Malaysia",Chef Wan Datuk,,03-7890 6016,http://www.dewan.space/,malaysian restaurant,"Kuala Lumpur, Malaysia",google_maps
MTR,"69, Jalan Thambipillay, Brickfields, 50470 Kuala Lumpur, Wilayah Persekutuan Kuala Lumpur, Malaysia",,,03-2276 4924,http://www.mtr1924malaysia.com/,south indian restaurant,"Kuala Lumpur, Malaysia",google_maps
Dinner In The Sky Malaysia,"TREC Kuala Lumpur, 438, Jln Tun Razak, Royal Selangor Golf Club, 50400 Kuala Lumpur, Federal Territory of Kuala Lumpur, Malaysia",,,016-266 2334,http://dinnerintheskymalaysia.com/,restaurant,"Kuala Lumpur, Malaysia",google_maps
Positano Risto,"Block C1, Lot 2, Level G3, Publika Shopping Gallery, 1, Jln Dutamas 1, Solaris Dutamas, 50480 Kuala Lumpur, Wilayah Persekutuan Kuala Lumpur, Malaysia",,,03-6411 3799,http://positanoristo.com.my/,italian restaurant,"Kuala Lumpur, Malaysia",google_maps
JWALA,"E - 2 - 01, Level 2, Block E, The Five, Kompleks Pejabat Damansara, 49, Jalan Dungun, Bukit Damansara, 50490 Kuala Lumpur, Wilayah Persekutuan Kuala Lumpur, Malaysia",,,012-947 9100,https://jwalakl.com/,fine dining restaurant,"Kuala Lumpur, Malaysia",google_maps
Manja KL,"6, Lorong Raja Chulan, Kuala Lumpur, 50250 Kuala Lumpur, Wilayah Persekutuan Kuala Lumpur, Malaysia",,,012-373 7063,http://www.manja.com.my/,fusion restaurant,"Kuala Lumpur, Malaysia",google_maps
Ace Cafe Kuala Lumpur,"NO. 21, ACE CORNER KL, LOT 359, Jalan Raja Abdullah, Kampung Baru, 50300 Kuala Lumpur, Wilayah Persekutuan Kuala Lumpur, Malaysia",ACKL Sdn Bhd,info@acecafekualalumpur.com.my,03-2602 9880,https://www.acecafekualalumpur.com.my/,restaurant,"Kuala Lumpur, Malaysia",google_maps
The Brasserie,"Level 2, The St. Regis, 6, Jalan Stesen Sentral 2, Kuala Lumpur Sentral, 50470 Kuala Lumpur, Wilayah Persekutuan Kuala Lumpur, Malaysia",The Team Offers,thebrasserie@stregis.com,03-2727 6696,https://www.thebrasseriekl.com/,restaurant,"Kuala Lumpur, Malaysia",google_maps
JP Teres,"12, Jalan Pinang, Kuala Lumpur, 50450 Kuala Lumpur, Wilayah Persekutuan Kuala Lumpur, Malaysia",,,03-2203 9188,https://www.hyatt.com/en-US/hotel/malaysia/grand-hyatt-kuala-lumpur/kuagh/dining?src=nplk-kuagh-lclb-jp-teres,malaysian restaurant,"Kuala Lumpur, Malaysia",google_maps
Cafe ETC,"198, Jalan Tun H S Lee, City Centre, 50000 Kuala Lumpur, Wilayah Persekutuan Kuala Lumpur, Malaysia",,,03-2022 3551,https://www.instagram.com/cafe_etc/,cafe,"Kuala Lumpur, Malaysia",google_maps
Dish Room Restaurant,"G Floor, Cardiac Vascular Sentral, Jalan Stesen Sentral 5, Kuala Lumpur Sentral, 50470 Kuala Lumpur, Federal Territory of Kuala Lumpur, Malaysia",,,03-2276 7046,,restaurant,"Kuala Lumpur, Malaysia",google_maps
Contango,"5, Jalan Sultan Hishamuddin, Tasik Perdana, 50000 Kuala Lumpur, Wilayah Persekutuan Kuala Lumpur, Malaysia",,,03-2785 8000,,restaurant,"Kuala Lumpur, Malaysia",google_maps
WaaronKuus Cafe,"Lorong Petaling, Street, 50000 Kuala Lumpur, Wilayah Persekutuan Kuala Lumpur, Malaysia",,,010-220 2767,,cafe,"Kuala Lumpur, Malaysia",google_maps
Cactus Restaurant,"20/24 Ozumba Mbadiwe Ave, Victoria Island, Lagos 106104, Lagos, Nigeria",,,0802 777 7666,https://www.facebook.com/CactusBakery,restaurant,"Lagos, Nigeria",google_maps
Jay's Diner,"Falomo Square Mall, CCVH+V99, Off Falomo Roundabout, Ikoyi, Lagos 110233, Lagos, Nigeria",,,0915 522 2222,https://jaysdinerng.com/,restaurant,"Lagos, Nigeria",google_maps
Cafeteria Nigeria,"16b Akin Adesola St, Victoria Island, Lagos 106104, Lagos, Nigeria",,,0818 188 8993,,american restaurant,"Lagos, Nigeria",google_maps
Bob's Diner,"Ikeja, opic plaza, Mobolaji Bank Anthony Way, Ikeja, Lagos 100001, Lagos, Nigeria",,info@bobsdinerlos.com,0916 777 7771,https://bobsdinerlos.com/,restaurant,"Lagos, Nigeria",google_maps
Hard Rock Cafe Lagos,"Landmark Village, Water Corporation Road, Oniru, VI, Eti-Osa, Lagos 550104, Lagos, Nigeria",,,0908 198 8888,https://cafe.hardrock.com/lagos/#utm_source=Google&utm_medium=Yext&utm_campaign=Listings,american restaurant,"Lagos, Nigeria",google_maps
De Bull Restaurant & Bar,"Quits Aviation Free Trade Zone Murtala Muhammed International Airport, Lagos 102214, Lagos, Nigeria",,,0201 460 8200,https://curiocollection3.hilton.com/en/hotels/nigeria/legend-hotel-lagos-airport-curio-collection-by-hilton-LOSLHQQ/dining/index.html,steak house,"Lagos, Nigeria",google_maps
THE LAGOON,"1c Ozumba Mbadiwe Ave, Victoria Island, Lagos 106104, Lagos, Nigeria",,,0803 080 6363,,restaurant,"Lagos, Nigeria",google_maps
Cilantro Ikeja,"26 Isaac John St, Ikeja, Lagos 100271, Lagos, Nigeria",,,,http://www.cilantrorestaurants.com/,restaurant,"Lagos, Nigeria",google_maps
The Grid Lagos,"5 Thomas Ajufo Street, off Opebi Road, Opebi, Ikeja 100001, Lagos, Nigeria",,reservation@thegridlagos.com,0805 325 1161,https://thegridlagos.com/,restaurant,"Lagos, Nigeria",google_maps
Vanilla Moon,"2 Saka Jojo St, Victoria Island, Lagos 11241, Lagos, Nigeria",,,0903 000 9758,,restaurant,"Lagos, Nigeria",google_maps
Danfo Bistros & Dives,"2 Alexander Ave, Ikoyi, Lagos 100001, Lagos, Nigeria",,,0812 110 0111,http://danfo.me/,restaurant,"Lagos, Nigeria",google_maps
Yellow Chilli Restaurant & Bar,"35 Joel Ogunnaike St, Ikeja GRA, Ikeja 101233, Lagos, Nigeria",,support@yellowchilling.com,0808 994 8999,https://yellowchilling.com/,african restaurant,"Lagos, Nigeria",google_maps
Golden Eagles Spur Nigeria,"Landmark House, 56B Isaac John St, Ikeja GRA, Lagos 100271, Lagos, Nigeria",,,0916 187 3632,https://www.spursteakranches.com/ng/restaurant/international/lagos/ikeja-gra/golden-eagles-spur?utm_source=google_maps&utm_medium=website_button&utm_campaign=SP&utm_content=SP,family restaurant,"Lagos, Nigeria",google_maps
The Spice Route,"36 Adeola Odeku St, Victoria Island, Lagos 106104, Lagos, Nigeria",,,0808 020 8080,http://www.spicerouterestaurants.com/,indian restaurant,"Lagos, Nigeria",google_maps
NOK by Alara,"12A Akin Olugbade St, Victoria Island, Lagos 106104, Lagos, Nigeria",,,,http://www.nokbyalara.com/,african restaurant,"Lagos, Nigeria",google_maps
The A Steakhouse,"1 Karimu Kotun St, Victoria Island, Lagos 106104, Lagos, Nigeria",,,0903 888 8881,https://the-a-steac14b4c.olitt.io/,restaurant,"Lagos, Nigeria",google_maps
Dirty Bones Carnaby,"13, 8 Kingly Ct, Carnaby, London W1B 5PP, UK",,,020 8059 4482,http://www.dirty-bones.com/,diner,"London, UK",google_maps
Duck & Waffle,"110 Bishopsgate, London EC2N 4AY, UK",,,020 3640 7310,https://duckandwaffle.com/london/?utm_source=gbp&utm_medium=organic&utm_campaign=london_gbp,breakfast restaurant,"London, UK",google_maps
Tiger's Diner,"288 Uxbridge Rd, London W12 7JA, UK",,tigersdiner1@gmail.com,020 3184 1098,https://www.tigersdiner.co.uk/,diner,"London, UK",google_maps
Bill's Soho Restaurant,"36-44 Brewer St, London W1F 9TB, UK",,,020 8054 5400,https://bills-website.co.uk/restaurants/soho/?utm_source=LocalGoogle&utm_medium=Organic,british restaurant,"London, UK",google_maps
The Breakfast Club Soho,"33 D'Arblay St, London W1F 8EU, UK",,,020 7434 2571,http://www.thebreakfastclubcafes.com/,breakfast restaurant,"London, UK",google_maps
Electric Bar & Diner,"27 Poultry, London EC2R 8AJ, UK",,enquiries@thened.com,020 3828 2000,https://www.thened.com/london/restaurants/electric-bar-and-diner?utm_source=google&utm_medium=local&utm_campaign=electric-bar-diner,american restaurant,"London, UK",google_maps
Joe Allen,"2 Burleigh St, London WC2E 7PX, UK",,info@joeallen.co.uk,020 7836 0651,http://www.joeallen.co.uk/,american restaurant,"London, UK",google_maps
Dirty Bones Soho,"14 Denman St, London W1D 7HN, UK",,,020 8059 4484,http://dirty-bones.com/,american restaurant,"London, UK",google_maps
Bill's Covent Garden Restaurant,"St Martin's Courtyard, Slingsby Pl, London WC2H 9EF, UK",,,020 8054 5400,https://bills-website.co.uk/restaurants/covent-garden/?utm_source=LocalGoogle&utm_medium=Organic,british restaurant,"London, UK",google_maps
Dinner by Heston Blumenthal,"66 Knightsbridge, London SW1X 7LA, UK",Gallery Gift Offers,molon-reservations@mohg.com,020 7201 3833,https://www.mandarinoriental.com/en/london/hyde-park/dine/dinner-by-heston-blumenthal?src=loc.yext.molon.ggl,british restaurant,"London, UK",google_maps
Maxwell's Bar & Grill,"34 King St, London WC2E 8JG, UK",,,020 7836 0303,http://www.maxwells.co.uk/,bar and grill,"London, UK",google_maps
Hard Rock Cafe,"Criterion Building, 225-229 Piccadilly, London W1J 9HR, UK",,piccadillycircus.jobs@hardrock.com,020 7287 4600,https://cafe.hardrock.com/piccadilly-circus/,american restaurant,"London, UK",google_maps
Passyunk Avenue (Fitzrovia),"80 Cleveland St, London W1T 6NE, UK",,,020 3960 2251,https://passyunkavenue.com/fitzrovia/?utm_source=gmb&utm_medium=organic&utm_campaign=fitzrovia,american restaurant,"London, UK",google_maps
Waffle Jack's American Diner,"8 Merton Pk Parade, London SW19 3NT, UK",,wafflejacks@aol.com,020 3659 1361,http://www.wafflejacks.co.uk/,american restaurant,"London, UK",google_maps
Unity Diner,"60 Wentworth St, London E1 7AL, UK",,nancy@unitydiner.com,020 7426 0224,https://www.unitydiner.co.uk/,diner,"London, UK",google_maps
Dada's Diner,"167 The Vale, London W3 7RD, UK",,,020 3802 8503,https://www.dadasdiner.co.uk/acton/?mtm_campaign=Business%20Profiles&mtm_kwd=Google%20Business,diner,"London, UK",google_maps
Darwin Brasserie,"1, Level 36, Sky Garden Walk, London EC3M 8AF, UK",,restaurants@skygarden.london,0333 772 0020,https://skygarden.london/restaurants/darwin-brasserie/,bar,"London, UK",google_maps
Smith & Wollensky,"1-11 John Adam St, London WC2N 6HT, UK",,,020 7321 6007,https://www.smithandwollensky.co.uk/,restaurant,"London, UK",google_maps
Mel's Drive-In Hollywood,"1660 Highland Ave, Los Angeles, CA 90028, USA",,,(323) 465-2111,http://www.melsdrive-in.com/,diner,"Los Angeles, USA",google_maps
Fred 62,"1850 N Vermont Ave, Los Angeles, CA 90027, USA",,info@fred62.com,(323) 667-0062,https://fred62.com/,diner,"Los Angeles, USA",google_maps
Cafe 50's Diner - West LA,"11623 Santa Monica Blvd, Los Angeles, CA 90025, USA",,cafe50swestla@gmail.com,(310) 479-1955,https://www.cafe50s.com/,diner,"Los Angeles, USA",google_maps
Clark Street Diner,"6145 Franklin Ave, Los Angeles, CA 90068, USA",,nfo@clarkstreetdiner.com,(323) 450-9149,http://www.clarkstreetdiner.la/,restaurant,"Los Angeles, USA",google_maps
Pann's Restaurant,"6710 La Tijera Blvd, Los Angeles, CA 90045, USA",,,(323) 776-3770,http://www.panns.com/,diner,"Los Angeles, USA",google_maps
Swingers Diner,"8020 Beverly Blvd, Los Angeles, CA 90048, USA",,,(323) 591-0046,http://swingersdiner.com/,american restaurant,"Los Angeles, USA",google_maps
NORMS Restaurant,"470 N La Cienega Blvd, West Hollywood, CA 90048, USA",,,(310) 657-8333,https://norms.com/,diner,"Los Angeles, USA",google_maps
Astro Family Restaurant,"2300 Fletcher Dr, Los Angeles, CA 90039, USA",,,(323) 663-9241,http://astrofamilyrestaurant.com/,diner,"Los Angeles, USA",google_maps
Mels Drive-In,"8585 Sunset Blvd, West Hollywood, CA 90069, USA",,,(310) 854-7201,http://melsdrive-in.com/,diner,"Los Angeles, USA",google_maps
The Griddle Cafe,"7916 Sunset Blvd, Los Angeles, CA 90046, USA",,,(323) 378-6311,https://www.thegriddlecafe.com/,breakfast restaurant,"Los Angeles, USA",google_maps
Nick's Cafe,"1300 N Spring St, Los Angeles, CA 90012, USA",,,(323) 222-1450,https://www.nickscafela.com/,diner,"Los Angeles, USA",google_maps
Denae’s Diner,"The Delphi Downtown LA, 550 Flower St, Los Angeles, CA 90071, USA",,info@denaesdiner.com,(213) 439-3002,https://www.denaesdiner.com/,diner,"Los Angeles, USA",google_maps
Carney's Restaurant,"8351 Sunset Blvd, Los Angeles, CA 90069, USA",,,(323) 654-8300,http://carneytrain.com/,diner,"Los Angeles, USA",google_maps
Ronnie's Diner,"12740 Culver Blvd, Los Angeles, CA 90066, USA",,,(310) 578-9399,http://ronniesdiner.com/,diner,"Los Angeles, USA",google_maps
NORMS Restaurant,"5453 Hollywood Blvd, Los Angeles, CA 90027, USA",,,(213) 679-0230,https://norms.com/,diner,"Los Angeles, USA",google_maps
House of Pies,"1869 N Vermont Ave, Los Angeles, CA 90027, USA",,houseofpies1869@gmail.com,(323) 666-9961,http://houseofpiesla.com/,diner,"Los Angeles, USA",google_maps
Eggslut,"317 S Broadway, Los Angeles, CA 90013, USA",,,(213) 625-0292,https://grandcentralmarket.com/vendors/eggslut/,breakfast restaurant,"Los Angeles, USA",google_maps
Girl & the Goat Los Angeles,"555-3 Mateo St, Los Angeles, CA 90013, USA",,,(213) 799-4628,http://girlandthegoat.com/,american restaurant,"Los Angeles, USA",google_maps
Rae's Restaurant,"2901 Pico Blvd, Santa Monica, CA 90405, USA",,,(424) 272-9016,http://www.raesdinersm.com/,diner,"Los Angeles, USA",google_maps
Moose Coffee,"20 York St, Manchester M2 3BB, UK",,,0161 228 7994,http://www.moosecoffee.co/,breakfast restaurant,"Manchester, UK",google_maps
Mollie’s Diner,"Old Granada Studios, 4 Atherton St, Manchester M3 3GS, UK",,,0161 841 8705,https://www.instagram.com/mollies_manchester?igsh=bTlpMnBjemoxaDIy,american restaurant,"Manchester, UK",google_maps
Bill's Spinningfields Restaurant,"3 Hardman Square, Manchester M3 3EB, UK",,,020 8054 5400,https://bills-website.co.uk/restaurants/spinningfields-manchester/?utm_source=LocalGoogle&utm_medium=Organic,british restaurant,"Manchester, UK",google_maps
Sweet Diner,"48 Hyde Rd, Denton, Manchester M34 3AQ, UK",,info@sweetdiner.co.uk,0161 337 8886,http://www.sweetdiner.co.uk/,american restaurant,"Manchester, UK",google_maps
Browns Manchester,"1 York St, Greater, Manchester M2 2AW, UK",,,0161 819 1055,https://www.browns-restaurants.co.uk/restaurants/northwest/manchester?utm_source=google&utm_medium=organic&utm_campaign=gmb-homepage,restaurant,"Manchester, UK",google_maps
Mollie's Manchester,"Old Granada TV Studios, 4 Atherton St, Manchester M3 3GS, UK",,,0161 841 8705,https://mollies.com/manchester,hotel,"Manchester, UK",google_maps
The Blues Kitchen Manchester,"13 Quay St, Manchester M3 3HN, UK",,,0161 823 6343,https://theblueskitchen.com/manchester/?utm_source=GMB&utm_medium=Organic&utm_campaign=GMB_Listing,karaoke,"Manchester, UK",google_maps
Grand Daddys Diner,"131 Grosvenor St, Manchester M1 7HE, UK",,,0161 222 4610,http://www.granddaddysdiner.co.uk/,diner,"Manchester, UK",google_maps
Cosy Club,"Corn Exchange, 37 Hanging Ditch, Manchester M4 3TR, UK",,manchesterbookings@cosyclub.co.uk,0161 933 8255,https://cosyclub.co.uk/location/manchester/,british restaurant,"Manchester, UK",google_maps
Frankie’s Toasties,"98 A Portland St, Greater, Manchester M1 4GX, UK",,,07586 102740,http://www.thefrankies.co.uk/,diner,"Manchester, UK",google_maps
Dukes 92,"18 - 25 Castle St, Manchester M3 4LZ, UK",,reservations@dukes92.com,0161 839 8642,http://www.dukes92.com/,bar and grill,"Manchester, UK",google_maps
Turtle Bay Manchester Northern Quarter,"46-50 Oldham St, Manchester M4 1LE, UK",,,0161 235 8411,https://turtlebay.co.uk/restaurants/manchester-nq,caribbean restaurant,"Manchester, UK",google_maps
The Koffee Pot,"84-86 Oldham St, Manchester M4 1LE, UK",,,0161 236 8918,https://www.thekoffeepot.co.uk/menus,brunch restaurant,"Manchester, UK",google_maps
Moose Coffee,"8a Gateway House Station Approach Piccadilly Station, Manchester M1 2GH, UK",,,0161 519 0900,http://moosecoffee.co/,breakfast restaurant,"Manchester, UK",google_maps
Honest Burgers Manchester,"36 Bridge St, Manchester M3 3BT, UK",,,0161 676 3890,https://www.honestburgers.co.uk/locations/manchester/?utm_source=google&utm_medium=organic&utm_campaign=google_business&utm_id=manchester,hamburger restaurant,"Manchester, UK",google_maps
Operator Diner,"Shop 2/130 Lonsdale St, Melbourne VIC 3000, Australia",,eat@operatordiner.com.au,(03) 8395 6341,https://operatordiner.com.au/,diner,"Melbourne, Australia",google_maps
Butchers Diner,"10 Bourke St, Melbourne VIC 3000, Australia",,,(03) 9639 7324,http://www.butchersdiner.com/,diner,"Melbourne, Australia",google_maps
HER,"270 Lonsdale St, Melbourne VIC 3000, Australia",,,(03) 9997 0437,http://www.her.melbourne/,bar,"Melbourne, Australia",google_maps
Diners,"138-140 Gordon St, Footscray VIC 3011, Australia",,,(03) 9973 2537,,restaurant,"Melbourne, Australia",google_maps
Palermo,"401 Little Bourke St, Melbourne VIC 3000, Australia",,,(03) 9002 1600,https://www.palermo.melbourne/?utm_source=google&utm_medium=gmb,argentinian restaurant,"Melbourne, Australia",google_maps
Brick Lane Melbourne,"33 Guildford Ln, Melbourne VIC 3000, Australia",,,0416 198 743,http://thebricklane.com.au/,cafe,"Melbourne, Australia",google_maps
Henry and The Fox,"525 Little Collins St, Melbourne VIC 3000, Australia",,reservations@henryandthefox.com.au,(03) 9614 3277,https://www.henryandthefox.com.au/,breakfast restaurant,"Melbourne, Australia",google_maps
Easey's,"3/48 Easey St, Collingwood VIC 3066, Australia",,oldmate@easeys.com.au,(03) 9417 2250,http://easeys.com.au/,hamburger restaurant,"Melbourne, Australia",google_maps
Higher Ground,"650 Little Bourke St, Melbourne VIC 3000, Australia",,info@highergroundmelbourne.com.au,(03) 8899 6219,https://highergroundmelbourne.com.au/,cafe,"Melbourne, Australia",google_maps
Garden State Diner,"799 Springvale Rd, Mulgrave VIC 3170, Australia",,gardendinein@gmail.com,(03) 8524 9547,https://www.gardenstatecafe.com.au/,restaurant,"Melbourne, Australia",google_maps
Bowery To Williamsburg,"16 Oliver Ln, Melbourne VIC 3000, Australia",,info@bowerytowilliamsburg.com.au,(03) 9077 0162,http://bowerytowilliamsburg.com.au/,american restaurant,"Melbourne, Australia",google_maps
Ports Diner Roadhouse,"476 - 480 Footscray Rd, (Through Service Rd Next To Tolls, West Melbourne VIC 3003, Australia",,,(03) 9689 9975,,diner,"Melbourne, Australia",google_maps
Vue de monde,"55 Rialto Towers, 525 Collins St, Melbourne VIC 3000, Australia",,,(03) 9691 3888,http://www.vuedemonde.com.au/,diner,"Melbourne, Australia",google_maps
Pepe's Italian & Liquor,"275-285 Exhibition St, Melbourne VIC 3000, Australia",,info@pepesitalian.com.au,(03) 9663 7994,http://pepesitalian.com.au/,italian restaurant,"Melbourne, Australia",google_maps
Royal Stacks Collins St.,"470 Collins St, Melbourne VIC 3000, Australia",,,(03) 7067 5933,http://www.royalstacks.com.au/,hamburger restaurant,"Melbourne, Australia",google_maps
JollyGood,"27A-29A Johnston St, Collingwood VIC 3066, Australia",,,0425 405 271,http://www.jollygoodmelbourne.com/,diner,"Melbourne, Australia",google_maps
Mjølner,"106 Hardware St, Melbourne VIC 3000, Australia",,,(03) 8393 9367,https://mjolner.com.au/melbourne,restaurant,"Melbourne, Australia",google_maps
El Cardenal,"Calle Palma 23 Cuauhtémoc, C. de la Palma 23, Centro Histórico de la Cdad. de México, Centro, Cuauhtémoc, 06000 Ciudad de México, CDMX, Mexico",,,55 5521 3080,http://www.restauranteelcardenal.com/,mexican restaurant,"Mexico City, Mexico",google_maps
Ling Ling by Hakkasan,"Av. P.º de la Reforma 509-Piso 56, Cuauhtémoc, 06500 Ciudad de México, CDMX, Mexico",,,55 3279 9204,https://hakkasangroup.com/es/venues/ling-ling-mexico-city/,restaurant,"Mexico City, Mexico",google_maps
Animal Masaryk,"C. Calderón de la Barca 108, Polanco, Polanco III Secc, Miguel Hidalgo, 11570 Ciudad de México, CDMX, Mexico",,contacto@grupocosteno.com,55 3378 1264,https://costeno.com/animal,mexican restaurant,"Mexico City, Mexico",google_maps
Limosneros,"C. Allende 3, Centro Histórico de la Cdad. de México, Centro, Cuauhtémoc, 06010 Ciudad de México, CDMX, Mexico",,,55 5521 5576,https://limosneros.com.mx/?lang=en,mexican restaurant,"Mexico City, Mexico",google_maps
Cafebrería El Péndulo Roma,"Av. Álvaro Obregón 86, Roma Nte., Cuauhtémoc, 06700 Ciudad de México, CDMX, Mexico",,web@pendulo.com,55 5574 7034,http://pendulo.com/,coffee shop,"Mexico City, Mexico",google_maps
Balcón del Zócalo,"Av. 5 de Mayo 61, Centro Histórico de la Cdad. de México, Centro, Cuauhtémoc, 06000 Cuauhtémoc, CDMX, Mexico",,concierge.bz@centralhoteles.com,55 5130 5134,https://www.balcondelzocalo.com/,mexican restaurant,"Mexico City, Mexico",google_maps
Porfirio's Masaryk,"Av. Pdte. Masaryk 214, Chapultepec Morales, Polanco V Secc, Miguel Hidalgo, 11560 Ciudad de México, CDMX, Mexico",,,55 5280 1494,https://porfirios.com.mx/locaciones/restaurante-mexicano-en-masaryk/,mexican restaurant,"Mexico City, Mexico",google_maps
Casa Prime Hilton Centro Histórico,"Hotel Hilton, Av. Juarez #70-Local 1, Colonia Centro, Centro, Cuauhtémoc, 06010 Ciudad de México, CDMX, Mexico",,,55 9990 5865,https://casaprime.com.mx/,restaurant,"Mexico City, Mexico",google_maps
Lucy's Diner,"Ángel Albino Corzo 3035, Tablas de San Agustín, Gustavo A. Madero, 07860 Ciudad de México, CDMX, Mexico",,,,https://www.instagram.com/lucysdiner_/,hamburger restaurant,"Mexico City, Mexico",google_maps
Be Bops Diner,"Calz. de Tlalpan 598, Moderna, Benito Juárez, 03510 Ciudad de México, CDMX, Mexico",,,,https://m.facebook.com/BeBopsDinerOficial/,american restaurant,"Mexico City, Mexico",google_maps
Lardo,"Agustín Melgar 6, Colonia Condesa, Cuauhtémoc, 06140 Ciudad de México, CDMX, Mexico",,,55 5211 7731,https://www.lardo.com.mx/,mediterranean restaurant,"Mexico City, Mexico",google_maps
Casa de los Azulejos,"Av Francisco I. Madero 4, Centro Histórico de la Cdad. de México, Centro, Cuauhtémoc, 06500 Ciudad de México, CDMX, Mexico",,,55 5512 1331,https://www.sanborns.com.mx/,restaurant,"Mexico City, Mexico",google_maps
Corazón de Maguey,"Parque Centenario 9A, Coyoacán, 04000 Ciudad de México, CDMX, Mexico",,,55 7406 8199,http://www.corazondemaguey.com/,restaurant,"Mexico City, Mexico",google_maps
Macelleria Roma,"C. Orizaba 127, Roma Nte., Cuauhtémoc, 06700 Ciudad de México, CDMX, Mexico",,,55 5574 1461,http://macelleria.com.mx/,italian restaurant,"Mexico City, Mexico",google_maps
Restaurante Don Toribio,"Simón Bolívar 31, Centro Histórico de la Cdad. de México, Centro, Cuauhtémoc, 06000 Ciudad de México, CDMX, Mexico",,,55 5510 9198,,mexican restaurant,"Mexico City, Mexico",google_maps
Ryoshi Masaryk,"Av. Pdte. Masaryk 111, Polanco, Polanco V Secc, Miguel Hidalgo, 11560 Ciudad de México, CDMX, Mexico",,,55 8848 0754,,japanese restaurant,"Mexico City, Mexico",google_maps
Les Moustaches,"Río Sena 88 Entre Paseo dela Reforma, C. Río Lerma y, Cuauhtémoc, 06500 Ciudad de México, CDMX, Mexico",,,55 5533 3390,http://www.lesmoustaches.com.mx/,french restaurant,"Mexico City, Mexico",google_maps
La Distral,"Fiesta Americana, Av. P.º de la Reforma, Juárez, Cuauhtémoc, 06600 Ciudad de México, CDMX, Mexico",,,55 5140 4100,https://www.fiestamericana.com/hoteles-y-resorts/fiesta-americana-reforma-ciudad-de-mexico/hotel-dining/la-distral,mexican restaurant,"Mexico City, Mexico",google_maps
11th Street Diner,"1065 Washington Ave, Miami Beach, FL 33139, USA",,,(305) 534-6373,https://eleventhstreetdiner.com/?utm_source=gmb&utm_medium=organic&utm_campaign=google_my_business_visitors,diner,"Miami, USA",google_maps
Jimmy's Eastside Diner,"7201 Biscayne Blvd, Miami, FL 33138, USA",,,(305) 754-3692,https://jimmyseastsidediner.shop/,diner,"Miami, USA",google_maps
Chug's Diner,"3444 Main Hwy Suite 21, Miami, FL 33133, USA",,contact@chugsdiner.com,(786) 353-2940,http://chugsdiner.com/,restaurant,"Miami, USA",google_maps
Big Pink,"157 Collins Ave, Miami Beach, FL 33139, USA",,,,https://mylesrestaurantgroup.com/,american restaurant,"Miami, USA",google_maps
Cafe Americano,"1144 Ocean Dr, Miami Beach, FL 33139, USA",,,(786) 730-3549,https://www.cafeamericano.com/ocean-drive/,american restaurant,"Miami, USA",google_maps
Greenstreet Cafe,"3468 Main Hwy, Miami, FL 33133, USA",,,(305) 444-0244,http://greenstreetcafe.net/,restaurant,"Miami, USA",google_maps
Cafe Americano,"1776 Collins Ave, Miami Beach, FL 33139, USA",,,(786) 698-4186,https://www.cafeamericano.com/collins-ave/,american restaurant,"Miami, USA",google_maps
Cafe Americano,"701 S Miami Ave Suite 360B, Floor 3, Miami, FL 33130, USA",,,(786) 438-4286,https://www.cafeamericano.com/brickell/,american restaurant,"Miami, USA",google_maps
Denny's Restaurant,"3600 Biscayne Blvd, Miami, FL 33137, USA",,,(305) 573-8901,https://locations.dennys.com/FL/MIAMI/200219?utm_source=G&utm_medium=organic&utm_campaign=DAC,diner,"Miami, USA",google_maps
American Bistro🍔 American Restaurant Miami Beach,"626 Ocean Dr, Miami Beach, FL 33139, USA",,contact@americanbistromiamibeach.com,(305) 413-2465,https://americanbistromiamibeach.com/,american restaurant,"Miami, USA",google_maps
Maxine's Bistro and Bar - American Restaurant in Miami Beach,"1756 Collins Ave, Miami Beach, FL 33139, USA",,,,https://www.catalinahotel.com/drinking-dining/maxine-s-bistro-bar,american restaurant,"Miami, USA",google_maps
Café Bastille Downtown Miami,"248 SE 1st St, Miami, FL 33131, USA",,contact@cafebastilledowntown.com,(786) 425-3575,http://www.cafebastilledowntown.com/,brunch restaurant,"Miami, USA",google_maps
Miam Cafe Biscayne,"1040 Biscayne Blvd, Miami, FL 33132, USA",,miam@miamcafe.com,(305) 631-2265,https://www.miamcafe.com/,brunch restaurant,"Miami, USA",google_maps
Stadium Diner,"19904 NW 2nd Ave, Miami, FL 33169, USA",,,(305) 652-6912,https://www.stadiumdiner.getsauce.com/?utm_source=GMB&utm_medium=Website%20button&utm_id=Stadium%20Diner,restaurant,"Miami, USA",google_maps
Chuck Wagon Restaurant,"7355 Bird Rd, Miami, FL 33155, USA",,,(305) 266-4979,http://www.chuckwagonmiami.net/,breakfast restaurant,"Miami, USA",google_maps
Atlantis Cafe,"12 NW 1st St, Miami, FL 33128, USA",,,(305) 381-9871,http://atlantis-cafe.com/,cuban restaurant,"Miami, USA",google_maps
The Bombay Canteen,"Unit-1, Process House, S.B. Road, Kamala Mills, Near Radio Mirchi Office Lower, Parel, Mumbai, Maharashtra 400013, India",,,088808 02424,https://thebombaycanteen.com/,seafood restaurant,"Mumbai, India",google_maps
Leopold Cafe,"Shahid Bhagat Singh Road, Police Station, Colaba Causeway, near Colaba, Apollo Bandar, Colaba, Mumbai, Maharashtra 400001, India",,,085858 28201,https://www.instagram.com/leopoldcafemumbai?igsh=Mm90dW1hNzc1aWg3,cafe,"Mumbai, India",google_maps
Shamiana,"The Taj Mahal Palace Hotel, B K Boman Behram Marg, Apollo Bandar, Colaba, Mumbai, Maharashtra 400001, India",,,022 6665 3271,https://www.tajhotels.com/en-in/hotels/taj-mahal-palace-mumbai/restaurants/shamiana-mumbai-colaba?utm_source=Google&utm_medium=Local&utm_campaign=taj-mahal-palace-mumbai-shamiana,north indian restaurant,"Mumbai, India",google_maps
Fifty Five East,"Grand Hyatt, Vicinity, BANK OF INDIA STAR AVAS, Hotel and Residences, Off, Western Express Hwy, Siddharath Nagar, Vakola, Santacruz East, Mumbai, Maharashtra 400055, India",,,,https://www.hyattrestaurants.com/en/dining/india/mumbai/multi-cuisine-restaurant-in-bkc-fifty-five-east,buffet restaurant,"Mumbai, India",google_maps
PONDICHÉRY CAFÉ - ALL-DAY DINING,"C 57, G Block BKC, Bandra Kurla Complex, Bandra East, Mumbai, Maharashtra 400051, India",,h6451@sofitel.com,022 6117 5000,https://sofitel.accor.com/en/hotels/6451/R002.restaurant.html,restaurant,"Mumbai, India",google_maps
BANDRA BORN,"Rose Minar, 87, Chapel Rd, Annexe, Reclamation, Bandra West, Mumbai, Maharashtra 400050, India",,,086577 38778,,restaurant,"Mumbai, India",google_maps
Blah!,"Ground Floor, G-4, The Capital, G Block, Bandra Kurla Complex, Bandra East, Mumbai, Maharashtra 400051, India",,,077108 05999,,restaurant,"Mumbai, India",google_maps
Flute 24 Hrs,"Krishna Palace Hotel, Naushir Bharucha Marg, Grant Road (W), Nana Chowk, Mumbai, Maharashtra 400007, India",,info@krishnapalaceresidency.com,022 6629 3333,http://www.krishnapalaceresidency.com/,north indian restaurant,"Mumbai, India",google_maps
Gaylord Restaurant,"V N Rd, Churchgate, Mumbai, Maharashtra 400020, India",,,070455 56060,https://gaylord.co.in/,breakfast restaurant,"Mumbai, India",google_maps
ON THE DOCKS,"Menty House, 43, Walchand Hirachand Rd, Ballard Estate, Fort, Mumbai, Maharashtra 400001, India",,,085912 80868,,fine dining restaurant,"Mumbai, India",google_maps
24/7 Restaurant,"The Lalit, Mumbai, Airport Rd, Navpada, Marol, Andheri East, Mumbai, Maharashtra 400059, India",The LaLiT,mumresv@thelalit.com,084510 04250,http://www.thelalit.com/the-lalit-mumbai/eat-and-drink/247-restaurant/,buffet restaurant,"Mumbai, India",google_maps
Mumbai 12,"BIT Blocks, Vitthal Chavan Marg, Krishna Nagar, Parel, Mumbai, Maharashtra 400012, India",,,079771 01361,,western restaurant,"Mumbai, India",google_maps
Lotus Cafe,"Jw Marriott, Juhu Tara Rd, Juhu Tara, Juhu, Mumbai, Maharashtra 400049, India",,,022 6693 3344,https://www.marriott.com/en-us/hotels/bomjw-jw-marriott-mumbai-juhu/overview/?scid=f2ae0541-1279-4f24-b197-a979c79310b0,cafe,"Mumbai, India",google_maps
Shalimar Restaurant,"Shalimar Restaurant, Bhendi Bazaar, Mandvi, Mumbai, Maharashtra 400003, India",,,022 6909 8888,,north indian restaurant,"Mumbai, India",google_maps
DINE INN - The Family Restaurant,"Marol Maroshi Rd, near Anjali Gas, opp. Steel Made Industry Estate, Bori Colony, Marol, Andheri East, Mumbai, Maharashtra 400059, India",,,091678 68005,,restaurant,"Mumbai, India",google_maps
Delhi highway,"Ground floor, 105, Mistry Mansion, Mahatma Gandhi Road, Kala Ghoda, Fort, Mumbai, Maharashtra 400001, India",,,090046 05665,https://delhihighwayrestaurant.com/,north indian restaurant,"Mumbai, India",google_maps
Diner 24 NYC,"283 3rd Ave, New York, NY 10010, USA",,,(646) 852-6921,https://diner24nyc.com/?utm_source=GMB&utm_medium=GMB&utm_campaign=GMB,diner,"New York City, USA",google_maps
Ellen's Stardust Diner,"1650 Broadway, New York, NY 10019, USA",,,(212) 956-5151,https://www.ellensstardustdiner.com/,diner,"New York City, USA",google_maps
Tick Tock Diner NY,"481 8th Ave, New York, NY 10001, USA",,info@ticktockdinerny.com,(212) 268-8444,http://www.ticktockdinerny.com/,diner,"New York City, USA",google_maps
Golden Diner,"123 Madison St, New York, NY 10002, USA",,talkto@goldendinerny.com,(917) 472-7800,http://www.goldendinerny.com/,diner,"New York City, USA",google_maps
Square Diner,"33 Leonard St, New York, NY 10013, USA",,info@squarediner.com,(212) 925-7188,http://squarediner.com/,diner,"New York City, USA",google_maps
Brooklyn Diner USA,"212 W 57th St, New York, NY 10019, USA",,,(212) 977-1957,http://www.brooklyndiner.com/,diner,"New York City, USA",google_maps
Carnegie Diner & Cafe,"828 8th Ave, New York, NY 10019, USA",,,(212) 399-4444,https://carnegiediner.com/,diner,"New York City, USA",google_maps
Skylight Diner,"402 W 34th St., New York, NY 10001, USA",,,(212) 244-0395,http://www.skylightdinernyc.com/,diner,"New York City, USA",google_maps
Westway Diner,"614 9th Ave, New York, NY 10036, USA",,westwaydiner@gmail.com,(212) 582-7661,https://www.westwaydiner.com/,diner,"New York City, USA",google_maps
Empire Diner,"210 10th Ave, New York, NY 10011, USA",,,(212) 335-2277,http://empire-diner.com/,diner,"New York City, USA",google_maps
Times Square Diner & Grill,"807 8th Ave, New York, NY 10019, USA",,,(212) 315-2400,https://www.timesquaredinerandgrill.com/,diner,"New York City, USA",google_maps
Malibu Diner,"163 W 23rd St, New York, NY 10011, USA",,malibudinernyc163@gmail.com,(212) 691-1369,http://malibudinernyc.nyc/,diner,"New York City, USA",google_maps
Remedy Diner,"245 E Houston St, New York, NY 10002, USA",,,(212) 677-5110,http://remedydinerny.com/,diner,"New York City, USA",google_maps
Court Square Diner,"45-30 23rd St, Long Island City, NY 11101, USA",,courtdine@aol.com,(718) 392-1222,http://courtsquarediner.com/,diner,"New York City, USA",google_maps
Carnegie Diner & Cafe,"205 W 57th St, New York, NY 10019, USA",,,(212) 664-1001,https://carnegiediner.com/,diner,"New York City, USA",google_maps
Andrews NYC Diner,"463 7th Ave, New York, NY 10018, USA",,,(212) 695-1962,,diner,"New York City, USA",google_maps
Brooklyn Diner,"155 W 43rd St, New York, NY 10036, USA",,,(212) 265-5400,http://www.brooklyndiner.com/,diner,"New York City, USA",google_maps
New York Luncheonette,"135 E 50th St, New York, NY 10022, USA",,,(212) 838-0165,http://www.newyorkluncheonette.com/,diner,"New York City, USA",google_maps
Midnight Express Diner,"1715 2nd Ave, New York, NY 10128, USA",,,(212) 860-2320,http://midnightexpressdiner.com/,diner,"New York City, USA",google_maps
The Flame Diner,"893 9th Ave, New York, NY 10019, USA",,,(212) 765-7962,https://www.theflamediner.com/?utm_source=GMB&utm_medium=Website+Button&utm_id=theflamediner,diner,"New York City, USA",google_maps
Pink Mamma,"20bis Rue de Douai, 75009 Paris, France",,,09 73 03 40 29,https://www.bigmammagroup.com/italian-restaurants/pink-mamma?utm_source=google&utm_medium=organic&utm_campaign=mybusiness-website,italian restaurant,"Paris, France",google_maps
Sacrée Fleur Montmartre,"50 Rue de Clignancourt, 75018 Paris, France",,restosacreefleur@gmail.com,01 42 51 66 18,http://www.sacreefleur.fr/,french restaurant,"Paris, France",google_maps
Il était un square - Burger paris,"54 Rue Corvisart, 75013 Paris, France",,contact@iletaitunsquare.com,01 43 37 68 07,http://www.iletaitunsquare.com/,hamburger restaurant,"Paris, France",google_maps
Au Pied de Cochon,"6 Rue Coquillière, 75001 Paris, France",,,01 40 13 77 00,https://www.pieddecochon.com/,french restaurant,"Paris, France",google_maps
Francette,"1 Port de Suffren, 75007 Paris, France",,reservation@francette.paris,06 68 94 26 82,https://www.fugafamily.com/restaurants/francette,french restaurant,"Paris, France",google_maps
Sphère,"18 Rue La Boétie, 75008 Paris, France",,,01 71 25 26 91,https://restaurantsphere.com/,fine dining restaurant,"Paris, France",google_maps
Restaurant Bus Toqué Paris,"107 Av. des Champs-Élysées, 75008 Paris, France",,,06 21 40 20 41,https://www.bustoque.fr/,french restaurant,"Paris, France",google_maps
HD Diner,"2 Rue du Roule, 75001 Paris, France",,,01 42 36 04 53,http://www.happydaysdiner.com/,diner,"Paris, France",google_maps
Breakfast in America - Marais,"4 Rue Malher, 75004 Paris, France",,,01 42 72 40 21,https://breakfast-in-america.com/,american restaurant,"Paris, France",google_maps
Paris en Scène Diner Croisière,"escale de, L'île aux Cygnes, Pont de Bir-Hakeim, 75015 Paris, France",,,01 41 41 90 70,http://www.paris-en-scene.com/,diner,"Paris, France",google_maps
Terry's Café,"60 Bd du Montparnasse, 75006 Paris, France",,,01 45 49 15 02,https://www.terryscafe.fr/,restaurant,"Paris, France",google_maps
The Family,"7 Rue La Fayette, 75009 Paris, France",,,01 42 80 03 54,https://restaurant-the-family-paris.fr/fr,restaurant,"Paris, France",google_maps
Le Bistro des Augustins,"39 Quai des Grands Augustins, 75006 Paris, France",,,01 43 54 04 41,https://lebistrodesaugustins.shop/,french restaurant,"Paris, France",google_maps
Pedzouille La Grange,"Novotel Paris Porte de Versailles, 4 Av. de la Prte de la Plaine Rooftop - 8ème étage, 75015 Paris, France",,dismoitout@pedzouille.fr,01 88 33 23 69,http://www.pedzouille.fr/,restaurant,"Paris, France",google_maps
24 Le restaurant,"24 Rue Jean Mermoz, 75008 Paris, France",,,01 42 25 24 24,http://24lerestaurant.fr/,french restaurant,"Paris, France",google_maps
Los Brothers,"73 Rue St Denis, 75001 Paris, France",,,01 53 40 85 56,,kebab shop,"Paris, France",google_maps
Bel Canto,"72 Quai de l'Hôtel de ville, 75004 Paris, France",,,01 42 78 30 18,https://widget.thefork.com/fr/144e3cdd-b463-4d63-a7f7-f1c7f617ac84?utm_source=lebelcanto.com,restaurant,"Paris, France",google_maps
Le Cabanon de la Butte,"6 Rue Lamarck, 75018 Paris, France",,,01 42 57 20 46,https://www.lecabanondelabutte.fr/,french restaurant,"Paris, France",google_maps
Restaurant L'Ange 20,"44 Rue des Tournelles, 75004 Paris, France",,,01 49 96 58 39,http://www.lange20.com/,french restaurant,"Paris, France",google_maps
5 & Diner,"5220 N 16th St, Phoenix, AZ 85016, USA",,,(602) 264-5220,http://5anddiner.com/,diner,"Phoenix, USA",google_maps
Diner 50,"1002 S 19th Ave, Phoenix, AZ 85009, USA",,,(602) 262-9916,,diner,"Phoenix, USA",google_maps
Welcome Diner,"929 E Pierce St, Phoenix, AZ 85006, USA",,,(602) 495-1111,http://www.welcomediner.net/,diner,"Phoenix, USA",google_maps
Joe's Diner,"4515 N 7th Ave, Phoenix, AZ 85013, USA",,,(602) 535-4999,https://www.joesdineraz.com/,diner,"Phoenix, USA",google_maps
Matt's Big Breakfast,"817 N 1st St, Phoenix, AZ 85004, USA",,hello@mattsbigbreakfast.com,(602) 254-1074,https://mattsbigbreakfast.com/,brunch restaurant,"Phoenix, USA",google_maps
MacAlpine's Diner & Soda Fountain,"2303 N 7th St, Phoenix, AZ 85006, USA",,filler@godaddy.com,(602) 262-5545,https://macalpines.com/,restaurant,"Phoenix, USA",google_maps
Fast Eddie's Diner,"17017 N 33rd Ave, Phoenix, AZ 85053, USA",,fasteddiesphx@gmail.com,(602) 938-5688,https://www.fasteddiesdinerphx.com/,breakfast restaurant,"Phoenix, USA",google_maps
Original Breakfast House,"13623 N 32nd St, Phoenix, AZ 85032, USA",,riginalbreakfasthouse@aol.com,(602) 482-2328,https://www.originalbreakfasthouse.com/,breakfast restaurant,"Phoenix, USA",google_maps
The Vig,"606 N 4th Ave, Phoenix, AZ 85003, USA",,,(602) 254-2242,https://www.thevig.us/fillmore,restaurant,"Phoenix, USA",google_maps
Breakfast Club,"2 E Jefferson St #22-213, Phoenix, AZ 85004, USA",,,(602) 354-7284,http://breakfastclub.us/,breakfast restaurant,"Phoenix, USA",google_maps
Luke's Diner,"2425 W Camelback Rd, Phoenix, AZ 85015, USA",,,(602) 336-1467,https://www.billluke.com/lukes/,diner,"Phoenix, USA",google_maps
Otto's Diner,"3502 W Greenway Rd # 20, Phoenix, AZ 85053, USA",,,(602) 298-2993,http://ottosempireaz.com/,diner,"Phoenix, USA",google_maps
Joji’s Diner - Serangoon,"534 Upper Serangoon Rd, Singapore 534549",,,6993 0461,https://jojis.sg/,diner,Singapore,google_maps
The Hub House Diner,"410-412 New Canterbury Rd, Dulwich Hill NSW 2203, Australia",,,(02) 9518 1887,http://www.thehubhousediner.com.au/,diner,"Sydney, Australia",google_maps
Cash Only Diner,"1 Barrack St, Sydney NSW 2000, Australia",,,0450 862 147,https://www.cashonlydiner.com.au/,restaurant,"Sydney, Australia",google_maps
SUNSET DINER,"The Canopy, shop6/2 Rosenthal Ave, Lane Cove NSW 2066, Australia",,,(02) 9420 4477,http://sunsetdiner.com.au/,restaurant,"Sydney, Australia",google_maps
City Extra 24 Hour Restaurant,"E4 East Podium Between Wharf 3 and 4 (Where the Manly Ferry Pulls in, Sydney NSW 2000, Australia",,,(02) 9241 1422,https://cityextra.com.au/,breakfast restaurant,"Sydney, Australia",google_maps
Valentinas Sydney,"132 Livingstone Rd, Marrickville NSW 2204, Australia",,,,http://www.valentinassyd.com/,diner,"Sydney, Australia",google_maps
The Nighthawk Diner,"2A Hayes Rd, Rosebery NSW 2018, Australia",,,,http://www.thenighthawk.com.au/,catering service,"Sydney, Australia",google_maps
Ribs & Burgers The Rocks,"88 George St, The Rocks NSW 2000, Australia",,,(02) 9251 4488,https://ribsandburgers.com/au/locations/nsw/the-rocks/,hamburger restaurant,"Sydney, Australia",google_maps
Grana,"Ground Floor/5-7 Young St, Sydney NSW 2000, Australia",,,(02) 7228 1400,https://www.grana.sydney/,restaurant,"Sydney, Australia",google_maps
Glebe Point Diner,"407 Glebe Point Rd, Glebe NSW 2037, Australia",,,(02) 9660 2646,http://www.glebepointdiner.com.au/,seafood restaurant,"Sydney, Australia",google_maps
Happyfield,"96 Ramsay St, Haberfield NSW 2045, Australia",,,(02) 9716 5168,http://www.happyfield.com.au/,diner,"Sydney, Australia",google_maps
Bar Luca,"52 Phillip St, Sydney NSW 2000, Australia",,info@barluca.com.au,(02) 9247 9700,http://www.barluca.com.au/,hamburger restaurant,"Sydney, Australia",google_maps
Betty's Burgers,"International Convention Centre Sydney (ICC Sydney E04, 14 Darling Dr, Sydney NSW 2000, Australia",,,(02) 9212 7773,http://bettysburgers.com.au/,hamburger restaurant,"Sydney, Australia",google_maps
Surly's American Tavern,"182 Campbell St, Surry Hills NSW 2010, Australia",,,0428 428 943,http://www.surlys.com.au/,american restaurant,"Sydney, Australia",google_maps
The Rocks Cafe,"99 George St, The Rocks NSW 2000, Australia",,,(02) 9247 3089,http://www.therockscafe.com.au/,cafe,"Sydney, Australia",google_maps
The Sanderson,"Enter Via Wynyard Lane, 285 George St, Sydney NSW 2000, Australia",,,(02) 7225 5559,https://thesanderson.com.au/,restaurant,"Sydney, Australia",google_maps
Legends Diner,"198 Pitt St, Sydney NSW 2000, Australia",,,,,restaurant,"Sydney, Australia",google_maps
Padaria Bella Paulista,"Rua Haddock Lobo, 354 - Cerqueira César, São Paulo - SP, 01414-000, Brazil",,sac@bellapaulista.com,(11) 3214-3347,https://padariabellapaulista.com.br/,diner,"São Paulo, Brazil",google_maps
The View Bar,"Alameda Santos, 981 - 30º andar - Jardim Paulista, São Paulo - SP, 01419-001, Brazil",,,(11) 3266-3692,http://theviewbar.com.br/,restaurant,"São Paulo, Brazil",google_maps
Le Bife,"R. Pedroso Alvarenga, 1088 - Unid. 13 - Itaim Bibi, São Paulo - SP, 04531-004, Brazil",,,(11) 4324-0783,http://www.lebife.com.br/,restaurant,"São Paulo, Brazil",google_maps
Skye,"Av. Brigadeiro Luís Antônio, 4700 - Jardim Paulista, São Paulo - SP, 01402-002, Brazil",,,(11) 3055-4700,http://www.hotelunique.com/,restaurant,"São Paulo, Brazil",google_maps
Vicolo Nostro,"Rua Jataituba, 29 - Cidade Monções, São Paulo - SP, 04704-090, Brazil",,,(11) 5561-5287,https://vicolonostro.com.br/,italian restaurant,"São Paulo, Brazil",google_maps
Bistrot de Paris,"R. Augusta, 2542 - Loja 12 - Jardins, São Paulo - SP, 01412-100, Brazil",,contato@bistrotdeparis.com.br,(11) 3063-1675,https://bistrotdeparis.com.br/,bistro,"São Paulo, Brazil",google_maps
A Figueira Rubaiyat,"Rua Haddock Lobo, 1738 - Jardins, São Paulo - SP, 01414-002, Brazil",,,(11) 3087-1399,http://www.gruporubaiyat.com/,seafood restaurant,"São Paulo, Brazil",google_maps
Fogo de Chão Jardins,"R. Augusta, 2077 - Cerqueira César, São Paulo - SP, 01413-100, Brazil",,jardins@fogodechao.com.br,(11) 3062-2223,https://fogodechao.com.br/location/jardins/,barbecue restaurant,"São Paulo, Brazil",google_maps
"Zucco Ristorante: Cozinha Italiana, Contemporâneo, Risotos, Massas, Vinhos SP","Rua Haddock Lobo, 1416 - Cerqueira César, São Paulo - SP, 01414-002, Brazil",,,(11) 3897-0666,https://ristorante.zucco.com.br/,italian restaurant,"São Paulo, Brazil",google_maps
Barbacoa,"R. Dr. Renato Paes de Barros, 65 - Itaim Bibi, São Paulo - SP, 04530-000, Brazil",,,(11) 3168-5522,https://barbacoa.com.br/,restaurant,"São Paulo, Brazil",google_maps
Lamen Kazu,"R. Thomaz Gonzaga, 87 - Liberdade, São Paulo - SP, 01506-020, Brazil",,lamenkazu@grupokazu.com.br,(11) 3277-4286,https://lamenkazu.com.br/,ramen restaurant,"São Paulo, Brazil",google_maps
Vista Restaurante Ibirapuera,"cobertura do MAC USP - Av. Pedro Álvares Cabral, 1301 - 8o andar - Vila Mariana, São Paulo - SP, 04094-050, Brazil",,contato@vistasaopaulo.com.br,(11) 2658-3188,https://vistarestaurante.vistasaopaulo.com.br/,brazilian restaurant,"São Paulo, Brazil",google_maps
Restaurante Coco Bambu Anhembi,"Av. Braz Leme, 201 - Casa Verde, São Paulo - SP, 02511-000, Brazil",,,(11) 2373-7552,https://cocobambu.com/unidades/anhembi/,seafood restaurant,"São Paulo, Brazil",google_maps
Seen - Restaurant & Bar,"Alameda Santos, 1437 - Jardim Paulista, São Paulo - SP, 01419-001, Brazil",,reservas@seensp.com,(11) 3146-5922,http://www.seensp.com/,restaurant,"São Paulo, Brazil",google_maps
Ráscal - Alameda Santos,"Alameda Santos, 870 - Jardim Paulista, São Paulo - SP, 01419-000, Brazil",,sac@rascal.com.br,(11) 3141-0692,https://www.rascal.com.br/?utm_source=[gmb][alameda-santos]&utm_medium=[website]&utm_campaign=[youmap],mediterranean restaurant,"São Paulo, Brazil",google_maps
Coco Bambu,"Shopping Sp Market - Av. das Nações Unidas, 22540 - Vila Almeida, São Paulo - SP, 04795-000, Brazil",,,(11) 5548-4712,http://cocobambu.com/,seafood restaurant,"São Paulo, Brazil",google_maps
Kamen Rider The Diner,"Japan, 〒171-0021 Tokyo, Toshima City, Nishiikebukuro, 1-chōme−21−９ パセラリゾーツ池袋本店４Ｆ",,,0120-025-296,https://paselabo.pasela.co.jp/rider/,restaurant,"Tokyo, Japan",google_maps
Musashino Mori Diner Shinjuku Central Park,"Japan, 〒160-0023 Tokyo, Shinjuku City, Nishishinjuku, 2-chōme−11−５ 新宿中央公園内 SHUKNOVA 2階",,,03-5909-0588,https://www.skylark.co.jp/mmcoffee/?utm_source=mc&utm_medium=gmb&utm_campaign=brandtop-Tokyo,cafe,"Tokyo, Japan",google_maps
GYOPAO Gyoza Roppongi,"4-chōme-9-8 Roppongi, Minato City, Tokyo 106-0032, Japan",,,050-3503-3119,https://gyopao.com/,japanese izakaya restaurant,"Tokyo, Japan",google_maps
Hard Rock Cafe Tokyo Roppongi,"5-chōme-4-20 Roppongi, Minato City, Tokyo 106-0032, Japan",,,03-3408-7018,https://hardrockjapan.com/location/tokyo/,american restaurant,"Tokyo, Japan",google_maps
Momo Paradise Shinjuku Higashi-guchi,"Japan, 〒160-0022 Tokyo, Shinjuku City, Shinjuku, 3-chōme−28−１０ ヒューマックスパビリオン新宿東口 3F・4F",,,050-1807-6990,https://mo-mo-paradise.com/shop/shinjukuhigashiguchi,hot pot restaurant,"Tokyo, Japan",google_maps
Tokyo Diner,"2 Newport Pl, London WC2H 7JP, UK",,office@tokyodiner.com,020 7287 8777,http://www.tokyodiner.com/,japanese restaurant,"Tokyo, Japan",google_maps
Reg-On Diner 渋谷本店,"K HOUSE, 1F, 1-chōme-8-1 Higashi, Shibuya, Tokyo 150-0011, Japan",,,03-3498-5488,http://www.regondiner.com/,hamburger restaurant,"Tokyo, Japan",google_maps
McLean OLD FASHIONED DINER,"2-chōme-5-4 Kuramae, Taito City, Tokyo 111-0051, Japan",,,03-5823-4890,http://www.mclean.jp/,diner,"Tokyo, Japan",google_maps
Harajuku Tokyo Cafe,"M3M IFC, Badshahpur, Sector 66, Gurugram, Haryana 122101, India",,,081301 19665,,japanese restaurant,"Tokyo, Japan",google_maps
bills Omotesando,"Japan, 〒150-0001 Tokyo, Shibuya, Jingūmae, 4-chōme−30−３ 東急プラザ 表参道原宿 7F",,info@billsjapan.com,03-5772-1133,https://www.billsjapan.com/jp/locations/omotesando,australian restaurant,"Tokyo, Japan",google_maps
MO-MO-PARADISE Kabukicho,"Japan, 〒160-0021 Tokyo, Shinjuku City, Kabukichō, 1-chōme−20−１ ヒューマックスパビリオン新宿歌舞伎町 8F",,,050-1807-5884,https://mo-mo-paradise.com/shop/kabuki,japanese restaurant,"Tokyo, Japan",google_maps
Tokyo burger,"Japan, 〒150-0001 Tokyo, Shibuya, Jingūmae, 1-chōme−21−１５ 2F",,,03-3405-6222,https://tabelog.com/tokyo/A1306/A130601/13200460/,hamburger restaurant,"Tokyo, Japan",google_maps
JB's TOKYO,"1-chōme-33-3 Yoyogi, Shibuya, Tokyo 151-0053, Japan",,,03-6300-0913,https://www.jbs-burger.tokyo/home,hamburger restaurant,"Tokyo, Japan",google_maps
"ANNAM Indian Restaurant Ginza Tokyo (アナム 本格インド料理 銀座 東京) Halal, Veg, Non-Veg, late night restaurant, Jain, and Gluten-Free","Japan, 〒104-0061 Tokyo, Chuo City, Ginza, 8-chōme−10−８ Ginza 8-10 Building, 地下一階",,,03-6280-6708,http://annam-indian-restaurannt.owst.jp/,indian restaurant,"Tokyo, Japan",google_maps
Tono Tokyo Coffee roasters,"UG floor 15, South Point Mall, Golf Course Rd, near adidas store, DLF Phase 5, Sector 53, Gurugram, Haryana 122011, India",,,,,japanese restaurant,"Tokyo, Japan",google_maps
mipig cafe Harajuku,"Japan, 〒150-0001 Tokyo, Shibuya, Jingūmae, 1-chōme−15−４ Barbizon76 1階",,,03-6384-5899,https://mipig.cafe/,pet store,"Tokyo, Japan",google_maps
釣船茶屋 ざうお 新宿店/Fishing Restaurant Zauo Shinjuku,"Japan, 〒160-0023 Tokyo, Shinjuku City, Nishishinjuku, 3-chōme−2−９ 新宿ワシントンホテル 一階",,,03-3343-6622,http://www.zauo.com/,japanese izakaya restaurant,"Tokyo, Japan",google_maps
CÉ LA VI TOKYO,"Japan, 〒150-0043 Tokyo, Shibuya, Dōgenzaka, 1-chōme−2−３ 東急プラザ渋谷17階 ＆18階",,,0800-111-3065,https://www.celavi.com/ja/tokyo/,restaurant,"Tokyo, Japan",google_maps
HEARTH,"Japan, 〒160-0023 Tokyo, Shinjuku City, Nishishinjuku, 6-chōme−12−３９ ダイワロイネットホテル西新宿PREMIER 1F",,,03-6304-5657,https://heart-earth.com/restaurant/hearth-shinjuku,italian restaurant,"Tokyo, Japan",google_maps
Mo-Mo-Paradise Asakusa Kaminarimon,"Japan, 〒111-0034 Tokyo, Taito City, Kaminarimon, 2-chōme−16−９ Hulic&New 雷門 4F",,,050-1807-8915,https://mo-mo-paradise.com/pages/shop-list/asakusa,hot pot restaurant,"Tokyo, Japan",google_maps
The George Street Diner,"129 George St, Toronto, ON M5A 2M6, Canada",,thegeorgestreetdiner@gmail.com,(416) 862-7676,http://thegeorgestreetdiner.com/,diner,"Toronto, Canada",google_maps
Golden Diner,"105 Carlton St., Toronto, ON M5B 1M1, Canada",,,(416) 977-9898,https://golden-diner.com/,diner,"Toronto, Canada",google_maps
White Lily Diner,"678 Queen St E, Toronto, ON M4M 1G8, Canada",,,(416) 901-7800,http://whitelilydiner.ca/,diner,"Toronto, Canada",google_maps
Sunset Grill,"1 Richmond St W, Toronto, ON M5H 3W4, Canada",,,(416) 861-0514,https://sunsetgrill.ca/location/ontario-toronto-yonge-and-richmond/,breakfast restaurant,"Toronto, Canada",google_maps
Fran's Restaurant and Bar,"20 College St, Toronto, ON M5G 1K2, Canada",,,(416) 923-9867,http://fransrestaurant.com/,diner,"Toronto, Canada",google_maps
The Lakeview Diner,"1132 Dundas St W, Toronto, ON M6J 1X2, Canada",,,(416) 850-8886,http://www.thelakeviewdiner.com/,diner,"Toronto, Canada",google_maps
Black+Blue,"130 King St W, Toronto, ON M5X 2A2, Canada",,,(647) 368-8283,https://blackandbluesteakhouse.ca/toronto-home/,restaurant,"Toronto, Canada",google_maps
The Donlands Diner,"417 Donlands Ave, East York, ON M4J 3S3, Canada",,donlands1955@gmail.com,(416) 421-8500,http://donlandsdiner.com/,breakfast restaurant,"Toronto, Canada",google_maps
Skyline Restaurant,"1426 Queen St W, Toronto, ON M6K 1M1, Canada",,,(416) 536-3682,http://www.theskylinetoronto.com/,diner,"Toronto, Canada",google_maps
Fran's Restaurant,"200 Victoria St, Toronto, ON M5B 2R3, Canada",,,(416) 304-0085,http://www.fransrestaurant.com/,diner,"Toronto, Canada",google_maps
Denny's,"121 Dundas St W, Toronto, ON M5G 1C4, Canada",,,(416) 599-6161,https://www.dennys.ca/,diner,"Toronto, Canada",google_maps
Chew Chew Grill,"186 Carlton St., Toronto, ON M5A 2K6, Canada",,,(416) 927-1000,,diner,"Toronto, Canada",google_maps
The Broadview Diner,"757 Broadview Ave, Toronto, ON M4K 2P6, Canada",,thebroadviewdiner@gmail.com,(416) 297-9685,http://www.broadviewdiner.com/,diner,"Toronto, Canada",google_maps
Frankie's Diner,"994 Queen St W, Toronto, ON M6J 1H1, Canada",,info@frankiesdiner.ca,(416) 588-1936,http://frankiesdiner.ca/,hamburger restaurant,"Toronto, Canada",google_maps
Cafe Landwer,"165 University Ave, Toronto, ON M5H 3B8, Canada",,,(647) 748-1165,http://www.landwer.ca/,restaurant,"Toronto, Canada",google_maps
The Diner's Corner,"678 Yonge St, Toronto, ON M4Y 2A6, Canada",,,(416) 929-7031,https://thedinerscorneron.com/,restaurant,"Toronto, Canada",google_maps
Avenue Open Kitchen,"7 Camden St, Toronto, ON M5V 2K6, Canada",,,(416) 504-7131,,restaurant,"Toronto, Canada",google_maps
The Senator,"249 Victoria St, Toronto, ON M5B 1V8, Canada",,senatorrestaurant@rogers.com,(416) 364-7517,https://www.thesenator.com/,diner,"Toronto, Canada",google_maps
Route 401 Diner,"2 Ronson Dr, Etobicoke, ON M9W 1B2, Canada",,milan@route401diner.com,(416) 247-7836,http://www.route401diner.com/,diner,"Toronto, Canada",google_maps
Lucy's Eastside Diner,"2708 Main St, Vancouver, BC V5T 3C7, Canada",,,(604) 568-1550,http://www.lucyseastsidediner.com/,diner,"Vancouver, Canada",google_maps
Sunshine Diner,"2649 W Broadway, Vancouver, BC V6K 2G2, Canada",,,(604) 733-7717,,diner,"Vancouver, Canada",google_maps
Fable Diner,"151 E Broadway, Vancouver, BC V5T 1W1, Canada",,dine@fablediner.com,(604) 563-3463,http://www.fablediner.com/,diner,"Vancouver, Canada",google_maps
Northern Cafe,"1640 E Kent Avenue S, Vancouver, BC V5P 2S7, Canada",,northerncafeandgrill@outlook.com,(778) 532-6240,http://northerncafeandgrill.com/,diner,"Vancouver, Canada",google_maps
The Templeton,"1087 Granville St, Vancouver, BC V6Z 1L4, Canada",,info@thetempleton.ca,(604) 685-4612,http://www.thetempleton.ca/,diner,"Vancouver, Canada",google_maps
Botanist,"1038 Canada Pl, Vancouver, BC V6C 0B9, Canada",Grant Sceney,,(604) 695-5500,https://www.botanistrestaurant.com/?utm_source=google+Maps&utm_medium=seo+maps&utm_campaign=seo+maps,restaurant,"Vancouver, Canada",google_maps
The Hideout Diner,"1951 Glen Dr, Vancouver, BC V6A 4K4, Canada",,,(604) 255-5445,https://thehideoutdiner.ca/,restaurant,"Vancouver, Canada",google_maps
Bon's Off Broadway,"2451 Nanaimo St, Vancouver, BC V5N 5E5, Canada",,,(604) 253-7242,https://m.facebook.com/pages/Bons-Off-Broadway/152383144795773,breakfast restaurant,"Vancouver, Canada",google_maps
Denny's Restaurant,"1098 Davie St, Vancouver, BC V6E 1M3, Canada",,,(604) 689-0509,https://www.dennys.ca/restaurant/british-columbia/vancouver-davie/?utm_source=google&utm_medium=maps,restaurant,"Vancouver, Canada",google_maps
The Red Wagon,"2128 E Hastings St, Vancouver, BC V5L 1V2, Canada",,,(604) 568-4565,http://www.redwagoncafe.ca/,breakfast restaurant,"Vancouver, Canada",google_maps
Jam Cafe,"556 Beatty St, Vancouver, BC V6B 2L3, Canada",,,(778) 379-1992,https://jamcafes.com/,cafe,"Vancouver, Canada",google_maps
Argo Cafe,"1836 Ontario St, Vancouver, BC V5T 2W6, Canada",,,(604) 876-3620,https://www.argocafe.ca/,diner,"Vancouver, Canada",google_maps
Deacon's Corner,"101 Main St, Vancouver, BC V6A 1B8, Canada",,hello@deaconscorner.ca,(604) 684-1555,http://www.deaconscorner.ca/,diner,"Vancouver, Canada",google_maps
