business_name,email,phone,website,city,category,niche
Bealé Pâtisserie,contacto@beale.com.co,301 3997944,http://www.beale.com.co/,"Bogota, Colombia",dog cafe,cafe
The Bakehouse Chicago,info@thebakehousechicago.com,(773) 800-6296,http://www.thebakehousechicago.com/,"Chicago, USA",cafe,cafe
Wake N Bakery Chicago Downtown,admin@wakenbakery.com,(312) 405-3608,http://wakenbakery.net/,"Chicago, USA",coffee shop,cafe
The Cake Cafe,thecakecafe@gmail.com,(01) 478 9394,https://www.cakecafe.ie/,"Dublin, Ireland",cafe,cafe
The Pastry Section,info@pastrysection.com,0131 332 9779,http://www.pastrysection.com/,"Edinburgh, UK",cafe,cafe
The Piemaker,piemaker38@gmail.com,0131 531 5795,http://www.thepiemaker.co.uk/,"Edinburgh, UK",coffee shop,cafe
La Barantine Victoria,contact.labarantine@gmail.com,0131 226 4927,http://www.labarantine.com/,"Edinburgh, UK",coffee shop,cafe
Christine's Bakery @The Exchange TRX,hello@christinebakery.my,,https://christinebakery.my/,"Kuala Lumpur, Malaysia",cafe,cafe
Besties Bakery,commande.paris@bestiesbakery.fr,09 78 80 45 15,https://bestiesbakery.fr/paris/,"Paris, France",tea house,cafe
Maison Nico,info@maisonnico.com,(415) 359-1000,http://maisonnico.com/,"San Francisco, USA",cafe,cafe
Gateau de Henry,gateaudehenry@gmail.com,(778) 379-2250,http://gateaudehenry.com/,"Vancouver, Canada",cafe,cafe
"TOP 02 – Desserts, Gelato & Coffee",bonjour@top02.at,0676 7056292,https://top02.at/,"Vienna, Austria",coffee shop,cafe
Gerstner K. u. K. Hofzuckerbäcker,konditorei@gerstner.at,01 5261361,https://www.gerstner.at/palaistodesco/,"Vienna, Austria",cafe,cafe
Café Central,cafe.central@palaisevents.at,01 5333763,https://www.cafecentral.wien/,"Vienna, Austria",cafe,cafe
Cafebrería El Péndulo Roma,web@pendulo.com,55 5574 7034,http://pendulo.com/,"Mexico City, Mexico",coffee shop,cafe
The Bistro AZ,lbiever@thebistroaz.com,(602) 368-2686,http://www.thebistroaz.com/,"Phoenix, USA",cafe,cafe
Intelligentsia,press@intelligentsiacoffee.com,(312) 920-9332,https://www.intelligentsia.com/pages/millennium-park-coffeebar,"Chicago, USA",coffee shop,cafe
The Wormhole Coffee,placejoys.com@gmail.com,(773) 661-2468,https://thewormholecoffee.shop/,"Chicago, USA",coffee shop,cafe
The Understudy Coffee and Books,hello@theunderstudy.com,(872) 806-0670,https://theunderstudy.com/,"Chicago, USA",coffee shop,cafe
Broadway Cafe,broadwaycafechicago@gmail.com,(312) 350-4881,http://www.broadwaycafechicago.com/,"Chicago, USA",cafe,cafe
First Sip Cafe,hello@firstsip.cafe,,http://firstsip.cafe/,"Chicago, USA",coffee shop,cafe
Prufrock Coffee,info@prufrockcoffee.com,,http://www.prufrockcoffee.com/,"London, UK",coffee shop,cafe
Double J's Cafe,doublejscafe@hotmail.co.uk,020 7388 1212,http://www.doublejscafe.com/,"London, UK",cafe,cafe
Dulce Coffee,dulcecafe86@yahoo.com,020 7375 1636,http://www.dulcecoffeeandkitchen.com/,"London, UK",cafe,cafe
Terry's Cafe | London,info@terryscafe.co.uk,020 7407 9358,https://www.terryscafe.co.uk/,"London, UK",cafe,cafe
The Monocle Café,hek@monocle.com,020 7135 2040,http://cafe.monocle.com/,"London, UK",cafe,cafe
The L.A. Cafe,info@thelacafe.com,(213) 612-3000,https://www.thelacafe.com/,"Los Angeles, USA",cafe,cafe
Dalian's Café,info@dalianscafe.com,(213) 559-0009,http://dalianscafe.com/,"Los Angeles, USA",coffee shop,cafe
Verve Coffee Roasters,support@vervecoffee.com,(213) 419-5077,http://www.vervecoffee.com/,"Los Angeles, USA",coffee shop,cafe
Jurassic Magic Coffee,rawr@jurassicmagic.xyz,(424) 835-0598,https://www.jurassicmagic.xyz/,"Los Angeles, USA",coffee shop,cafe
Boxx Coffee Roasters Co.,hello@boxxcoffee.com,(424) 313-2533,http://boxxcoffee.la/,"Los Angeles, USA",coffee roastery,cafe
Cafe Luna,info@cafelunany.com,(646) 861-1751,http://www.cafelunanewyork.com/,"New York City, USA",coffee shop,cafe
Urban Backyard,hello@urbanbackyardnyc.com,(646) 692-9957,http://www.urbanbackyardnyc.com/,"New York City, USA",coffee shop,cafe
Sip + Co.,info@sipandco.co,(516) 960-2283,http://sipandco.co/,"New York City, USA",coffee shop,cafe
787 Coffee,hello@787coffee.com,(646) 852-6473,http://www.787coffee.com/,"New York City, USA",coffee shop,cafe
Paramount Coffee Project,hello@paramountcoffeeproject.com.au,0481 148 439,http://www.paramountcoffeeproject.com.au/,"Sydney, Australia",cafe,cafe
Industry Beans York St,venues@industrybeans.com,(02) 9188 8501,https://industrybeans.com/pages/york-st-cafe,"Sydney, Australia",cafe,cafe
Skittle Lane,info@skittlelane.com,,http://skittlelane.com/,"Sydney, Australia",coffee shop,cafe
Gumption by Coffee Alchemy,support@coffeealchemy.com.au,(02) 9516 1997,https://coffeealchemy.com.au/pages/gumption,"Sydney, Australia",coffee shop,cafe
Four Ate Five,info@fouratefive.com,(02) 9698 6485,http://www.fouratefive.com/,"Sydney, Australia",cafe,cafe
FIKA Cafe,info@fika.ca,,http://www.fika.ca/,"Toronto, Canada",cafe,cafe
Nabulu Coffee,info@nabulucoffee.ca,(647) 669-1372,http://www.nabulucoffee.ca/,"Toronto, Canada",coffee shop,cafe
Butter & Blue,hello@butterandblue.ca,,https://www.butterandblue.ca/,"Toronto, Canada",cafe,cafe
Twilight Cafe & Bar DT (Dundas),twilightcafe.midtown@gmail.com,(416) 815-2233,http://twilightcafe.ca/,"Toronto, Canada",cafe,cafe
Boxcar Social Laneway,reservations@boxcarsocial.ca,(844) 726-9227,https://boxcarsocial.ca/pages/laneway,"Toronto, Canada",cafe,cafe
7 West Cafe,7west.management@gmail.com,(416) 928-9041,http://www.7westcafe.com/,"Toronto, Canada",cafe,cafe
Rooster Coffee House,hello@roostercoffeehouse.com,(647) 530-4779,http://www.roostercoffeehouse.com/,"Toronto, Canada",coffee shop,cafe
Cafe Medina,reservations@medinacafe.com,(604) 879-3114,http://www.medinacafe.com/,"Vancouver, Canada",cafe,cafe
"Perfecto Cafe, Bakery & Gelato (Davie)",info@perfectocafe.ca,(604) 428-2112,https://www.perfectocafe.ca/,"Vancouver, Canada",cafe,cafe
Prototype Coffee,coffee@prototypecoffee.ca,(604) 251-6451,https://www.prototypecoffee.ca/,"Vancouver, Canada",cafe,cafe
Nelson the Seagull Cafe | Sourdough Baked Daily,info@nelsontheseagull.com,(604) 681-5776,http://www.nelsontheseagull.com/,"Vancouver, Canada",cafe,cafe
Café Intermezzo - Midtown,polson@cafeintermezzo.com,(404) 355-0411,http://www.cafeintermezzo.com/,"Atlanta, USA",cafe,cafe
Black Coffee Atlanta,contact@theblackcoffeecompany.com,(404) 482-1098,https://www.theblackcoffeecompany.com/black-coffee-atl,"Atlanta, USA",coffee shop,cafe
Carroll Street Cafe,carrollstreetcafe@gmail.com,(404) 577-2700,http://carrollstreetcabbagetown.com/,"Atlanta, USA",cafe,cafe
Café Lucia,cafelucia.shop@gmail.com,(404) 968-9658,http://cafelucia.shop/,"Atlanta, USA",coffee shop,cafe
Drip,dripatl@hotmail.com,(404) 627-7375,http://www.dripatlanta.com/,"Atlanta, USA",coffee shop,cafe
Omni Coffee & Eggs,info@omnicoffeeandeggs.com,(404) 254-2029,http://omnicoffeeandeggs.com/,"Atlanta, USA",cafe,cafe
Condesa Coffee,info@condesacoffee.com,(404) 524-5054,http://www.condesacoffee.com/oldfourthward,"Atlanta, USA",coffee shop,cafe
Black Coffee ATL,westside@blackcoffeeatl.com,(404) 343-1565,http://www.blackcoffeeatl.com/,"Atlanta, USA",coffee shop,cafe
Dalston Coffee Barcelona - Cafè d'especialitat - Coffee Roasters,info@dalstoncoffee.com,623 98 27 94,http://www.dalstoncoffee.com/,"Barcelona, Spain",cafe,cafe
Vera Cafè,veraacoffee@gmail.com,638 53 67 02,http://veraacafe.com/,"Barcelona, Spain",coffee shop,cafe
Bloome By Sasha | Brunch Sin Gluten Gótico,bloomebysasha@gmail.com,602 50 03 35,https://www.bloomebysasha.es/brunch-gotico,"Barcelona, Spain",dog cafe,cafe
Roast Club Café,info@roastclub.coffee,935 18 77 11,http://roastclub.coffee/,"Barcelona, Spain",cafe,cafe
paradero | Barcelona,info@paradero.eu,613 03 09 14,http://www.paradero.eu/,"Barcelona, Spain",cafeteria,cafe
Three Marks Coffee,club@threemarkscoffee.com,617 82 42 84,http://www.threemarkscoffee.com/,"Barcelona, Spain",coffee shop,cafe
Hoof Dubai Mall,info@behindthecup.ae,04 332 9950,https://behindthecup.ae/,"Dubai, UAE",coffee shop,cafe
Ores Cafe,info@orescafe.com,050 945 4111,http://orescafe.com/,"Dubai, UAE",cafe,cafe
Nargileci Eleven Cafe,nargileci@neleven.ae,04 591 1612,https://nargileci.neleven.ae/,"Dubai, UAE",cafe,cafe
Nomad Day Bar,coffee@nomaddaybar.com,04 210 2522,https://www.nomaddaybar.com/,"Dubai, UAE",cafe,cafe
TEN 11 (The Dubai Mall),ten11cafe@gmail.com,600 533339,https://www.ten11cafe.ae/,"Dubai, UAE",coffee shop,cafe
Stomping Grounds,info@stompinggrounds.ae,04 344 4451,http://www.stompinggrounds.ae/,"Dubai, UAE",cafe,cafe
Bruncho,info@oralounge.uk,07708 433823,https://bruncho.co.uk/,"Manchester, UK",cafe,cafe
Sugar Junction,sugarjunctionmcr@gmail.com,0161 839 4753,http://www.sugarjunction.co.uk/,"Manchester, UK",cafe,cafe
Cafe North,cafenorth@outlook.com,0161 637 7480,http://www.cafenorth.org/,"Manchester, UK",cafe,cafe
The Populus,enquiries@thepopuluscafe.com,6635 8420,https://thepopulus.cafe/,Singapore,cafe,cafe
Common Man Coffee Roasters - Martin Road,training@cmcroasters.com,6836 4695,https://commonmancoffeeroasters.com/?utm_source=google&utm_medium=organic&utm_campaign=gmb_martin_road,Singapore,cafe,cafe
Rise Bakehouse @ TripleOne Somerset,hello@risebakehouse.sg,8928 9111,https://risebakehouse.sg/,Singapore,cafe,cafe
Brunches Cafe,contactus@brunches.sg,8685 8488,http://brunches.sg/,Singapore,cafe,cafe
Wildseed Café at The Summerhouse,enquiry@thesummerhouse.sg,8126 7524,https://www.wildseedcafe.sg/the-summerhouse,Singapore,cafe,cafe
Wildseed Cafe At The Garage,wildseedcafesbg@thegarage.sg,9815 3213,https://www.wildseedcafe.sg/the-garage,Singapore,cafe,cafe
CAFE KREAMS,admin@mininve.com,9673 2307,http://www.kreams.sg/,Singapore,cafe,cafe
The Book Cafe,info@thebookcafe.com.sg,6887 5430,https://www.thebookcafesg.com/,Singapore,cafe,cafe
Atlas Coffeehouse,hello@atlascoffeehouse.com.sg,6314 2674,http://www.atlascoffeehouse.com.sg/,Singapore,cafe,cafe
Symmetry,info@symmetry.com.sg,6291 9901,http://www.symmetry.com.sg/,Singapore,coffee shop,cafe
Chuffed,chuffedbooking@gmail.com,09 367 6801,https://www.chuffed.co.nz/,"Auckland, New Zealand",cafe,cafe
Scarecrow Mediterranean Cafe,store@scarecrow.co.nz,09 377 1333,http://scarecrow.co.nz/,"Auckland, New Zealand",cafe,cafe
Crave,bookings@cravecafe.co.nz,09 845 4714,http://cravecafe.co.nz/,"Auckland, New Zealand",cafe,cafe
MELBA Vulcan,vulcan@melba.nz,09 377 0091,https://melba.nz/vulcan-lane,"Auckland, New Zealand",cafe,cafe
Honey Cafe CBD,honeycafecbd2025@gmail.com,09 300 6327,https://honeycafe.co.nz/cbd/,"Auckland, New Zealand",cafe,cafe
FLUFF Cafe & Eatery,info@fluffhouse.co.nz,09 282 1206,https://www.fluffhouse.co.nz/,"Auckland, New Zealand",coffee shop,cafe
Little Q,cafe@littleq.co.nz,09 815 0660,https://littleq.co.nz/,"Auckland, New Zealand",cafe,cafe
Winona Forever,info@winonaforever.co.nz,09 974 2796,http://winonaforever.co.nz/,"Auckland, New Zealand",cafe,cafe
Ezra & Gil,hello@ezraandgil.co.uk,,http://www.ezraandgil.com/,"Manchester, UK",cafe,cafe
POT KETTLE BLACK Barton Arcade,hello@potkettleblackltd.co.uk,,https://potkettleblackltd.co.uk/,"Manchester, UK",cafe,cafe
Bestie Cafe,info@bestiecafe.co.nz,,http://bestiecafe.co.nz/,"Auckland, New Zealand",cafe,cafe
Prix d'Ami.,info@prixdami.nl,,https://www.prixdami.nl/?utm_source=GMB&utm_medium=organic&utm_campaign=website,"Amsterdam, Netherlands",coffee shop,cafe
De Koffieschenkerij,info@koffieschenkerij.com,,http://www.koffieschenkerij.com/,"Amsterdam, Netherlands",coffee shop,cafe
Bloom Coffee Co.,bloomcoffeecoatl@gmail.com,(404) 343-6631,http://bloomcoffeecoatl.com/,"Atlanta, USA",coffee shop,cafe
Con Leche Coffee,hola@conlechecoffee.com,(678) 904-9299,https://www.conleche.com/,"Atlanta, USA",coffee shop,cafe
Peoples Town Coffee Bar,hey@peoplestowncoffee.com,(678) 310-5663,http://www.peoplestowncoffee.com/,"Atlanta, USA",coffee shop,cafe
Grant Park Coffeehouse,filler@godaddy.com,(404) 856-0433,https://www.grantparkcoffeehouse.com/,"Atlanta, USA",coffee shop,cafe
Allpress Roastery Auckland,coffee@allpress.co.nz,09 307 5555,https://nz.allpressespresso.com/find/auckland-roastery?utm_source=google&utm_medium=organic&utm_campaign=mybusiness,"Auckland, New Zealand",coffee shop,cafe
The Pantry,thepantry@hyatt.com,09 366 2501,https://hyattpantry.co.nz/,"Auckland, New Zealand",cafe,cafe
Kaffee Momente Berlin - Café Berlin,kaffeemomente@gmail.com,01573 2192174,https://kaffee-momente.eatbu.com/?lang=de,"Berlin, Germany",coffee shop,cafe
nur coffee Berlin,berlin@nurcoffee.de,01522 5364827,https://nurcoffee.de/,"Berlin, Germany",coffee shop,cafe
Distrikt coffee,info@distriktcoffee.de,,http://distriktcoffee.de/,"Berlin, Germany",coffee shop,cafe
Oslo Kaffebar,oslokaffebar@gmail.com,,http://www.oslokaffebar.co/,"Berlin, Germany",coffee shop,cafe
Silo Coffee,hello@silo-coffee.com,030 62608833,https://www.silo-coffee.com/,"Berlin, Germany",coffee shop,cafe
Casa Café Cultor,tienda.casa@cafecultor.co,315 5431596,https://www.cafecultor.co/,"Bogotá, Colombia",cafe,cafe
Arte y pasión Café: Escuela de baristas,arteypasioncafe@gmail.com,317 5097835,https://arteypasioncafe.com/,"Bogotá, Colombia",cafe,cafe
Juan Valdez - Zona G,cuentaconjuan@juanvaldezcafe.com,,https://juanvaldez.com/,"Bogotá, Colombia",coffee shop,cafe
Café Tortoni,tortoni@cafetortoni.com.ar,011 4342-4328,http://www.cafetortoni.com.ar/,"Buenos Aires, Argentina",coffee shop,cafe
Full City Coffee Roasters,oraclegym@gmail.com,,http://www.fullcity.com.ar/,"Buenos Aires, Argentina",coffee shop,cafe
Origin Coffee Roasting,info@originroasting.co.za,021 421 1000,http://originroasting.co.za/,"Cape Town, South Africa",coffee roastery,cafe
The Ladder,theladderon136@gmail.com,082 451 1572,http://www.theladderon136.com/,"Cape Town, South Africa",cafe,cafe
Ground Art Caffe,info@groundartcaffe.co.za,021 418 1331,http://www.groundartcaffe.co.za/,"Cape Town, South Africa",coffee shop,cafe
Boston Coffee Roasters,info@bostoncoffee.co.za,066 374 2420,http://www.bostoncoffee.co.za/,"Cape Town, South Africa",coffee shop,cafe
Kamili Coffee on Long,info@kamilicoffee.co.za,083 226 4426,https://kamilicoffee.co.za/?utm_source=GMB&utm_medium=Long-Street-Listing,"Cape Town, South Africa",coffee shop,cafe
The KAYA Cafe,hello.kayacafe@gmail.com,,https://thekayacafe.co.za/,"Cape Town, South Africa",coffee shop,cafe
Sonder Café,sonderobz@gmail.com,083 394 6672,http://sonderobz.com/,"Cape Town, South Africa",coffee shop,cafe
The Blue Cafe,laughing@thebluecafe.co.za,021 426 0250,http://www.thebluecafe.co.za/,"Cape Town, South Africa",coffee shop,cafe
Roasters Specialty Coffee House Creek Harbour,beans@roasterscoffee.ae,058 585 7686,http://www.roasterscoffee.ae/,"Dubai, UAE",coffee shop,cafe
The Patisserie at Address Sky View,dineatskyview@addresshotels.com,04 873 8888,https://www.addresshotels.com/en/restaurant/patisserie-at-address-sky-view/,"Dubai, UAE",coffee shop,cafe
Caju Coffee House,info@caju.ae,04 575 2710,https://caju.ae/,"Dubai, UAE",cafe,cafe
Two Pups,twopupscoffee@gmail.com,,http://www.twopupscoffee.com/,"Dublin, Ireland",coffee shop,cafe
Shoe Lane Coffee,jobs@shoelane.com,,http://www.shoelanecoffee.ie/,"Dublin, Ireland",coffee shop,cafe
Legit Coffee Co,info@legitcoffeeco.com,,http://legitcoffeeco.com/,"Dublin, Ireland",coffee shop,cafe
Copper + Straw Speciality Coffee,hello@copperandstraw.ie,087 810 2634,http://copperandstraw.ie/,"Dublin, Ireland",coffee shop,cafe
Keoghs Cafe,orders@keoghscafe.ie,(01) 677 8080,http://keoghscafe.ie/,"Dublin, Ireland",coffee shop,cafe
The Coffee House at West End,hello@thecoffeehousehtx.com,,http://thecoffeehousehtx.com/,"Houston, USA",coffee shop,cafe
The Coffee Garden,info@thecoffeegarden.com,(713) 955-4420,https://thecoffeegarden.com/heights-coffee-shop/,"Houston, USA",coffee shop,cafe
Pavon Coffee Den,hello@pavonhtx.com,(713) 261-6679,https://www.pavonhtx.com/,"Houston, USA",coffee shop,cafe
Agora,info@agorahouston.com,,https://www.agorahouston.com/,"Houston, USA",coffee shop,cafe
Bean Brothers at The Linc KL,support@beanbrothers.my,,http://beanbrothers.my/,"Kuala Lumpur, Malaysia",coffee shop,cafe
103 Coffee - Chow Kit,media@103coffee.com,012-960 1353,http://www.103coffee.com/,"Kuala Lumpur, Malaysia",coffee shop,cafe
Miss Coco Cafe,admin@misscococafe.com,018-208 3983,https://misscococafe.com/,"Kuala Lumpur, Malaysia",coffee roastery,cafe
Coffee For Sasquatch,hello@coffeeforsasquatch.com,(323) 433-4070,http://www.coffeeforsasquatch.com/,"Los Angeles, USA",coffee shop,cafe
Coffee Lab Manchester Piccadilly.,info@coffeelab.gr,0161 511 4263,https://coffeelab.gr/en/,"Manchester, UK",coffee shop,cafe
Atrium Coffee,info@atrium-coffee.co.uk,,http://www.atrium-coffee.co.uk/,"Manchester, UK",coffee shop,cafe
Little Rogue.,shop@littlerogue.com.au,,https://www.littlerogue.com.au/,"Melbourne, Australia",coffee shop,cafe
Higher Ground,info@highergroundmelbourne.com.au,(03) 8899 6219,https://highergroundmelbourne.com.au/,"Melbourne, Australia",coffee shop,cafe
Café Memorias de un Barista,memoriasdeunbarista@gmail.com,55 5207 6201,http://www.memoriasdeunbarista.com/,"Mexico City, Mexico",coffee shop,cafe
MIAM CAFE-WYNWOOD,miam@miamcafe.com,(786) 703-1451,http://www.miamcafe.com/,"Miami, USA",coffee shop,cafe
Naughty Coffee,naughtycoffeeshop@gmail.com,(347) 283-5609,https://naughtycoffeeshop.com/,"Miami, USA",coffee shop,cafe
Surry Hills Coffee | Brunch Miami,business.eu@surryhillscoffee.com,(305) 456-6787,http://www.surryhillscoffee.com/?utm_source=local&utm_medium=utm,"Miami, USA",coffee shop,cafe
La Colada Gourmet,lacoladagourmet@gmail.com,(305) 582-5762,https://www.lacoladagourmet.com/,"Miami, USA",coffee shop,cafe
ITSI Coffee - i think she is,itsi.coffee@gmail.com,(786) 800-5659,http://ithinksheis.com/,"Miami, USA",coffee shop,cafe
White Rose Coffee,whiterosecoffeemiami@gmail.com,,http://whiterose.coffee/,"Miami, USA",coffee shop,cafe
Kala Ghoda Cafe,info@kgcafe.in,098338 03418,https://kgcafe.in/,"Mumbai, India",cafe,cafe
Bombay To Barcelona Library Cafe,bombay2barcelonalc@gmail.com,077384 46788,http://www.bombaytobarcelonalibrarycafe.com/,"Mumbai, India",cafe,cafe
Earth Cafe @ Churchgate,info@earthcafeindia.com,090818 81844,http://earthcafeindia.com/,"Mumbai, India",coffee shop,cafe
Mockingbird Cafe Bar,contact@mockingbirdcafebar.com,080976 06010,http://www.mockingbirdcafebar.com/,"Mumbai, India",cafe,cafe
Iteeha Coffee,connect@iteeha.coffee,098198 20211,https://iteeha.coffee/,"Mumbai, India",cafe,cafe
Ettarra Coffee House,care@ettarracoffee.in,086558 05815,https://ettarracoffee.in/,"Mumbai, India",coffee shop,cafe
Third Wave Coffee,orders@thirdwavecoffee.in,080500 03543,https://cafe.thirdwavecoffee.in/coffee-cafe-mumbai-32255/home?utm_source=gmb,"Mumbai, India",coffee shop,cafe
The Caféothèque of Paris,contact@lacafeotheque.com,01 53 01 83 84,http://www.lacafeotheque.com/,"Paris, France",coffee shop,cafe
Motors Coffee,info@motorscoffee.com,,https://motorscoffee.com/,"Paris, France",coffee shop,cafe
The Coffee Builders,creative@thecoffeebuilders.com,(602) 904-7550,http://www.thecoffeebuilders.com/,"Phoenix, USA",coffee shop,cafe
"Songbird Coffee & Tea House - Phoenix, AZ",info@songbirdcoffeehouse.com,(602) 374-4192,http://www.songbirdcoffeehouse.com/,"Phoenix, USA",coffee shop,cafe
Case Study Coffee Lounge,william@casestudycoffeelounge.com,(480) 590-4270,https://www.casestudycoffeelounge.com/,"Phoenix, USA",coffee shop,cafe
Fillmore Coffee Co.,info@fillmorecoffeeco.com,(928) 232-8527,http://www.fillmorecoffeeco.com/,"Phoenix, USA",coffee shop,cafe
Fair Trade Cafe,info@azfairtrade.com,(602) 354-8150,https://azfairtrade.com/?y_source=1_NTgwNjEyNjUtNzE1LWxvY2F0aW9uLndlYnNpdGU%3D,"Phoenix, USA",cafe,cafe
Let's Meet Up,info@redstakesolutions.com,,http://www.letsmeetup.coffee/,"Phoenix, USA",coffee shop,cafe
Mis Raices Cafe,misraicescafeaz@gmail.com,(602) 675-2228,http://misraicescafe.com/,"Phoenix, USA",coffee shop,cafe
A Flourshop,info@aflourshop.com,(602) 274-2253,http://www.aflourshop.com/,"Phoenix, USA",coffee shop,cafe
ASK Coffee Roastery Singapore,speedy3dcreations@gmail.com,8884 9186,https://www.speedy3dcreations.com/,Singapore,coffee roastery,cafe
Maxi Coffee Bar,hello@maxicoffeebar.com,9776 7400,http://maxicoffeebar.com/,Singapore,coffee shop,cafe
Regiment specialty coffee,regiment2022@hotmail.com,(02) 9299 4001,https://www.regimentcbd.com.au/,"Sydney, Australia",cafe,cafe
GLITCH COFFEE & ROASTERS,press@glitchcoffee.com,03-5244-5458,https://glitchcoffee.com/,"Tokyo, Japan",coffee shop,cafe
KOFFEE MAMEYA,info@koffee-mameya.com,03-5413-9422,http://koffee-mameya.com/,"Tokyo, Japan",coffee shop,cafe
CAFE REISSUE,reissue2015@outlook.jp,03-5785-3144,https://www.reissue.co.jp/,"Tokyo, Japan",coffee shop,cafe
Tokyo Little House,hello@littlehouse.tokyo,,http://littlehouse.tokyo/,"Tokyo, Japan",coffee shop,cafe
HotBlack Coffee,info@hotblack-coffee.com,,https://hotblack-coffee.com/,"Toronto, Canada",coffee shop,cafe
Daily Dose Coffee Bar,info@dailydosecoffeebar.com,,https://www.dailydosecoffeebar.com/,"Toronto, Canada",coffee shop,cafe
Bald Eagle Diner,info@baldeaglediner.co.nz,09 521 1611,http://www.baldeaglediner.com/,"Auckland, New Zealand",cafe,cafe
Café de los Angelitos,info@cafedelosangelitos.com,011 4952-2320,https://www.cafedelosangelitos.com/,"Buenos Aires, Argentina",cafe,cafe
Bocca Coffee,info@bocca.nl,0321 314 667,http://www.bocca.nl/,"Amsterdam, Netherlands",coffee shop,cafe
Hummingbird Coffee Amsterdam,info@hummingbird.amsterdam,06 24331985,https://hummingbird.amsterdam/,"Amsterdam, Netherlands",coffee shop,cafe
Back to Black,info@backtoblackcoffee.nl,,http://www.backtoblackcoffee.nl/,"Amsterdam, Netherlands",coffee roastery,cafe
Cafecito,coffee@cafecito.nl,,https://cafecito.nl/,"Amsterdam, Netherlands",coffee shop,cafe
Elevate Coffee Lab,elevatecoffeelab@gmail.com,,http://elevatecoffeelab.com/,"Amsterdam, Netherlands",coffee shop,cafe
Espressobar Puccini,info@espressobarpuccini.nl,020 620 8458,http://www.puccini.nl/,"Amsterdam, Netherlands",coffee shop,cafe
Cafe Bartique,admin@cafebartique.com,(404) 343-1780,http://www.cafebartique.com/,"Atlanta, USA",coffee shop,cafe
"die espressonisten | Store, Craft Coffeeshop & La Marzocco Showroom",post@espressonisten.de,030 36409494,https://espressonisten.de/,"Berlin, Germany",coffee shop,cafe
Espresso Bar + Deli,info@espresso-bar.berlin,030 34399295,http://espressobar.online/,"Berlin, Germany",coffee shop,cafe
"Wine & Coffee House (Café, Bar & Spirituosengeschäft)",info@cafehaus-berlin.de,030 2423775,http://www.wine-and-coffeehouse.de/,"Berlin, Germany",cafe,cafe
Café Monstruo,cafemonstruogerencia@gmail.com,311 2615249,http://www.cafemonstruo.com/,"Bogotá, Colombia",coffee shop,cafe
Cafe Mustache,info@cafemustache.com,(773) 687-9063,http://www.cafemustache.com/,"Chicago, USA",cafe,cafe
Overflow Coffee,liv.oad@entrenuity.com,(312) 283-0066,https://www.overflowchicago.com/,"Chicago, USA",coffee shop,cafe
The Lost Hours,thelosthourscoffeeshop@gmail.com,,http://the-lost-hours.com/,"Chicago, USA",coffee shop,cafe
Specialty Batch Coffee Roastery,info@specialtybatch.com,04 299 1113,https://specialtybatch.com/,"Dubai, UAE",coffee roastery,cafe
Vice Coffee Inc,hello@vicecoffeeinc.com,,https://www.vicecoffeeinc.com/,"Dublin, Ireland",coffee shop,cafe
Lemon Jelly Cafe,info@lemonjelly.ie,(01) 233 8441,https://www.lemonjelly.ie/,"Dublin, Ireland",cafe,cafe
Academy Coffee Dublin,stay@academyplazahotel.ie,(01) 817 4100,https://www.academyplazahotel.ie/en/academy-coffee/,"Dublin, Ireland",cafe,cafe
Maven,support@getbento.com,(832) 926-3213,http://www.mavenhouston.com/,"Houston, USA",coffee shop,cafe
Segundo Coffee Lab,customerservice@segundocoffee.com,(346) 240-3032,http://segundocoffee.com/,"Houston, USA",coffee shop,cafe
Brass Tacks,getdown@brasstackshouston.com,(713) 352-7626,http://www.brasstackshouston.com/,"Houston, USA",cafe,cafe
Chapter 72,info@chapter-72.com,,http://www.chapter-72.com/,"London, UK",coffee shop,cafe
Tierra Mia Coffee,info@tmcoffee.com,(213) 483-3955,http://www.tierramiacoffee.com/,"Los Angeles, USA",coffee shop,cafe
Tiago Coffee Bar + Kitchen,info@tiagocoffee.com,(323) 466-5600,http://www.tiagocoffee.com/,"Los Angeles, USA",coffee shop,cafe
Java Bar Espresso,info@jbecoffee.com,,https://jbecoffee.com/,"Manchester, UK",coffee shop,cafe
Patricia Coffee Brewers,shop@patriciacoffee.com.au,,http://www.patriciacoffee.com.au/,"Melbourne, Australia",coffee shop,cafe
Sbriga Espresso Bar,info@sbriga.com.au,(03) 9191 0404,https://www.sbriga.com.au/,"Melbourne, Australia",cafe,cafe
Philoçoffee Espresso Bar,philo.coffee@yahoo.com.au,0492 300 811,http://www.philocoffee.com.au/,"Melbourne, Australia",cafe,cafe
Mad Records Cafe Miami,mradiomedellin@gmail.com,,http://madradio.co/,"Miami, USA",cafe,cafe
EMISSARY CAFE,info@emissary.miami,,http://emissarycafe.com/,"Miami, USA",coffee shop,cafe
Bayleaf Cafe,bayleafcafejuhu@gmail.com,084549 44954,https://bayleafcafe.in/,"Mumbai, India",cafe,cafe
Cartel Roasting Co.,hello@cartelroasting.co,,https://cartelroasting.co/,"Phoenix, USA",coffee shop,cafe
Sip Coffee & Beer,info@sipcoffeeandbeer.com,(602) 900-5188,https://sipcoffeeandbeer.com/,"Phoenix, USA",coffee shop,cafe
percolate. (Nankin Row),hello@percolate.sg,8259 0316,http://percolate.sg/,Singapore,cafe,cafe
Black & White Espresso Bar | The Strand Arcade,admin@blackandwhiteespresso.com,,https://www.blackandwhiteespresso.com/,"Sydney, Australia",cafe,cafe
The Associate Espresso Bar,info@amahospitality.com.au,,http://amahospitality.com.au/,"Sydney, Australia",cafe,cafe
Fuglen Tokyo,coffeeonline.jp@fuglen.no,,https://fuglencoffee.jp/,"Tokyo, Japan",coffee shop,cafe
All Seasons Coffee,info@allseasonscoffee.jp,03-5341-4273,http://allseasonscoffee.jp/,"Tokyo, Japan",coffee shop,cafe
L'Espresso Bar Mercurio,teresa@barmercurio.com,(416) 585-2233,https://www.lespressobarmercurio.ca/,"Toronto, Canada",cafe,cafe
Aroma Espresso Bar,help@aromacafe.ca,(416) 594-0777,http://www.aromaespressobar.ca/,"Toronto, Canada",cafe,cafe
Martin Espresso Bar,info@martinesb.com,(416) 531-1421,https://martinespressobar.ca/,"Toronto, Canada",cafe,cafe
Mallo Coffee & Bar,info@mallo.ca,(647) 351-8060,http://www.mallo.ca/,"Toronto, Canada",coffee shop,cafe
Nine Bar Coffee,info@ninebar.ca,(604) 781-6461,http://ninebar.ca/,"Vancouver, Canada",coffee shop,cafe
Milano Espresso Lounge,info@milanocoffee.ca,(604) 558-0999,https://www.milanocoffee.ca/,"Vancouver, Canada",coffee shop,cafe
CICLO ESPRESSO & COCTELES COAL HARBOUR,info@persesocialcorner.com,(604) 336-8564,https://cicloespressocafe.com/,"Vancouver, Canada",coffee shop,cafe
Aperture Coffee Bar,aperturecoffeebarmain@gmail.com,(604) 620-8056,http://www.aperturecoffeebar.com/,"Vancouver, Canada",cafe,cafe
Cafe Bonjour,info@dreamingcode.com,(617) 779-0062,https://www.cafebonjourboston.com/,"Boston, USA",cafes,cafe
Thinking Cup,info@thinkingcup.com,(617) 247-3333,http://thinkingcup.com/,"Boston, USA",cafes,cafe
Trident Booksellers & Cafe,orders@tridentbookscafe.com,(617) 267-8688,http://www.tridentbookscafe.com/,"Boston, USA",cafes,cafe
Storyville Coffee Pike Place,info@storyville.com,(206) 780-5777,https://storyville.com/pages/pike-place-market,"Seattle, USA",cafes,cafe
Bacco Cafe,baccocafe@gmail.com,(206) 355-8887,http://baccocafe.com/,"Seattle, USA",cafes,cafe
Good Voyage,info@goodvoyageseattle.com,,http://www.goodvoyageseattle.com/,"Seattle, USA",cafes,cafe
Citizen Collective,info@citizen-collective.com,(206) 284-1015,http://citizen-collective.com/,"Seattle, USA",cafes,cafe
Zeitgeist Coffee,info@zeitgeistcoffee.com,(206) 583-0497,http://zeitgeistcoffee.com/,"Seattle, USA",cafes,cafe
The Usual,theusualcafe@yahoo.com,,https://theusual.squarespace.com/,"Seattle, USA",cafes,cafe
Aroom Coffee Fremont,hello@aroomcoffee.com,(206) 960-9609,https://www.aroomcoffee.com/,"Seattle, USA",cafes,cafe
Stone Way Cafe,info@stonewaycafe.com,(206) 420-4435,http://www.stonewaycafe.com/,"Seattle, USA",cafes,cafe
Faculty Coffee,hello@facultycoffee.com,0121 448 7543,http://www.facultycoffee.com/,"Birmingham, UK",cafes,cafe
Cherry Red's Cafe Bar,people@cherryreds.com,0121 643 5716,http://www.cherryreds.com/,"Birmingham, UK",cafes,cafe
Coffee Joint,info@coffeejoint.co.uk,07777 333425,https://www.coffeejoint.co.uk/?utm_source=GBP.website&utm_medium=GBP&utm_campaign=br13062-website,"Birmingham, UK",cafes,cafe
Rising Cafe,birmingham@risingcafe.co.uk,0121 594 0640,https://www.risingcafe.co.uk/birmingham,"Birmingham, UK",cafes,cafe
Ju Ju's Cafe Birmingham,julia@jujuscafe.org.uk,0121 456 3384,http://www.jujuscafe.co.uk/,"Birmingham, UK",cafes,cafe
Saint Kitchen - JQ,hi@saintkitchen.com,0121 236 2940,http://www.saintkitchen.com/,"Birmingham, UK",cafes,cafe
200 Degrees Coffee Shop & Barista School,colmorerow@200degs.com,0121 312 4375,http://www.200degs.com/birmingham-colmore-row,"Birmingham, UK",cafes,cafe
Wayland’s Yard Coffee & Brunch Cafe / Diner,hi@waylandsyard.co.uk,,https://www.waylandsyard.co.uk/,"Birmingham, UK",cafes,cafe
Coffee Tales Jewellery Quarter,hello@coffee-tales.com,0121 212 3531,http://www.coffee-tales.com/,"Birmingham, UK",cafes,cafe
Ottoman Coffeehouse,admin@ottomancoffeehouse.co.uk,0141 588 5982,http://www.ottomancoffeehouse.co.uk/,"Glasgow, UK",cafes,cafe
Singl-end Merchant City,garnethill@thesingl-end.co.uk,0141 552 4433,https://www.thesingl-end.co.uk/,"Glasgow, UK",cafes,cafe
Sorriso Cafe,sorrisoglasgow@gmail.com,0141 737 6861,https://www.sorrisocafe.co.uk/,"Glasgow, UK",cafes,cafe
Crew Collective & Cafe,josianne@crewcollectivecafe.com,(514) 285-7095,https://crewcollectivecafe.com/,"Montreal, Canada",cafes,cafe
"La Finca Café | Café, Marché Local Lunch De Quartier Dans La Région De Montréal",info@lafinca.ca,(514) 903-8911,http://www.lafinca.ca/,"Montreal, Canada",cafes,cafe
Bar Caffettiera,info@caffettiera.ca,(514) 507-2055,http://caffettiera.ca/,"Montreal, Canada",cafes,cafe
Cafe Aunja,info@aunja.com,(514) 914-8337,http://aunja.com/,"Montreal, Canada",cafes,cafe
Café Parvis,info@cafeparvis.com,(514) 764-3589,http://cafeparvis.com/,"Montreal, Canada",cafes,cafe
Amea Café,rsvp@ameacafe.com,,http://www.ameacafe.com/,"Montreal, Canada",cafes,cafe
Alforno Bakery & Cafe,orders@alforno.ca,(403) 454-0308,http://alforno.ca/,"Calgary, Canada",cafes,cafe
The Rooftop YYC,reservations@therooftop.ca,(403) 262-0080,https://www.therooftop.ca/,"Calgary, Canada",cafes,cafe
Higher Ground Cafe,info@highergroundcafe.ca,(403) 270-3780,http://highergroundcafe.ca/,"Calgary, Canada",cafes,cafe
Sought and Found Coffee Roasters,meetme@soughtxfound.coffee,(403) 830-7278,https://www.soughtxfound.coffee/,"Calgary, Canada",cafes,cafe
Analog Coffee 17 Ave,orderdesk@analogcoffee.ca,(587) 356-0042,http://www.analogcoffee.ca/,"Calgary, Canada",cafes,cafe
ZCREW Cafe,info@zcrewcafe.com,(403) 460-6668,https://zcrewcafe.com/,"Calgary, Canada",cafes,cafe
Calgary Heritage Roasting Company,info@canadianheritageroastingco.com,(403) 455-2472,http://www.calgaryheritageroastingco.com/,"Calgary, Canada",cafes,cafe
Brew Cafe & Wine Bar,bookings@brewcafewinebar.com.au,(07) 3211 4242,https://www.brewcafewinebar.com.au/,"Brisbane, Australia",cafes,cafe
Blue Bear Coffeehouse,b.b.coffeehouse@outlook.com,,https://bluebearcoffeehouse.squarespace.com/,"Brisbane, Australia",cafes,cafe
Babylon Brisbane,info@babylonbrisbane.com.au,(07) 3186 6655,http://www.babylonbrisbane.com.au/,"Brisbane, Australia",cafes,cafe
QAG Cafe,feedback@qagoma.qld.gov.au,,https://www.qagoma.qld.gov.au/visit/eat-and-drink/,"Brisbane, Australia",cafes,cafe
"Farmhouse, Kedron Cafe",hello@farmhousekedron.com.au,(07) 3861 1956,https://www.farmhousekedron.com.au/,"Brisbane, Australia",cafes,cafe
One60 Café,info@one60cafe.com.au,0478 485 875,http://one60cafe.com.au/,"Perth, Australia",cafes,cafe
La Veen Coffee - King Street,online@laveencoffee.com.au,,http://www.laveencoffee.com.au/,"Perth, Australia",cafes,cafe
Voodoo Cafe,info@voodoocafe.com.au,0478 845 908,https://www.voodoocafe.com.au/,"Perth, Australia",cafes,cafe
Tiisch,info@tiisch.com.au,(08) 9678 5150,https://www.tiisch.com.au/book-now/?utm_source=gmb&utm_medium=gmb&utm_campaign=gmb,"Perth, Australia",cafes,cafe
Chinta,chinta@chintadesigns.com.au,(08) 9444 7939,http://chintacafe.com/,"Perth, Australia",cafes,cafe
Beantown Cafe,beantowncafecork@gmail.com,(021) 239 9400,https://www.beantowncafecork.com/,"Cork, Ireland",cafes,cafe
Izz Cafe,info@izz.ie,(021) 229 0689,http://www.izz.ie/,"Cork, Ireland",cafes,cafe
Alchemy Coffee and Bookstore,online@alchemycoffeecork.com,,https://alchemycoffeecork.com/,"Cork, Ireland",cafes,cafe
Neo Cafe & Eatery,info@neocafe.co.nz,04 385 9553,http://www.neocafe.co.nz/,"Wellington, New Zealand",cafes,cafe
Flight Coffee Hangar Cafe,gm@hangarcafe.co.nz,027 535 0884,https://www.hangarcafe.co.nz/,"Wellington, New Zealand",cafes,cafe
Karaka Cafe,bookings@karakacafe.co.nz,027 916 8369,https://www.karakacafe.co.nz/,"Wellington, New Zealand",cafes,cafe
Prefab-ACME,prefabhall@acmeandco.co.nz,04 385 2263,http://www.acmeandco.co.nz/,"Wellington, New Zealand",cafes,cafe
Fidel's Cafe,info.fidelscafe@gmail.com,04 384 7039,http://www.fidelscafe.com/,"Wellington, New Zealand",cafes,cafe
Customs,shopnz@coffeesupreme.com,,http://www.coffeesupreme.com/,"Wellington, New Zealand",cafes,cafe
Gemini Cafe & Eatery,geminicafewellington@gmail.com,04 210 1213,http://www.geminicafe.co.nz/,"Wellington, New Zealand",cafes,cafe
Kaffee Eis Cuba Street,info@kaffeeeis.co.nz,04 803 3620,http://kaffeeeis.co.nz/,"Wellington, New Zealand",cafes,cafe
Triveni Terrace Cafe,hello@redcedarhospitality.com,099715 66904,https://redcedarhospitality.com/,"Delhi, India",cafes,cafe
Cafe Dori,customercare@nappadori.com,080760 54238,https://www.nappadori.com/cafe-dori/,"Delhi, India",cafes,cafe
AMA Cafe | Majnu Ka Tilla,info@amacafe.co,084489 94259,http://www.amacafe.co/,"Delhi, India",cafes,cafe
Cine Tree Cafe,ccoi1947@gmail.com,,https://cinetreecafe.com/,"Delhi, India",cafes,cafe
Hamoni: Cafe by the Greens,cafe@hamonigolf.com,072900 38887,http://www.hamonigolf.com/,"Delhi, India",cafes,cafe
"Cafe Vagabond - Coffee Bar | Bakery | Indian | Continental, Paharganj",info@hotelajanta.com,099588 50203,https://www.hotelajanta.com/dining.php,"Delhi, India",cafes,cafe
The Hole In The Wall Cafe,the.hole.in.the.wall.cafe@gmail.com,099456 92562,http://www.theholeinthewallcafe.org/,"Bangalore, India",cafes,cafe
Roastea - Curated Coffee And Tea Artisans,feedback@roastea.in,099040 02700,https://www.roastea.in/,"Bangalore, India",cafes,cafe
Paper & Pie,contactus@paperandpie.in,090357 00876,https://www.paperandpie.in/contact/,"Bangalore, India",cafes,cafe
The Rameshwaram Cafe - Indiranagar,info@therameshwaramcafe.org,090711 79191,https://therameshwaramcafe.org/about,"Bangalore, India",cafes,cafe
Over Coffee,overcoffeeindia@gmail.com,096117 56470,https://www.overcoffee.in/,"Bangalore, India",cafes,cafe
Roastery Coffee House,support@roasterycoffee.co.in,063095 90610,https://www.roasterycoffee.co.in/,"Hyderabad, India",cafes,cafe
Theory Patisserie & Cafe,theorycdb@gmail.com,083676 96769,http://www.theorycafe.in/,"Hyderabad, India",cafes,cafe
Lé Vantage Café Bar,levantagecafe@gmail.com,091211 91782,http://www.levantagecafebar.com/,"Hyderabad, India",cafes,cafe
Writer's Café,info@advantagefoods.in,089258 44029,https://www.advantagefoods.in/,"Chennai, India",cafes,cafe
Wild Gardencafe,wildgarden@amethystchennai.com,044 4599 1633,http://www.amethystchennai.com/wildgarden.html,"Chennai, India",cafes,cafe
"KUP Coffee Roasters, Nungambakkam",sip@kup.world,091767 27000,https://www.kup.world/,"Chennai, India",cafes,cafe
Salvation Cafe,eat@salvationcafe.co.za,011 482 7795,http://www.salvationcafe.co.za/,"Johannesburg, South Africa",cafes,cafe
Bean There Coffee Company - Milpark JHB,info@beanthere.co.za,087 310 3100,http://www.beanthere.co.za/,"Johannesburg, South Africa",cafes,cafe
tashas Melrose Arch,melrose@tashascafe.com,011 568 5488,https://www.tashascafe.com/locations/johannesburg/melrose/,"Johannesburg, South Africa",cafes,cafe
Father Coffee Rosebank,twila@fathercoffee.co.za,079 506 6322,http://www.father.coffee/,"Johannesburg, South Africa",cafes,cafe
Mikes Heritage House,bookings@mikesheritagehouse.co.za,011 484 2688,http://www.mikesheritagehouse.co.za/,"Johannesburg, South Africa",cafes,cafe
Gatvol coffee,natalie@gatvolcoffee.co.za,079 497 5819,http://www.gatvolcoffee.co.za/,"Durban, South Africa",cafes,cafe
Bellevue Cafe,cafe@bellevuenet.co.za,031 717 2780,http://www.bellevuecafe.co.za/,"Durban, South Africa",cafes,cafe
The KZNSA Arts Cafe,gallery@kznsagallery.co.za,031 277 1702,http://www.kznsagallery.co.za/,"Durban, South Africa",cafes,cafe
The Coffee Movement,aloha@thecoffeemovement.com,,https://www.thecoffeemovement.com/,"San Francisco, USA",coffee shops,cafe
Scullery,info@scullerysf.com,(415) 440-4497,http://www.scullerysf.com/,"San Francisco, USA",coffee shops,cafe
Saint Frank Coffee,info@saintfrankcoffee.com,(415) 881-8062,http://www.saintfrankcoffee.com/,"San Francisco, USA",coffee shops,cafe
Hedge Coffee,coffee@hedge.coffee,(415) 603-9818,http://hedge.coffee/,"San Francisco, USA",coffee shops,cafe
Third Wheel Coffee,info@thirdwheel.coffee,,http://www.thirdwheel.coffee/,"San Francisco, USA",coffee shops,cafe
Caffe Trieste,caffetriestenorthbeach@yahoo.com,(415) 392-6739,https://caffetrieste.com/,"San Francisco, USA",coffee shops,cafe
Home Coffee Roasters,hello@homecoffeesf.com,(415) 780-5423,http://homecoffeesf.com/,"San Francisco, USA",coffee shops,cafe
Madhouse Cafe,madhousecafeboston@gmail.com,(617) 620-1501,https://madhousecafe.com/,"Boston, USA",coffee shops,cafe
cacao,cacao@cacaonuts.com,(857) 449-9098,https://cacaonuts.com/,"Boston, USA",coffee shops,cafe
Seattle Sunshine Coffee,seattlesunshinecoffee@gmail.com,(206) 420-8461,https://www.seattlesunshinecoffee.com/,"Seattle, USA",coffee shops,cafe
Overcast Coffee,info@overcastcoffee.co,(206) 588-2621,http://www.overcastcoffee.co/,"Seattle, USA",coffee shops,cafe
200 Degrees Coffee Shop,info@200degs.com,0121 312 4383,http://www.200degs.com/,"Birmingham, UK",coffee shops,cafe
The Milkman,hello@themilkman.coffee,,http://www.themilkman.coffee/,"Edinburgh, UK",coffee shops,cafe
The Coffee Cave,sales@thecoffeecave.com,,http://thecoffeecave.com/,"Edinburgh, UK",coffee shops,cafe
The Edinburgh Larder - Blackfriars Street,info@edinburghlarder.co.uk,0131 556 6922,http://www.edinburghlarder.co.uk/,"Edinburgh, UK",coffee shops,cafe
Triple-Tri Coffee,tripletricoffee@gmail.com,,http://www.tripletricoffee.com/,"Edinburgh, UK",coffee shops,cafe
Cairngorm Coffee,orders@cairngormcoffee.com,,http://www.cairngorm.coffee/,"Edinburgh, UK",coffee shops,cafe
Bastard Barista,info@bastardbarista.com,0131 603 7372,https://www.bastardbarista.com/,"Edinburgh, UK",coffee shops,cafe
Willow Grove Coffee,adele@willowgrovecoffee.co.uk,0141 237 3490,https://www.willowgrovecoffee.com/,"Glasgow, UK",coffee shops,cafe
iCafe Merchant City,recruitment@icafe.uk.com,,http://www.icafe.uk.com/,"Glasgow, UK",coffee shops,cafe
Café Redwood,caferedwoodmtl@gmail.com,,http://caferedwood.com/,"Montreal, Canada",coffee shops,cafe
Bono Coffee Roasters,bonocoffee001@gmail.com,(403) 200-2166,http://bonocoffee.ca/,"Calgary, Canada",coffee shops,cafe
Humble Coffee Roasters,humblecoffeeroasters@gmail.com,(403) 850-9396,https://www.humblecoffeeroasters.ca/,"Calgary, Canada",coffee shops,cafe
Strauss,contact@strausscafe.com.au,(07) 3236 5232,http://www.strausscafe.com.au/,"Brisbane, Australia",coffee shops,cafe
Edward Espresso & Kitchen,orders@edwardespresso.com.au,,https://edwardespresso.com.au/,"Brisbane, Australia",coffee shops,cafe
VELVET,contact@velvetcork.ie,,https://www.velvetcork.ie/,"Cork, Ireland",coffee shops,cafe
Maranui Cafe,maranuimanager@gmail.com,04 387 4539,http://www.maranuicafe.co.nz/,"Wellington, New Zealand",coffee shops,cafe
CoffeeShop Company,feedback@franchiseindia.in,,https://coffeeshopcompany.co.in/,"Delhi, India",coffee shops,cafe
Cafe By Soul,cafebysoul@gmail.com,088268 56001,http://www.cafebysoul.com/,"Delhi, India",coffee shops,cafe
DiGhent Cafe,reachout@dighent.com,0124 422 7444,https://www.dighent.com/,"Delhi, India",coffee shops,cafe
Chika - A Coffee Collective,chikacoffeeroasters@gmail.com,081250 81243,https://www.chikacoffee.com/,"Hyderabad, India",coffee shops,cafe
Cafe Niloufer Premium Lounge - Banjara Hills,feedback@cafeniloufer.com,076589 33930,https://www.cafeniloufer.com/,"Hyderabad, India",coffee shops,cafe
Beachville Coffee Roasters,support@beachvillecoffee.com,096770 53244,http://www.beachvillecoffee.com/,"Chennai, India",coffee shops,cafe
The Grind Coffee Company,max@thegrindcoffeecompany.co.za,010 753 3183,https://grindcoffeecompany.co.za/,"Johannesburg, South Africa",coffee shops,cafe
DE FACTO COFFEE,info@defactocoffee.co.za,086 133 3228,http://www.defactocoffee.co.za/,"Johannesburg, South Africa",coffee shops,cafe
Freshly Ground Coffee,info@freshlyground.co.za,010 500 1694,http://www.freshlyground.co.za/,"Johannesburg, South Africa",coffee shops,cafe
Reserved Cafe,reservedcafe@gmail.com,073 789 2632,http://www.reservedcafe.co.za/,"Johannesburg, South Africa",coffee shops,cafe
The Flower Cup - Coffee Shop,info@grandiflora.co.za,010 017 1108,https://grandiflora.co.za/pages/the-flower-cup,"Johannesburg, South Africa",coffee shops,cafe
Sextant Coffee Roasters,info@sextantcoffee.com,(415) 355-1415,http://sextantcoffee.com/,"San Francisco, USA",espresso bars,cafe
The Buena Vista,thebuenavista@comcast.net,(415) 474-5044,http://www.thebuenavista.com/home/home.html,"San Francisco, USA",espresso bars,cafe
Ocean Beach Cafe,aloha@oceanbeachcafe.com,(415) 753-9352,https://www.oceanbeachcafe.com/,"San Francisco, USA",espresso bars,cafe
Dento Piano Cafe and Bar,dentopianocafebar@gmail.com,,https://www.dentopianocafebar.com/,"San Francisco, USA",espresso bars,cafe
Caffè dello Sport,mivan@caffedellosport.net,(617) 523-5063,https://www.caffedellosport.net/,"Boston, USA",espresso bars,cafe
Broadsheet Coffee Roasters,hi@broadsheetcoffee.com,(617) 945-2867,https://broadsheetcoffee.com/,"Boston, USA",espresso bars,cafe
Nine Bar Espresso,ninebarespresso.somerville@gmail.com,(617) 764-1915,https://www.ninebarespresso.net/,"Boston, USA",espresso bars,cafe
4th Ave Espresso Bar,olympic@fairmont.com,(206) 287-4008,https://www.fairmont.com/seattle/dining/fourth-ave-espresso-bar/,"Seattle, USA",espresso bars,cafe
Uptown Espresso - Belltown,office@uptownespresso.com,(206) 441-1084,https://www.uptownespresso.com/,"Seattle, USA",espresso bars,cafe
Cafe Allegro,wholesale@seattleallegro.com,(206) 633-3030,http://www.seattleallegro.com/,"Seattle, USA",espresso bars,cafe
Espresso Vivace Capitol Hill,info@espressovivace.com,(206) 860-2722,http://espressovivace.com/,"Seattle, USA",espresso bars,cafe
The Fonte Bar at Rainier Square,info@thefontebar.com,(206) 556-2790,https://www.thefontebar.com/,"Seattle, USA",espresso bars,cafe
Goldvine Coffee Bar & Gallery,info@goldvinecoffee.com,,https://www.goldvinecoffee.com/,"Seattle, USA",espresso bars,cafe
Hey Brew Espresso,info@heybrew.co.uk,07897 604081,http://www.heybrew.co.uk/,"Birmingham, UK",espresso bars,cafe
Fern Coffee Bar,hello@ferncoffee.co.uk,,http://www.ferncoffee.co.uk/,"Glasgow, UK",espresso bars,cafe
Papercup Coffee Company,info@papercupcoffee.co.uk,07719 454376,http://www.papercupcoffee.co.uk/,"Glasgow, UK",espresso bars,cafe
Pigeon Espresso Bar,pigeons@pigeonespressobar.com,(514) 447-9570,http://pigeoncafe.ca/,"Montreal, Canada",espresso bars,cafe
Eight Ounce Coffee,customers@eightouncecoffee.ca,(403) 457-9844,http://www.eightouncecoffee.ca/,"Calgary, Canada",espresso bars,cafe
Kinky Lizard Cafe Espresso Bar,info@kinkylizard.com.au,(08) 6381 0014,http://www.kinkylizard.com.au/,"Perth, Australia",espresso bars,cafe
Craic & Coffee,atendimento@dguests.com,085 748 1768,https://www.dguests.com/cardapio/craic.coffee01?fbclid=PAZXh0bgNhZW0CMTEAAaerk3PGF7rycn4EgkVXLY1KVucLthQCh7ZDs26Rm5NKrae0p_aFA3_ZNBnxUQ_aem_lnoE9FTrVTfT_rGB12yDVw,"Cork, Ireland",espresso bars,cafe
Zephyr Café & Bar,hello@zephyrcafe.co.nz,022 378 6951,https://www.zephyrcafe.co.nz/,"Wellington, New Zealand",espresso bars,cafe
The Beanery by Mojo,beanery@mojo.coffee,04 473 1903,https://mojo.coffee/collections/locations/products/beanery,"Wellington, New Zealand",espresso bars,cafe
Cha Bar,chabarkol@apeejaygroup.com,099109 94865,https://chabar.in/,"Delhi, India",espresso bars,cafe
Savorworks Coffee & Chocolate,info@savorworksroasters.com,087506 17272,https://www.savorworksroasters.com/,"Delhi, India",espresso bars,cafe
Café 27,help+70093@cusiq.ai,098112 78880,http://cafe27.in/,"Delhi, India",espresso bars,cafe
The Caffeine Baar Cafe & Roastery,info@thecaffeinebaar.com,096114 94141,https://www.thecaffeinebaar.com/,"Bangalore, India",espresso bars,cafe
Alchemy,sales@chanceryhotels.com,096119 81818,http://www.chanceryhotels.com/,"Bangalore, India",espresso bars,cafe
Cafe Noir,contact@cafenoir.in,080 4098 2050,https://cafenoir.in/,"Bangalore, India",espresso bars,cafe
Tropicalia Coffee,admin@tropicaliacoffee.com,322 6802553,https://www.tropicaliacoffee.com/,"Bogota, Colombia",cafes,cafe
Las Violetas,contacto@lasvioletas.com,011 4958-7387,http://www.lasvioletas.com/,"Buenos Aires, Argentina",cafes,cafe
DOC Café,cafeina@doccafe.com.ar,011 6196-5270,http://doccafe.com.ar/,"Buenos Aires, Argentina",cafes,cafe
The Homemade Cafe,thehomemadecafe4@gmail.com,070458 94299,http://thehomemadecafe.co.in/,"Mumbai, India",cafes,cafe
Aromas Café & Bistro,info@ihpl.asia,082911 66739,http://aromas.asia/,"Mumbai, India",cafes,cafe
dialog,hello@dialogphx.com,(602) 760-6911,http://dialogphx.com/,"Phoenix, USA",cafes,cafe
Urbe Cafe Bar,lojaonline@urbecafe.com.br,(11) 99344-8165,http://www.urbecafe.com.br/,"Sao Paulo, Brazil",cafes,cafe
London Coffee Station,londoncoffeestation@gmail.com,(11) 93099-1094,http://www.londoncoffeestation.com.br/,"Sao Paulo, Brazil",cafes,cafe
Um Coffee Co.,cafe@umcoffeeco.com.br,(11) 3229-3988,http://www.umcoffeeco.com.br/,"Sao Paulo, Brazil",cafes,cafe
Sterna Café - Jardins,sac@sternacafe.com.br,(11) 93801-0157,https://sternacafe.com.br/,"Sao Paulo, Brazil",cafes,cafe
MIA MIA Tokyo,hello@mia-mia.tokyo,,http://www.mia-mia.tokyo/,"Tokyo, Japan",cafes,cafe
Pokemon Cafe Tokyo Nihombashi,pokemon-cafe-cs@sld-inc.com,03-6262-3439,https://www.pokemon-cafe.jp/ja/cafe/,"Tokyo, Japan",cafes,cafe
Ninja Experience Cafe Harajuku In Tokyo,info@ninja-cafe.com,070-9117-2841,https://ninja-cafe.com/en/harajuku/,"Tokyo, Japan",cafes,cafe
Art House Cafe,info@azhadniaz.com,02 666 0175,http://www.azhadniaz.com/,"Abu Dhabi, UAE",cafes,cafe
Third Place - A Community Cafe,info@thethirdplaceuae.com,02 681 1877,http://www.thethirdplaceuae.com/,"Abu Dhabi, UAE",cafes,cafe
Café 302,almaha.arjaan@rotana.com,02 610 6666,https://www.rotana.com/almahaarjaanbyrotana/dining/cafethreezerotwo,"Abu Dhabi, UAE",cafes,cafe
Coffee Architecture,contact@thecoffeearchitecture.com,055 446 3433,http://www.thecoffeearchitecture.com/,"Abu Dhabi, UAE",cafes,cafe
Saddle House - Marsa Al Bateen,marketing@saddledubai.com,050 394 4802,http://www.saddledubai.com/,"Abu Dhabi, UAE",cafes,cafe
Tar Tar,bookings@tartarabuja.com,0810 830 6948,http://www.tartarabuja.com/,"Abuja, Nigeria",cafes,cafe
Akara Cafe Wuse,akaracafeoffice@gmail.com,0903 437 3438,http://akaracafe.wixsite.com/home,"Abuja, Nigeria",cafes,cafe
MANILA CAFE BISTRO,ask@manilacafe.ph,0917 678 3344,http://www.manilacafe.ph/,"Manila, Philippines",cafes,cafe
Commune Café + Bar + Roastery,havecoffee@commune.ph,0919 859 5848,http://www.commune.ph/,"Manila, Philippines",cafes,cafe
El Mundo Cafe,hello@elmundocafe.ph,0998 962 3405,http://www.elmundocafe.ph/,"Manila, Philippines",cafes,cafe
dropthebean,irene@dropthebean.com,(02) 8556 6140,http://www.dropthebean.com/,"Manila, Philippines",cafes,cafe
Gatvol coffee,info@gatvolcoffee.co.za,079 497 5819,http://www.gatvolcoffee.co.za/,"Durban, South Africa",coffee shops,cafe
Colombo Coffee & Tea Specialty Roastery,orders@colombo.co.za,031 563 3664,https://colombo.coffee/,"Durban, South Africa",coffee shops,cafe
Antique Cafe,manager@antiquecafe.co.za,081 444 1986,http://www.antiquecafe.co.za/,"Durban, South Africa",coffee shops,cafe
Milestones Coffee Abu Dhabi Mall,info@milestonescoffee.ae,02 583 6444,https://milestonescoffee.ae/,"Abu Dhabi, UAE",coffee shops,cafe
ARQA Lounge,manager_arqa@outlook.com,050 344 1196,https://arqalounge.com/,"Abu Dhabi, UAE",espresso bars,cafe
The Majlis,themajlis.shop@gmail.com,054 725 4180,https://themajlis.shop/,"Abu Dhabi, UAE",espresso bars,cafe
Colnago Abu Dhabi,colnago.abudhabi@colnago.com,02 562 2953,https://colnagocaffe.com/,"Abu Dhabi, UAE",espresso bars,cafe
Genzify Café & Culture Centre,hi@genzifyafrica.com,0812 451 9077,https://genzifyafrica.com/,"Abuja, Nigeria",espresso bars,cafe
