business_name,email,phone,website,city,category,niche
Flour + Time Bakery,flourandtimebakery@gmail.com,(470) 368-6588,http://www.flourandtimebakery.com/,"Atlanta, USA",vegan restaurant,restaurant
Flaky Not Flaky - Bake Shoppe and Chocolatarium,info@flakynotflaky.com,(770) 847-0427,http://www.flakynotflaky.com/,"Atlanta, USA",restaurant,restaurant
Doña Bakehouse Kuala Lumpur,connect@donabakehouse.com,018-782 8782,https://donabakehouse.com/,"Kuala Lumpur, Malaysia",restaurant,restaurant
La Boulangerie,info@laboulangerie.pt,21 395 1208,https://laboulangerie.pt/,"Lisbon, Portugal",restaurant,restaurant
Dylan Patisserie Makati,info@dylanpatisserie.com,0917 877 2999,https://www.dylanpatisserie.com/,"Manila, Philippines",breakfast restaurant,restaurant
Brunetti Oro Flinders Lane,yuri@brunettioro.com,(03) 9069 3169,https://brunettioro.com.au/?utm_source=local&utm_medium=organic&utm_campaign=gmb-listing_flinderslane,"Melbourne, Australia",italian restaurant,restaurant
La Industria Bakery & Cafe,info@laindustriabakery.com,(786) 803-8333,https://www.laindustriabakery.com/,"Miami, USA",brunch restaurant,restaurant
Cakes And Muffin House,info@cakesandmuffins.co.ke,0724 693103,http://www.cakesandmuffins.co.ke/,"Nairobi, Kenya",restaurant,restaurant
Boudin Bakery,info@bistroboudin.com,(415) 351-5561,https://www.bistroboudin.com/,"San Francisco, USA",restaurant,restaurant
Wholegreen Bakery & Cafe Sydney City,orders@wholegreenbakery.com.au,(02) 9286 3963,http://www.wholegreenbakery.com.au/,"Sydney, Australia",brunch restaurant,restaurant
o bistro,info@obistro.nl,,http://www.obistro.nl/,"Amsterdam, Netherlands",french restaurant,restaurant
Bistro Baret,info@bistrobaret.nl,020 622 5602,http://www.bistrobaret.nl/,"Amsterdam, Netherlands",bistro,restaurant
Bistro Berlage,info@bistroberlage.com,020 530 4146,https://www.bistroberlage.com/,"Amsterdam, Netherlands",bistro,restaurant
Bistrot Neuf,reserveringen@neuf.amsterdam,020 400 3210,https://neuf.amsterdam/,"Amsterdam, Netherlands",french restaurant,restaurant
Atrium - American Bistro & Martini Bar,info@atriumatl.com,(404) 600-3939,https://www.atriumatl.com/,"Atlanta, USA",restaurant,restaurant
Southern Bistro,info@southernbistroatl.com,(404) 705-8444,http://www.southernbistroatl.com/,"Atlanta, USA",brunch restaurant,restaurant
THE CHASTAIN - Restaurant,info@thechastainatl.com,(404) 257-6416,http://www.thechastainatl.com/,"Atlanta, USA",restaurant,restaurant
Bread & Butterfly,info@bread-and-butterfly.com,(678) 515-4536,http://www.bread-and-butterfly.com/,"Atlanta, USA",bistro,restaurant
The Garden Room,websitecontact@thegardenroomatlanta.com,(404) 600-6471,https://thegardenroomatlanta.com/,"Atlanta, USA",lounge bar,restaurant
Utopia Restaurant at the Underground Atlanta,info@utopialoungeatl.com,(470) 886-1803,https://utopialoungeatl.com/,"Atlanta, USA",restaurant,restaurant
Ziba's Bistro and Wine Bar,zibasbistro@gmail.com,(404) 622-4440,https://www.zibasbistroandwinebar.com/,"Atlanta, USA",restaurant,restaurant
Pacific Rim Bistro,pacificrimbistro@gmail.com,(404) 893-0018,http://www.pacificrimbistro.com/,"Atlanta, USA",sushi restaurant,restaurant
Fin & Feathers Restaurants,info@finandfeathersrestaurants.com,(404) 855-5524,http://www.finandfeathersrestaurants.com/,"Atlanta, USA",restaurant,restaurant
The Southern Gentleman,southerngentleman@sphospitality.com,(404) 939-9845,http://www.thesoutherngentlemanatl.com/,"Atlanta, USA",american restaurant,restaurant
Bistro Saine,bonjour@bistrosaine.co.nz,09 610 8404,https://bistrosaine.co.nz/,"Auckland, New Zealand",restaurant,restaurant
Hugo's Bistro,hello@hugosbistro.co.nz,09 320 4387,http://hugosbistro.co.nz/,"Auckland, New Zealand",restaurant,restaurant
Amano,events@savorgroup.co.nz,09 394 1416,https://savor.co.nz/amano,"Auckland, New Zealand",restaurant,restaurant
Bucks Bistro,manager@bucksbistro.co.nz,09 215 8435,https://www.bucksbistro.co.nz/,"Auckland, New Zealand",bistro,restaurant
Paname Social,hello@panamesocial.co.nz,09 884 0983,https://www.panamesocial.co.nz/?fbclid=PAAaaXQSPI3joeLPNoRLab4I5l7rWlAQLA_ECggdM8gEhv_l--75ubGUZiiQ4,"Auckland, New Zealand",bistro,restaurant
Le Garde-Manger,bookings@www.legardemanger.co.nz,09 362 0655,http://www.legardemanger.co.nz/,"Auckland, New Zealand",french restaurant,restaurant
Bar Magda,hi@barmagda.co.nz,021 127 9377,http://www.barmagda.co.nz/,"Auckland, New Zealand",restaurant,restaurant
Le Chef,booking@le-chef.co.nz,09 373 4723,https://le-chef.co.nz/,"Auckland, New Zealand",french restaurant,restaurant
Olivia Bistro,oliviabar.bcn@gmail.com,658 08 68 69,https://olivia-bistro.makro.rest/,"Barcelona, Spain",restaurant,restaurant
Algrano Bistro | Tamarit,info@algranobistro.com,640 39 99 88,http://www.algranobistro.com/,"Barcelona, Spain",restaurant,restaurant
Gourmet Sensi,gourmet@sensi.es,936 73 62 65,https://sensi.es/gourmet,"Barcelona, Spain",tapas restaurant,restaurant
Bistro Medina,bistro.medina@t-online.de,030 36419148,http://www.bistromedina.de/,"Berlin, Germany",restaurant,restaurant
Bistro Lebenswelten - Humboldt Forum,humboldtforum@lebenswelten.de,030 555705881,https://www.humboldtforum-lebenswelten.de/,"Berlin, Germany",bistro,restaurant
Belmondo,info@belmondo-berlin.de,030 36287261,http://www.belmondo-berlin.de/,"Berlin, Germany",bistro,restaurant
ITA Bistro,hello@ita-berlin.de,030 64328158,http://www.ita-berlin.de/,"Berlin, Germany",bistro,restaurant
Gina Bistrot,ginabistrot.berlin@gmail.com,01520 6216957,http://www.ginabistrot.com/,"Berlin, Germany",bistro,restaurant
PeterPaul,mail@peterpaul.berlin,030 43773043,http://peterpaul.berlin/,"Berlin, Germany",german restaurant,restaurant
Marie Antoinette | Restaurante Frances,servicioalcliente@restauranteseratta.com,322 7256479,https://www.restmarieantoinette.com/,"Bogotá, Colombia",french restaurant,restaurant
Cosette Andino,cosette.salitre@dlksa.net,321 2093722,http://www.cosettecafebistro.com/,"Bogotá, Colombia",french restaurant,restaurant
L' Orangerie Alvear Palace Hotel,restaurantes.aph@alvear.com.ar,011 4808-2100,http://alvearpalace.com/restaurantes-bares/restaurant-lorangerie/,"Buenos Aires, Argentina",restaurant,restaurant
Las Pizarras bistro,awright@specialtyvaluation.com,011 2190-8568,http://www.laspizarrasbistro.com/,"Buenos Aires, Argentina",bistro,restaurant
The Wes Bistro & Bar,info@thewes.co.za,082 770 3573,https://www.thewes.co.za/,"Cape Town, South Africa",restaurant,restaurant
Bistro Sixteen82,reservations@bistro1682.co.za,021 205 3866,https://steenbergfarm.com/bistro1682-cape-town-contemporary-restaurant/?utm_source=google&utm_medium=organic&utm_id=gbp-bistro-1682,"Cape Town, South Africa",restaurant,restaurant
The Bistro @ Klein Constantia,info@kleinconstantia.com,021 794 5188,https://www.kleinconstantia.com/the-bistro/,"Cape Town, South Africa",restaurant,restaurant
London Road Bistro,events@thehydehotel.com,021 434 0205,https://www.thehydehotel.com/venues,"Cape Town, South Africa",bistro,restaurant
Zest Restaurant,reservations@zestcapetown.co.za,021 010 7010,http://www.zestcapetown.co.za/,"Cape Town, South Africa",restaurant,restaurant
Bistro Monadnock,reso@bistromonadnock.com,(312) 945-7040,http://www.bistromonadnock.com/,"Chicago, USA",french restaurant,restaurant
Bistronomic,bistronomic@hotmail.com,(312) 944-8400,http://bistronomic.net/,"Chicago, USA",bistro,restaurant
River North Bistro,info@rivernorthbistrochicago.com,(312) 202-6055,http://www.rivernorthbistrochicago.com/,"Chicago, USA",american restaurant,restaurant
Village Bistro,info@thefirstcollection.ae,04 275 6621,https://www.thefirstcollection.ae/jvc/restaurants/village-bistro-rest/?utm_source=listings&utm_medium=organic&utm_campaign=villagebistro,"Dubai, UAE",restaurant,restaurant
Bistro Des Arts,info@bistrodesarts.ae,04 551 1576,http://www.bistrodesarts.ae/,"Dubai, UAE",restaurant,restaurant
Bistro Arabia by FashionTV,bistroarabiabyftv@gmail.com,058 900 0897,https://bistroarabiaftv.com/,"Dubai, UAE",restaurant,restaurant
Sal’s Bistro,media@bassili.co,050 788 0222,https://www.salsbistro.co/,"Dubai, UAE",bistro,restaurant
Bistrot Novanta Dubai,reservations@bistrotnovanta.com,050 125 5849,https://www.bistrotnovanta.com/,"Dubai, UAE",restaurant,restaurant
L'AUBERGE RESTAURANT,restoaubergedubai@gmail.com,04 451 6347,https://laubergerestaurant.com/,"Dubai, UAE",restaurant,restaurant
Nola Bijou Bistro & Bar,cwreservations@noladubai.com,04 334 4098,https://www.noladubai.com/,"Dubai, UAE",bistro,restaurant
La Serre Dubai,reservations@alpauae.com,052 377 3100,https://laserrecitywalk.com/,"Dubai, UAE",french restaurant,restaurant
PHX Bistro,phxbistro@gmail.com,(01) 611 1161,http://www.phxbistro.com/,"Dublin, Ireland",bistro,restaurant
Chez Max,chezmaxpalace@gmail.com,(01) 633 7215,https://chezmax.com/,"Dublin, Ireland",french restaurant,restaurant
Sparks Bistro,info@sparksbistro.com,(01) 873 0003,http://www.sparksbistro.com/,"Dublin, Ireland",bistro,restaurant
l'Gueuleton,cestbon@lgueuleton.com,087 939 3608,https://lgueuleton.com/,"Dublin, Ireland",bistro,restaurant
Bijou Bistro,reservations@bijourathgar.ie,(01) 496 1518,http://bijourathgar.ie/,"Dublin, Ireland",cocktail bar,restaurant
Bloom Brasserie,info@bloombrasserie.ie,(01) 668 7170,http://www.bloombrasserie.ie/,"Dublin, Ireland",restaurant,restaurant
The Bank on College Green,info@bankoncollegegreen.com,(01) 677 0677,http://www.bankoncollegegreen.com/,"Dublin, Ireland",european restaurant,restaurant
Fitzers Bistro & Bar,info@fitzers.ie,(01) 255 4499,https://fitzers.ie/,"Dublin, Ireland",bistro,restaurant
"Roly's Bistro & Roly's Heated Terrace Restaurant, Cocktail & Wine Bar",ireland@rolysbistro.ie,(01) 668 2611,https://rolysbistro.ie/,"Dublin, Ireland",bistro,restaurant
Bistro Le Cep,junior@bistro-le-cep.com,(713) 783-3985,http://www.bistro-le-cep.com/,"Houston, USA",french restaurant,restaurant
Salento Bistrot,info@salentobistrot.com,(713) 528-7478,https://salentobistrot.com/,"Houston, USA",spanish restaurant,restaurant
Q Bistro Semarak (Jalan Tun Razak),info@hajris.com.my,018-304 7822,https://qbistro.com/,"Kuala Lumpur, Malaysia",indian restaurant,restaurant
Sarastro KL by Millennium,hello@sarastrokl.com.my,03-2727 2280,https://sarastrokl.com.my/,"Kuala Lumpur, Malaysia",restaurant,restaurant
Brasserie Léon,info@brasserie-leon.com,03-2011 3659,https://www.brasserie-leon.com/,"Kuala Lumpur, Malaysia",french restaurant,restaurant
Étoile Bistro at EQ,info@kul.equatorial.com,03-2789 7777,https://www.eqkualalumpur.equatorial.com/dining/etoile/?utm_source=local&utm_medium=organic&utm_campaign=GoogleMyBusiness&utm_content=Etoile+GMB,"Kuala Lumpur, Malaysia",restaurant,restaurant
Entier French Dining,bonjour@entierfrenchdining.com,03-2268 3819,http://entierfrenchdining.com/,"Kuala Lumpur, Malaysia",french restaurant,restaurant
Yeast Bistronomy,enquiries@yeastgroup.my,03-2282 0118,http://www.yeastgroup.my/,"Kuala Lumpur, Malaysia",bistro,restaurant
Cafe Bistrot David,info@cafebistrotdavid.com,018-912 0332,http://www.cafebistrotdavid.com/,"Kuala Lumpur, Malaysia",bistro,restaurant
The Brasserie,thebrasserie@stregis.com,03-2727 6696,https://www.thebrasseriekl.com/,"Kuala Lumpur, Malaysia",restaurant,restaurant
Choco's Bistro Oduduwa Way,reservations@bedrockresidencies.com,0812 882 4588,https://bedrockresidencies.com/restaurant/,"Lagos, Nigeria",bistro,restaurant
Piano Bistro Restaurant,info@thedelborough.com,,https://www.thedelborough.com/,"Lagos, Nigeria",restaurant,restaurant
Brasserie Zedel,reservations@brasseriezedel.com,020 7734 4888,http://www.brasseriezedel.com/,"London, UK",french restaurant,restaurant
Boro Bistro,helloborobistro@gmail.com,020 7378 0788,http://borobistro.co.uk/,"London, UK",french restaurant,restaurant
Brother Marcus Borough,enquiries@brothermarcus.co.uk,020 3146 4001,https://brothermarcus.co.uk/locations/boroughyards/,"London, UK",mediterranean restaurant,restaurant
Bistrot at Wild Honey,dining.stjames@sofitel.com,020 7747 2200,https://www.wildhoneylondon.co.uk/bistrotatwildhoney/,"London, UK",restaurant,restaurant
Bleeding Heart Bistro,bookings@bleedingheart.co.uk,020 7242 8238,http://www.bleedingheart.co.uk/,"London, UK",french restaurant,restaurant
Old Compton Brasserie,bookings@oldcomptonbrasserie.co.uk,020 7434 2214,http://www.oldcomptonbrasserie.co.uk/,"London, UK",restaurant,restaurant
Bouchon Racine,bonjour@bouchonracine.com,020 7253 3368,https://www.bouchonracine.com/new-home,"London, UK",french restaurant,restaurant
64 Goodge Street,info@64goodgestreet.co.uk,020 3747 6364,http://64goodgestreet.co.uk/,"London, UK",french restaurant,restaurant
Il Bistrotto - London,info@ilbistrottolondon.com,020 3793 4533,https://ilbistrottolondon.com/#,"London, UK",bistro,restaurant
Bistro Freddie,info@bistrofreddie.com,020 8050 0374,https://www.bistrofreddie.com/,"London, UK",bistro,restaurant
Boulevard Brasserie,bookings@boulevardbrasserie.co.uk,020 7240 2992,http://www.boulevardbrasserie.co.uk/,"London, UK",french restaurant,restaurant
Le Garrick,info@legarrick.co.uk,020 7240 7649,https://www.legarrick.co.uk/,"London, UK",french restaurant,restaurant
Baby Bistro,info@babybistrola.com,(213) 266-8784,https://babybistrola.com/,"Los Angeles, USA",bistro,restaurant
A Food Affair,afoodaffair@gmail.com,(310) 557-9795,http://afoodaffair.com/,"Los Angeles, USA",french restaurant,restaurant
Delices Du Chef,hello@delicesduchef.us,(424) 263-4759,http://www.delicesduchef.us/,"Los Angeles, USA",bistro,restaurant
Blacklock Manchester,hello@theblacklock.com,0161 414 0225,https://theblacklock.com/restaurants/manchester/,"Manchester, UK",steak house,restaurant
THE BRASSERIE,info@mercuremanchester.co.uk,0161 751 1412,https://www.mercuremanchester.co.uk/manchester-restaurant/,"Manchester, UK",restaurant,restaurant
Higher Ground,hello@highergroundmcr.co.uk,0161 470 9821,http://highergroundmcr.co.uk/,"Manchester, UK",british restaurant,restaurant
The Sparrows Continental Pasta & Spätzle,info@thesparrows.me,0161 302 6267,https://thesparrows.me/,"Manchester, UK",dumpling restaurant,restaurant
Albert's Schloss - Manchester,events@albertsschloss.co.uk,0161 833 4040,https://albertsschloss.com/location/manchester/,"Manchester, UK",bar,restaurant
Cosy Club,manchesterbookings@cosyclub.co.uk,0161 933 8255,https://cosyclub.co.uk/location/manchester/,"Manchester, UK",british restaurant,restaurant
Adam Reid at The French,info@adam-reid.co.uk,,http://www.the-french-manchester.co.uk/,"Manchester, UK",french restaurant,restaurant
Bon Ap' Petit Bistro,info@bonap.com.au,(03) 9415 9450,https://www.bonap.com.au/,"Melbourne, Australia",french restaurant,restaurant
Bistrot Bisou,bonjour@bistrotbisou.com.au,(03) 9612 5757,http://www.bistrotbisou.com.au/,"Melbourne, Australia",french restaurant,restaurant
Bistro Gitan,info@bistrogitan.com.au,(03) 9867 5853,http://www.bistrogitan.com.au/,"Melbourne, Australia",bistro,restaurant
Bistro Voliere,info@bistrovoliere.com.au,(03) 8797 2534,http://bistrovoliere.com.au/,"Melbourne, Australia",bistro,restaurant
Bistra,info@bistracarlton.com.au,(03) 9000 5607,https://www.bistracarlton.com.au/,"Melbourne, Australia",restaurant,restaurant
The European,info@theeuropean.com.au,(03) 9654 0811,http://www.theeuropean.com.au/,"Melbourne, Australia",european restaurant,restaurant
Chez Olivier Le Bistro,olivier@chezolivier.com.au,(03) 9525 2273,http://www.chezolivier.com.au/,"Melbourne, Australia",bistro,restaurant
Chancery Lane,info@chancerylane.com.au,(03) 9089 7598,http://www.chancerylane.com.au/,"Melbourne, Australia",restaurant,restaurant
Tartine,info@tartine.com.au,(03) 9428 3339,http://www.tartine.com.au/,"Melbourne, Australia",french restaurant,restaurant
Le Petit Bistro,info@lepetitbistro.com.au,(03) 9822 1161,https://lepetitbistro.com.au/,"Melbourne, Australia",french restaurant,restaurant
French Saloon,info@frenchsaloon.com,(03) 9600 2142,https://frenchsaloon.com/,"Melbourne, Australia",restaurant,restaurant
Bistró Chapultepec,rrppbistro@cmr.mx,55 3933 0616,http://bistrochapultepec.com/,"Mexico City, Mexico",restaurant,restaurant
American Bistro🍔 American Restaurant Miami Beach,contact@americanbistromiamibeach.com,(305) 413-2465,https://americanbistromiamibeach.com/,"Miami, USA",american restaurant,restaurant
Bistro Ocho,hi@bistro8miami.com,(305) 456-4543,http://www.bistro8miami.com/,"Miami, USA",restaurant,restaurant
Bianco Bistro Cafe,biancobistrocafe@gmail.com,(786) 762-2459,http://biancobistro.com/,"Miami, USA",restaurant,restaurant
Oliver's Bistro,oliversbistro959@gmail.com,(305) 535-3050,http://www.oliversmiamibeach.com/,"Miami, USA",restaurant,restaurant
OUI Bistrot,contact@ouibistrot.com,(305) 395-8011,https://www.ouibistrot.com/,"Miami, USA",french restaurant,restaurant
Café Bastille Downtown Miami,contact@cafebastilledowntown.com,(786) 425-3575,http://www.cafebastilledowntown.com/,"Miami, USA",brunch restaurant,restaurant
Mandolin Aegean Bistro,reservations@mandolinmiami.com,(305) 749-9140,https://www.mandolinrestaurant.com/,"Miami, USA",bistro,restaurant
Le Jardin Bistro NYC,info@lejardinbistronyc.com,(212) 228-0909,https://www.lejardinbistronyc.com/,"New York City, USA",bistro,restaurant
LOULOU,events@loulounyc.com,(212) 337-9577,https://www.loulounyc.com/,"New York City, USA",french restaurant,restaurant
Mino Brasserie,minobrasserie@gmail.com,(845) 524-9006,https://minobrasserie.com/,"New York City, USA",bistro,restaurant
Le Rivage,info@lerivagenyc.com,(212) 765-7374,https://lerivagenyc.com/#about,"New York City, USA",french restaurant,restaurant
Le Gratin,infolegratin@danielboulud.com,(212) 597-9020,http://www.legratinnyc.com/,"New York City, USA",bistro,restaurant
BSTRO 38,info@bstro38.com,(212) 944-0990,http://bstro38.com/,"New York City, USA",bistro,restaurant
Le Coucou,lecoucou.reservations@starr-restaurant.com,(212) 271-4252,https://www.lecoucou.com/?utm_source=GoogleBusinessProfile&utm_medium=Website&utm_campaign=MapLabs,"New York City, USA",restaurant,restaurant
Le Parisien Bistrot,leparisiennyc@gmail.com,(212) 889-5489,http://www.leparisiennyc.com/,"New York City, USA",french restaurant,restaurant
Benoit New York,bistrot@benoitny.com,(646) 943-7373,http://www.benoitny.com/,"New York City, USA",bistro,restaurant
Grand Brasserie,info@vizz.group,(929) 577-4446,https://www.grandbrasserie.com/,"New York City, USA",french restaurant,restaurant
Bistrot Victoires,contact@paris-bistro.com,01 42 61 43 78,http://www.paris-bistro.com/choisir/paris1/bistrot-des-victoires,"Paris, France",bistro,restaurant
Brasserie Bellanger,ondiscute@lanouvellegarde.com,09 54 00 99 65,https://nouvellegardegroupe.fr/,"Paris, France",restaurant,restaurant
Le bistrot,lebistrot75010@gmail.com,09 81 27 24 40,https://le-bistrot-paris.eatbu.com/,"Paris, France",bar,restaurant
Sottise,hello@sottisephx.com,(602) 254-6378,http://www.sottisephx.com/,"Phoenix, USA",restaurant,restaurant
Local Bistro,events@localbistroaz.com,(480) 302-6050,http://localbistroaz.com/,"Phoenix, USA",bistro,restaurant
El Zaguan Bistro,admin@elzaguanbistro.com,(602) 877-3033,https://www.elzaguanbistro.com/,"Phoenix, USA",mexican restaurant,restaurant
Nassim Hill Bakery Bistro Bar,nassimhill@imaginings.com.sg,9099 6405,http://www.nassimhill.com.sg/,Singapore,bistro,restaurant
Chip Bee Bistro,host@chipbeebistro.com,,https://www.chipbeebistro.com/,Singapore,bistro,restaurant
Filo Bistro,hello@filobistro.com,8347 5888,https://www.filobistro.com/,Singapore,bistro,restaurant
Bistro Papillon,bonjour@bistropapillon.com.au,(02) 9262 2402,https://www.bistropapillon.com.au/,"Sydney, Australia",bistro,restaurant
Bistro George,media@jacksonsongeorge.com.au,(02) 8027 9997,https://jacksonsongeorge.com.au/bistro-george/,"Sydney, Australia",bistro,restaurant
Bistro Rex Restaurant,hello@bistrorex.com.au,(02) 9332 2100,http://www.bistrorex.com.au/,"Sydney, Australia",french restaurant,restaurant
Bistro St Jacques,info@bistrostjacques.com.au,0478 705 704,https://www.bistrostjacques.com.au/,"Sydney, Australia",bistro,restaurant
"Loulou Bistro, Boulangerie & Traiteur",hello@loulou.sydney,(02) 8000 7800,https://loulou.sydney/,"Sydney, Australia",french restaurant,restaurant
The Bistro 19,hello@thebistro19.com.au,0478 744 494,https://thebistro19.com.au/,"Sydney, Australia",restaurant,restaurant
Bistro Moncur,reservations@bistromoncur.com,(02) 9327 9713,http://www.bistromoncur.com.au/,"Sydney, Australia",french restaurant,restaurant
Bistro Mosman,dine@bistromosman.com.au,(02) 9969 7022,https://www.thebuena.com.au/bistromosman/,"Sydney, Australia",mediterranean restaurant,restaurant
Manon Brasserie,bookings@manonbrasserie.com.au,(02) 9051 2008,https://www.manonbrasserie.com.au/?gclid=Cj0KCQjwqPGUBhDwARIsANNwjV7JFrjVKr54nEuP9x-3At_yqkYaW3c9fPcllCjlwVwZ-6JvQyx4tZQaAi4PEALw_wcB,"Sydney, Australia",breakfast restaurant,restaurant
Bistro Ebony,manager@bistroebony.com.au,(02) 9150 5230,https://www.bistroebony.com.au/,"Sydney, Australia",restaurant,restaurant
Bistrot de Paris,contato@bistrotdeparis.com.br,(11) 3063-1675,https://bistrotdeparis.com.br/,"São Paulo, Brazil",bistro,restaurant
Bistrô L’Hotel,reservations@portobay.pt,(11) 2183-0500,https://www.portobay.com/en/restaurants/restaurants-sao-paulo/bistro-lhotel/,"São Paulo, Brazil",restaurant,restaurant
Le Bife,contato@lebife.com.br,(11) 4324-0783,http://www.lebife.com.br/,"São Paulo, Brazil",restaurant,restaurant
LE BISTRO,lebistro@huge.co.jp,03-6635-1030,https://www.huge.co.jp/restaurant/french/lebistro,"Tokyo, Japan",french restaurant,restaurant
The Bistro,info@hotel-chinzanso.com,03-3943-6936,http://hotel-chinzanso-tokyo.jp/restaurant/bistro/,"Tokyo, Japan",bistro,restaurant
Chez Olivier,chezolivier@chezolivier.co.jp,050-5487-1412,http://www.chezolivier.co.jp/index.html,"Tokyo, Japan",french restaurant,restaurant
Le Baratin,lebaratinyyz@gmail.com,(416) 534-8800,http://www.lebaratin.ca/,"Toronto, Canada",bistro,restaurant
Cheffry's Artisanal Bistro,cheffry@cheffrysbistro.com,(437) 996-7357,https://cheffrysbistro.com/,"Toronto, Canada",restaurant,restaurant
Jules Bistro,924queenwest@bistro-jules.com,(416) 533-5454,http://www.bistro-jules.com/,"Toronto, Canada",bistro,restaurant
Maison T,maisont@maisontbistro.com,(416) 551-9898,http://www.maisontbistro.com/,"Toronto, Canada",restaurant,restaurant
Muse Bistro + Bar,salut@musebistroandbar.com,(416) 572-7200,https://musebistroandbar.com/,"Toronto, Canada",bistro,restaurant
Jazz Bistro,events@jazzbistro.ca,(416) 363-5299,https://jazzbistro.ca/,"Toronto, Canada",restaurant,restaurant
The Broadview Bistro + Bar,info@thebroadviewhotel.ca,(416) 362-8439,https://www.thebroadviewhotel.ca/,"Toronto, Canada",restaurant,restaurant
Alouette Bistro,info@alouettevancouver.com,(604) 689-8862,http://alouettevancouver.com/,"Vancouver, Canada",french restaurant,restaurant
Absinthe Bistro,info@bistroabsinthe.com,(604) 566-9053,http://www.bistroabsinthe.com/,"Vancouver, Canada",bistro,restaurant
Bacchus Restaurant & Lounge,catering@wedgewoodhotel.com,(604) 608-5319,https://wedgewoodhotel.com/dining/bacchus-restaurant/,"Vancouver, Canada",european restaurant,restaurant
L'Abattoir,info@labattoir.ca,(604) 568-1701,https://www.labattoir.ca/,"Vancouver, Canada",restaurant,restaurant
Scarlett Green,reservations@daisygreenfood.com,020 3653 2010,http://www.daisygreenfood.com/,"London, UK",breakfast restaurant,restaurant
République Café Bakery & République Restaurant,events@republiquela.com,(310) 362-6115,http://www.republiquela.com/,"Los Angeles, USA",french restaurant,restaurant
In Common NYC - A Breakfast & Brunch Restaurant,weare@incommonnyc.com,(646) 370-3099,https://www.incommonnyc.com/,"New York City, USA",breakfast restaurant,restaurant
Grace Street Coffee & Desserts,hello@bygracestreet.com,(917) 540-2776,https://www.bygracestreet.com/,"New York City, USA",dessert restaurant,restaurant
Cafe Sydney Restaurant,reservations@cafesydney.com,(02) 9251 8683,http://www.cafesydney.com/,"Sydney, Australia",cocktail bar,restaurant
Vogue Cafe Sydney,reservations@voguecafe.au,(02) 8529 8850,https://voguecafe.au/,"Sydney, Australia",restaurant,restaurant
11:59 Bar:Café,info@1159barcafe.com,(416) 730-8019,http://www.1159barcafe.com/,"Toronto, Canada",restaurant,restaurant
The Pantry,info@thepantry.nl,020 620 0922,https://www.thepantry.nl/?redirect=yes,"Amsterdam, Netherlands",dutch restaurant,restaurant
Black and Blue,info@restaurantblackandblue.nl,020 625 0807,https://www.restaurantblackandblue.nl/,"Amsterdam, Netherlands",steak house,restaurant
Restaurant Olijfje,info@restaurantolijfje.nl,020 330 4444,https://www.restaurantolijfje.nl/en,"Amsterdam, Netherlands",mediterranean restaurant,restaurant
De Blauwe Hollander,info@deblauwehollander.nl,020 627 0521,https://deblauwehollander.nl/,"Amsterdam, Netherlands",dutch restaurant,restaurant
Blue Amsterdam,welcome@blue-amsterdam.nl,020 427 3901,http://www.blue-amsterdam.nl/,"Amsterdam, Netherlands",restaurant,restaurant
Florentin brunch,info@florentinbrunch.com,020 770 5984,http://florentinbrunch.com/,"Amsterdam, Netherlands",brunch restaurant,restaurant
The Seafood Bar,info@theseafoodbar.com,020 261 1563,https://www.theseafoodbar.com/,"Amsterdam, Netherlands",seafood restaurant,restaurant
Restaurant De Belhamel,info@belhamel.nl,020 622 1095,https://www.belhamel.nl/,"Amsterdam, Netherlands",french restaurant,restaurant
Moeders,info@moeders.com,020 626 7957,http://www.moeders.com/,"Amsterdam, Netherlands",dutch restaurant,restaurant
Restaurant Zaza's,info@zazas.nl,020 673 6333,http://www.zazas.nl/,"Amsterdam, Netherlands",restaurant,restaurant
Pesca Seafood Restaurant Amsterdam,hamburg@pesca.restaurant,020 334 5136,https://pesca.restaurant/,"Amsterdam, Netherlands",seafood restaurant,restaurant
Restaurant Black Olive Amsterdam,info@restaurantblackolive.nl,06 28079666,http://www.restaurantblackolive.nl/,"Amsterdam, Netherlands",restaurant,restaurant
Senses Restaurant,welcome@sensesrestaurant.nl,020 530 6266,http://www.sensesrestaurant.nl/,"Amsterdam, Netherlands",restaurant,restaurant
Café-Restaurant Amsterdam,info@cradam.nl,020 682 2666,https://cradam.nl/,"Amsterdam, Netherlands",restaurant,restaurant
Café restaurant van Kerkwijk,gaspard@qodeinteractive.com,020 620 3316,https://www.vankerkwijk.com/,"Amsterdam, Netherlands",restaurant,restaurant
Umami by Han Amsterdam,hello@villenoir.com,020 280 1379,http://umami-restaurant.com/,"Amsterdam, Netherlands",asian fusion restaurant,restaurant
BLESS Restaurant,hello@bless-restaurants.com,030 20619795,https://bless-restaurants.com/,"Berlin, Germany",asian restaurant,restaurant
Schnitzelei Mitte,mitte@schnitzelei.de,030 32519422,https://schnitzelei.de/mitte/,"Berlin, Germany",german restaurant,restaurant
Zur Gerichtslaube,info@gerichtslaube.de,030 2415697,http://www.gerichtslaube.de/,"Berlin, Germany",german restaurant,restaurant
Amrit,info@amrit.de,030 28884840,https://www.amrit.de/,"Berlin, Germany",indian restaurant,restaurant
Restaurant Facil,welcome@facil.de,030 590051234,https://facil.de/de/,"Berlin, Germany",fine dining restaurant,restaurant
Gaffel Haus Berlin - Das Kölsche Konsulat in der Hauptstadt,berlin@gaffel-haus.de,030 31011693,http://www.gaffel-haus-berlin.de/,"Berlin, Germany",german restaurant,restaurant
Restaurant Trattoria Portofino,info@portofino-trattoria.de,030 23910610,http://www.portofino-trattoria.de/,"Berlin, Germany",italian restaurant,restaurant
Boulevard Friedrichstrasse,mail@boulevard-friedrichstrasse.de,030 2833437,http://www.boulevard.berlin/,"Berlin, Germany",german restaurant,restaurant
Alt-Berliner Wirtshaus,wirtshaus@hamanns-gastronomie.de,030 22488205,http://www.altberliner-wirtshaus.de/,"Berlin, Germany",german restaurant,restaurant
Ständige Vertretung,berlin@staev.de,030 2823965,https://www.staev.de/berlin-mitte.html,"Berlin, Germany",german restaurant,restaurant
Dicke Wirtin,post@dicke-wirtin.de,030 3124952,https://dicke-wirtin.de/,"Berlin, Germany",german restaurant,restaurant
Restauration 1840,restaurant@berlin-1840.de,030 24727401,https://www.berlin-1840.de/,"Berlin, Germany",german restaurant,restaurant
Alla Vita,info@allavitachicago.com,(312) 667-0104,https://www.allavitachicago.com/,"Chicago, USA",restaurant,restaurant
Boka,events@bokachicago.com,(312) 337-6070,http://www.bokachicago.com/,"Chicago, USA",american restaurant,restaurant
The Berghoff Restaurant,jamaal@berghoff.com,(312) 427-3170,https://www.theberghoff.com/,"Chicago, USA",german restaurant,restaurant
Roanoke Restaurant,info@roanokehospitality.com,(312) 361-3800,http://www.theroanokerestaurant.com/,"Chicago, USA",cocktail bar,restaurant
Cindy's Rooftop,cindysinfo@caa.bokagrp.com,(312) 792-3502,http://www.cindysrooftop.com/,"Chicago, USA",restaurant,restaurant
Bungalow,reservation@alifehospitality.com,(713) 393-7868,https://bungalowdining.com/,"Houston, USA",steak house,restaurant
State of Grace,eventsstateofgrace@rocketfarmrestaurants.com,(832) 942-5080,http://www.stateofgracetx.com/,"Houston, USA",american restaurant,restaurant
JOEY Uptown,accessibility@joeyrestaurants.com,(346) 646-5639,https://joeyrestaurants.com/location/joey-uptown,"Houston, USA",restaurant,restaurant
Nancy's Hustle,info@nancyshustle.com,(346) 571-7931,http://nancyshustle.com/,"Houston, USA",american restaurant,restaurant
La Fisheria,lafisheria.downtown@gmail.com,(713) 802-1712,http://www.lafisheriahtx.com/,"Houston, USA",mexican restaurant,restaurant
Josephine's,josephinesgulfcoast@gmail.com,(713) 527-8988,https://josephinesgulfcoasttradition.com/,"Houston, USA",seafood restaurant,restaurant
Moxies Houston Restaurant,jdesjardins@eatzhospitality.com,(346) 571-6164,https://moxies.com/restaurants/houston?utm_source=GMB&utm_medium=google-location-listing&utm_campaign=organic,"Houston, USA",restaurant,restaurant
Tattu London,london@tattu.co.uk,020 3778 1985,https://tattu.co.uk/locations/tattu-london/,"London, UK",asian restaurant,restaurant
HIDE,info@hide.co.uk,020 3146 8666,https://hide.co.uk/?utm_source=gbp&utm_medium=organic,"London, UK",fine dining restaurant,restaurant
The Wolseley,reservations@thewolseley.com,020 7499 6996,http://www.thewolseley.com/,"London, UK",british restaurant,restaurant
Rules,pr@rules.co.uk,020 7836 5314,http://www.rules.co.uk/,"London, UK",british restaurant,restaurant
Blacklock Covent Garden,coventgarden@theblacklock.com,020 3034 1394,https://theblacklock.com/coventgarden-reservations/?utm_source=GMB&utm_medium=website+click&utm_campaign=SDM&utm_id=GMB,"London, UK",restaurant,restaurant
Berners Tavern,eh.loneb.events@editionhotels.com,020 7908 7979,http://www.bernerstavern.com/,"London, UK",british restaurant,restaurant
Ekstedt at The Yard,enquiries.ekstedt@greatscotlandyard.com,020 7925 4749,https://www.ekstedtattheyard.com/,"London, UK",scandinavian restaurant,restaurant
Bantof,info@bantof.com,07548 373755,https://bantof.com/,"London, UK",restaurant,restaurant
OMA,hello@oma.london,020 8129 6760,http://oma.london/,"London, UK",greek restaurant,restaurant
Nonos,contact@nonos.co.uk,020 7278 9700,http://nonos.co.uk/,"London, UK",greek restaurant,restaurant
Osteria romana,info@osteriaromana.co.uk,020 7584 5819,http://osteriaromana.co.uk/,"London, UK",italian restaurant,restaurant
Inca London,reservations@incalondon.com,020 7734 6066,http://www.incalondon.com/home,"London, UK",south american restaurant,restaurant
Redbird,info@redbird.la,(213) 788-1191,http://www.redbird.la/,"Los Angeles, USA",brunch restaurant,restaurant
Oste,ostelosangeles@outlook.com,(323) 413-2372,http://ostelosangeles.com/,"Los Angeles, USA",italian restaurant,restaurant
Farmer's Daughters,info@farmersdaughters.com.au,(03) 9116 8682,https://www.farmersdaughters.com.au/?utm_source=Google&utm_medium=GMB&utm_campaign=Map,"Melbourne, Australia",restaurant,restaurant
NOMAD Melbourne,eat@nomad.melbourne,(03) 9021 5240,https://nomad.melbourne/,"Melbourne, Australia",restaurant,restaurant
Maha Restaurant,admin@maharestaurant.com.au,(03) 9629 5900,http://maharestaurant.com.au/,"Melbourne, Australia",middle eastern restaurant,restaurant
Freyja,hello@freyjarestaurant.com,(03) 8688 7141,https://www.freyjarestaurant.com/,"Melbourne, Australia",restaurant,restaurant
Gimlet,frontdesk@gimlet.melbourne,(03) 9277 9777,https://gimlet.melbourne/,"Melbourne, Australia",restaurant,restaurant
La Cucina Melbourne,info@lacucinamelbourne.com.au,(03) 8456 7682,https://www.lacucinamelbourne.com.au/,"Melbourne, Australia",italian restaurant,restaurant
Supernormal,info@supernormal.net.au,(03) 9650 8688,http://www.supernormal.net.au/,"Melbourne, Australia",asian fusion restaurant,restaurant
Palermo,info@palermo.melbourne,(03) 9002 1600,https://www.palermo.melbourne/?utm_source=google&utm_medium=gmb,"Melbourne, Australia",argentinian restaurant,restaurant
Tipo 00,eat@tipooo.com.au,(03) 9942 3946,https://www.tipo00.com.au/,"Melbourne, Australia",italian restaurant,restaurant
Vue de monde,vuedemonde@vuedemonde.com.au,(03) 9691 3888,http://www.vuedemonde.com.au/,"Melbourne, Australia",fine dining restaurant,restaurant
Kiss & Tell,info@mamasdininggroup.com.au,(03) 9095 6614,http://kissandtell.melbourne/,"Melbourne, Australia",asian fusion restaurant,restaurant
Society,bookings@societyrestaurant.com,(03) 8618 8900,https://www.societyrestaurant.com/,"Melbourne, Australia",restaurant,restaurant
The George on Collins,info@thegeorgeoncollins.com.au,(03) 9663 7226,http://www.thegeorgeoncollins.com.au/,"Melbourne, Australia",asian restaurant,restaurant
Sezar Restaurant,info@sezar.com.au,(03) 9663 9882,http://sezar.com.au/,"Melbourne, Australia",eastern european restaurant,restaurant
MoVida,reservations@movida.com.au,(03) 9663 3038,https://www.movida.com.au/,"Melbourne, Australia",spanish restaurant,restaurant
Osteria Ilaria,eat@osteriailaria.com,(03) 9642 2287,http://www.osteriailaria.com/,"Melbourne, Australia",italian restaurant,restaurant
Chin Chin,eat@chinchinrestaurant.com.au,(03) 8663 2000,https://www.chinchin.melbourne/,"Melbourne, Australia",asian restaurant,restaurant
Meatmaiden,info@meatmaiden.com.au,(03) 9078 7747,http://www.meatmaiden.com.au/,"Melbourne, Australia",steak house,restaurant
Crazy About You,info@passionrestaurantgroup.com,(305) 377-4442,https://passionrestaurantgroup.com/restaurants/crazy-about-you/,"Miami, USA",american restaurant,restaurant
CASA NEOS,reservations@casa-neos.com,(305) 800-6367,https://www.casa-neos.com/,"Miami, USA",mediterranean restaurant,restaurant
Gordon Ramsay Hell's Kitchen - Miami,rgrhigh@gordonramsay.com,(786) 688-0082,https://www.gordonramsayrestaurants.com/en/us/hells-kitchen/locations/miami,"Miami, USA",restaurant,restaurant
Komodo Miami,info@komodomiami.com,(305) 534-2211,https://komodomiami.com/,"Miami, USA",restaurant,restaurant
Fiore Caffe Miami,fiorecafemiami@gmail.com,(786) 558-5152,https://fiorecaffemiami.com/,"Miami, USA",breakfast restaurant,restaurant
Mayami Wynwood,info@mayamiwynwood.com,(786) 660-1341,https://www.mayamiwynwood.com/,"Miami, USA",restaurant,restaurant
Marabu Restaurant,hello@maraburestaurant.com,(786) 598-8012,https://www.maraburestaurant.com/,"Miami, USA",restaurant,restaurant
Moxies Miami Restaurant,adeleon@eatzhospitality.com,(305) 549-8997,https://moxies.com/restaurants/miami-mary-brickell?utm_source=GMB&utm_medium=google-location-listing&utm_campaign=organic,"Miami, USA",restaurant,restaurant
Santorini by Georgios,groups@santorinibygeorgios.com,(305) 672-6624,https://santorinibygeorgios.com/,"Miami, USA",greek restaurant,restaurant
Nusr-Et Steakhouse,michelle.sabel@nusr-etus.com,(305) 415-9990,https://www.nusr-et.com.tr/distinctive-venues/miami.5.aspx?&utm_source=google+business+profile&utm_medium=organic&utm_content=gbp+link+website&utm_creative_format=gbp+link+website&business_id=15624168890025590037,"Miami, USA",steak house,restaurant
La Grande Boucherie,contact_chicago@boucherieus.com,(212) 510-7714,https://www.boucherieus.com/,"New York City, USA",french restaurant,restaurant
The Smith,info@thesmithrestaurant.com,(212) 685-4500,https://thesmithrestaurant.com/location/nomad/,"New York City, USA",american restaurant,restaurant
Butter,reservations@butterrestaurant.com,(646) 719-1364,http://www.butterrestaurant.com/,"New York City, USA",american restaurant,restaurant
1803 NYC,1803nyc@gmail.com,(212) 267-3000,https://1803nyc.com/,"New York City, USA",cajun restaurant,restaurant
Eataly,customerservice@eataly.com,(212) 897-2895,https://www.eataly.com/us_en/stores/nyc-downtown/restaurants,"New York City, USA",italian restaurant,restaurant
Minetta Tavern,events@minettatavernny.com,(212) 475-3850,http://www.minettatavernny.com/,"New York City, USA",french restaurant,restaurant
Atera,reservations@ateranyc.com,(212) 226-1444,http://www.ateranyc.com/,"New York City, USA",american restaurant,restaurant
Le Marais Restaurant Paris,contact@privateaser.com,09 87 36 09 13,https://www.privateaser.com/lieu/44897-le-marais-restaurant,"Paris, France",mediterranean restaurant,restaurant
Chouchou,restauchouchou@gmail.com,01 45 08 02 03,http://www.restaurantchouchouparis.fr/,"Paris, France",french restaurant,restaurant
Epicure,epicure@oetkerhotels.com,01 53 43 43 40,https://www.oetkerhotels.com/hotels/le-bristol-paris/restaurants-bars/epicure/?utm_source=google&utm_medium=organic&utm_campaign=google_local_epicure,"Paris, France",fine dining restaurant,restaurant
Restaurant Guy Savoy,reserv@guysavoy.com,01 43 80 40 61,http://www.guysavoy.com/,"Paris, France",french restaurant,restaurant
Au Vieux Comptoir,auvieuxcomptoir@gmail.com,01 45 08 53 08,https://www.au-vieux-comptoir.com/,"Paris, France",french restaurant,restaurant
Pur' - Jean-François Rouquette,reservations.restaurants@hyatt.com,01 58 71 10 60,https://www.paris-restaurant-pur.fr/,"Paris, France",fine dining restaurant,restaurant
Hustlers. Syd,hello@hustlerssyd.com.au,0402 641 929,http://www.hustlerssyd.com.au/,"Sydney, Australia",asian fusion restaurant,restaurant
The Blue Door,eat@thebluedoorsurryhills.com.au,0417 909 635,http://www.thebluedoorsurryhills.com.au/,"Sydney, Australia",fine dining restaurant,restaurant
Bennelong,reservations@bennelong.com.au,(02) 9240 8000,http://www.bennelong.com.au/,"Sydney, Australia",australian restaurant,restaurant
Aalia Restaurant Sydney,info@aaliarestaurant.com,(02) 9182 5880,https://www.aaliarestaurant.com/?utm_content=AALIA+Restaurant+Sydney&utm_campaign=Google+My+Business&utm_medium=organic&utm_source=google&utm_term=plcid_6952976032146166324,"Sydney, Australia",middle eastern restaurant,restaurant
New Amsterdam Cafe,hi@newamsterdamcafe.com,(604) 682-8955,http://newamsterdamcafe.com/,"Vancouver, Canada",restaurant,restaurant
The Coffee House Barcelona,thecoffeehousebcn@gmail.com,631 05 08 36,https://www.thecoffeehousebcn.com/,"Barcelona, Spain",brunch restaurant,restaurant
NOVELA - COFFEE / BRUNCH / COCKTAILS,info@novelabcn.com,931 65 34 40,http://www.novelabcn.com/,"Barcelona, Spain",brunch restaurant,restaurant
Joe's Café Dubai,joescafedubai@binhendiholding.com,04 320 0040,https://www.joescafedubai.com/,"Dubai, UAE",restaurant,restaurant
"Arabian Tea House Restaurant & Cafe - Al Fahidi, Dubai",info@arabianteahouse.com,04 353 5071,http://www.arabianteahouse.com/,"Dubai, UAE",middle eastern restaurant,restaurant
Evelyn's,hello@evelyns.co,0161 834 3303,http://www.evelyns.co/,"Manchester, UK",restaurant,restaurant
The Koffee Pot,hello@thekoffeepot.co.uk,0161 236 8918,https://www.thekoffeepot.co.uk/menus,"Manchester, UK",brunch restaurant,restaurant
MERCI MARCEL ORCHARD,hello@mercimarcelgroup.com,6970 9792,http://www.mercimarcelgroup.com/,Singapore,french restaurant,restaurant
Cafe de Muse - The Restaurant,jris@cafedemusesg.com,6970 5011,https://www.cafedemusesg.com/,Singapore,restaurant,restaurant
Le Jardin Cafe | Fort Canning,enquiries@lejardin.com.sg,8870 9977,http://www.lejardin.com.sg/,Singapore,european restaurant,restaurant
Federal Cafe Bar,jobs@federalcafe.co.uk,,https://www.federalcafe.co.uk/,"Manchester, UK",brunch restaurant,restaurant
Stacks Diner,hello@stacksdiner.com,020 854 5963,https://www.stacksdiner.com/,"Amsterdam, Netherlands",restaurant,restaurant
Stamppot Amsterdam,info@stamppot-amsterdam.nl,020 303 8314,https://www.stamppot-amsterdam.nl/,"Amsterdam, Netherlands",restaurant,restaurant
Hard Rock Cafe Amsterdam,amsterdam_social@hardrock.com,020 888 1358,https://cafe.hardrock.com/amsterdam/#utm_source=Google&utm_medium=Yext&utm_campaign=Listings,"Amsterdam, Netherlands",american restaurant,restaurant
Restaurant Black,info@restaurantblack.nl,020 787 0398,https://www.restaurantblack.nl/,"Amsterdam, Netherlands",diner,restaurant
Stoop & Stoop eetcafé,info@stoopenstoop-amsterdam.nl,020 620 0982,http://www.stoopenstoop.nl/,"Amsterdam, Netherlands",dutch restaurant,restaurant
Hollands Hap Hmm Restaurant,haphmm33@gmail.com,020 770 8924,http://www.hap-hmm.nl/,"Amsterdam, Netherlands",dutch restaurant,restaurant
Metro Diner and Bar,metrodineratl@gmail.com,(404) 577-1420,http://www.metrodineratl.com/,"Atlanta, USA",diner,restaurant
Majestic Diner,info@majesticdiner.com,(404) 875-0276,http://www.majesticdiner.com/,"Atlanta, USA",diner,restaurant
Home grown GA Restaurant,homegrownga@yahoo.com,(404) 222-0455,https://www.homegrownga.com/,"Atlanta, USA",breakfast restaurant,restaurant
Broadway Diner,hello@broadwaydiner.co.nz,,https://broadwaydiner.co.nz/,"Auckland, New Zealand",hamburger restaurant,restaurant
Federal Delicatessen,hello@thefed.co.nz,021 905 345,http://www.thefed.co.nz/,"Auckland, New Zealand",restaurant,restaurant
Mr. Morris,eat@mrmorris.nz,09 869 5522,http://www.mrmorris.nz/,"Auckland, New Zealand",restaurant,restaurant
Cooke's Restaurant & Bar,cookes@fableauckland.com,09 309 9979,https://cookesrestaurant.co.nz/,"Auckland, New Zealand",bar,restaurant
Hard Rock Cafe | Berlin,berlin_social@hardrock.com,030 884620,https://cafe.hardrock.com/berlin/,"Berlin, Germany",american restaurant,restaurant
Steakhouse & Restaurant Las Malvinas,info@las-malvinas.de,030 24727004,https://las-malvinas.de/,"Berlin, Germany",steak house,restaurant
The Bird,thebirdreservations@gmail.com,030 20455600,http://www.thebirdinberlin.com/,"Berlin, Germany",american restaurant,restaurant
Curry 61,info@curry61.de,030 40054033,http://www.curry61.de/,"Berlin, Germany",fast food restaurant,restaurant
Agadón,agadon@dlksa.net,(601) 5552220,http://www.restauranteagadon.com/,"Bogotá, Colombia",american restaurant,restaurant
La Cabaña Restaurant,info@lacabana.com.ar,011 4314-3710,http://www.lacabana.com.ar/,"Buenos Aires, Argentina",argentinian restaurant,restaurant
Garibaldi Restaurante,hospitality@covermanager.com,,https://www.covermanager.com/reserve/module_restaurant/garibaldi-restaurante-buenos-aires-argentina/spanish?source=INSTAGRAM,"Buenos Aires, Argentina",restaurant,restaurant
Cucina D'Onore,info@cucinadonore.com,011 4315-9260,http://www.cucinadonore.com/,"Buenos Aires, Argentina",italian restaurant,restaurant
Egghead Diner,info@egghead.za.com,021 286 9034,https://eggheaddiner.co.za/,"Cape Town, South Africa",diner,restaurant
The Dog's Bollocks at YARD,info@yardco.co.za,083 440 7843,https://www.yardco.co.za/,"Cape Town, South Africa",hamburger restaurant,restaurant
Arnolds Restaurant,manager@arnolds.co.za,021 424 4344,http://www.arnolds.co.za/,"Cape Town, South Africa",restaurant,restaurant
Between Us,info@betweenus.capetown,079 729 5316,http://www.betweenus.capetown/,"Cape Town, South Africa",restaurant,restaurant
Stella's Diner,info@stellasdinerchicago.com,(773) 472-9040,http://www.stellasdinerchicago.com/,"Chicago, USA",diner,restaurant
Alexander's Restaurant,erikdmizhospitality@gmail.com,(773) 743-3841,http://alexanderschi.com/,"Chicago, USA",diner,restaurant
Dinner In The Sky,info@dinnerinthesky.ae,058 819 3296,https://dinnerinthesky.ae/,"Dubai, UAE",restaurant,restaurant
Mama Restaurant Dubai,reservation.dubai@mamashelter.com,04 527 0888,https://mamashelter.com/dubai/eat-drink/,"Dubai, UAE",restaurant,restaurant
The Daily City Walk,hello@rovehotels.com,04 561 9999,https://www.rovehotels.com/en/hotels/rove-city-walk/daily-city-walk/?utm_source=google&utm_medium=local-search&utm_campaign=googlemybusiness,"Dubai, UAE",restaurant,restaurant
"Carnival by Trèsind Restaurant & Bar | DIFC, Dubai",marketing@passionfandb.com,800 1604,http://www.carnivalbytresind.com/,"Dubai, UAE",restaurant,restaurant
Amaya Best Shisha In Dubai,info@amayaintl.com,04 587 1000,https://amayaintl.com/,"Dubai, UAE",hookah bar,restaurant
Thunder Road Cafe,reservations@thunderroadcafe.com,(01) 265 6752,https://www.thunderroadcafe.com/,"Dublin, Ireland",american restaurant,restaurant
Shake Dog The Finer Diner,mrshakedog@gmail.com,,http://shakedog.ie/,"Dublin, Ireland",hot dog restaurant,restaurant
BóBós Burgers Restaurant,info@bobos.ie,(01) 538 0100,http://bobos.ie/,"Dublin, Ireland",restaurant,restaurant
Black Bear Diner North Houston,info@blackbeardiner.com,(346) 300-4012,https://blackbeardiner.com/location/houston-tx/,"Houston, USA",american restaurant,restaurant
Harry's,info@harryshtx.com,(713) 528-0198,http://www.harryshtx.com/,"Houston, USA",brunch restaurant,restaurant
Traveler's Table,info@travelerstable.com,(832) 409-5785,http://www.travelerstable.com/,"Houston, USA",cocktail bar,restaurant
Tel-Wink Grill,telwinkgrill@gmail.com,(713) 644-4933,https://www.telwinkgrill.com/,"Houston, USA",diner,restaurant
Nate's Diner,nates1corp@gmail.com,(832) 286-1609,https://natesdiner.com/,"Houston, USA",diner,restaurant
Jackie's Kitchen,info@jackieskitchenhouston.com,(713) 681-1916,http://jackieskitchenhouston.com/,"Houston, USA",diner,restaurant
Barnaby's Cafe,info@barnabyscafe.com,(713) 874-1454,http://www.barnabyscafe.com/,"Houston, USA",diner,restaurant
Ace Cafe Kuala Lumpur,info@acecafekualalumpur.com.my,03-2602 9880,https://www.acecafekualalumpur.com.my/,"Kuala Lumpur, Malaysia",restaurant,restaurant
Bob's Diner,info@bobsdinerlos.com,0916 777 7771,https://bobsdinerlos.com/,"Lagos, Nigeria",restaurant,restaurant
The Grid Lagos,reservation@thegridlagos.com,0805 325 1161,https://thegridlagos.com/,"Lagos, Nigeria",restaurant,restaurant
Yellow Chilli Restaurant & Bar,support@yellowchilling.com,0808 994 8999,https://yellowchilling.com/,"Lagos, Nigeria",african restaurant,restaurant
Tiger's Diner,tigersdiner1@gmail.com,020 3184 1098,https://www.tigersdiner.co.uk/,"London, UK",diner,restaurant
Electric Bar & Diner,enquiries@thened.com,020 3828 2000,https://www.thened.com/london/restaurants/electric-bar-and-diner?utm_source=google&utm_medium=local&utm_campaign=electric-bar-diner,"London, UK",american restaurant,restaurant
Joe Allen,info@joeallen.co.uk,020 7836 0651,http://www.joeallen.co.uk/,"London, UK",american restaurant,restaurant
Dinner by Heston Blumenthal,molon-reservations@mohg.com,020 7201 3833,https://www.mandarinoriental.com/en/london/hyde-park/dine/dinner-by-heston-blumenthal?src=loc.yext.molon.ggl,"London, UK",british restaurant,restaurant
Hard Rock Cafe,piccadillycircus.jobs@hardrock.com,020 7287 4600,https://cafe.hardrock.com/piccadilly-circus/,"London, UK",american restaurant,restaurant
Waffle Jack's American Diner,wafflejacks@aol.com,020 3659 1361,http://www.wafflejacks.co.uk/,"London, UK",american restaurant,restaurant
Unity Diner,nancy@unitydiner.com,020 7426 0224,https://www.unitydiner.co.uk/,"London, UK",diner,restaurant
Darwin Brasserie,restaurants@skygarden.london,0333 772 0020,https://skygarden.london/restaurants/darwin-brasserie/,"London, UK",bar,restaurant
Fred 62,info@fred62.com,(323) 667-0062,https://fred62.com/,"Los Angeles, USA",diner,restaurant
Cafe 50's Diner - West LA,cafe50swestla@gmail.com,(310) 479-1955,https://www.cafe50s.com/,"Los Angeles, USA",diner,restaurant
Clark Street Diner,nfo@clarkstreetdiner.com,(323) 450-9149,http://www.clarkstreetdiner.la/,"Los Angeles, USA",restaurant,restaurant
Denae’s Diner,info@denaesdiner.com,(213) 439-3002,https://www.denaesdiner.com/,"Los Angeles, USA",diner,restaurant
House of Pies,houseofpies1869@gmail.com,(323) 666-9961,http://houseofpiesla.com/,"Los Angeles, USA",diner,restaurant
Sweet Diner,info@sweetdiner.co.uk,0161 337 8886,http://www.sweetdiner.co.uk/,"Manchester, UK",american restaurant,restaurant
Dukes 92,reservations@dukes92.com,0161 839 8642,http://www.dukes92.com/,"Manchester, UK",bar and grill,restaurant
Operator Diner,eat@operatordiner.com.au,(03) 8395 6341,https://operatordiner.com.au/,"Melbourne, Australia",diner,restaurant
Henry and The Fox,reservations@henryandthefox.com.au,(03) 9614 3277,https://www.henryandthefox.com.au/,"Melbourne, Australia",breakfast restaurant,restaurant
Easey's,oldmate@easeys.com.au,(03) 9417 2250,http://easeys.com.au/,"Melbourne, Australia",hamburger restaurant,restaurant
Garden State Diner,gardendinein@gmail.com,(03) 8524 9547,https://www.gardenstatecafe.com.au/,"Melbourne, Australia",restaurant,restaurant
Bowery To Williamsburg,info@bowerytowilliamsburg.com.au,(03) 9077 0162,http://bowerytowilliamsburg.com.au/,"Melbourne, Australia",american restaurant,restaurant
Pepe's Italian & Liquor,info@pepesitalian.com.au,(03) 9663 7994,http://pepesitalian.com.au/,"Melbourne, Australia",italian restaurant,restaurant
Animal Masaryk,contacto@grupocosteno.com,55 3378 1264,https://costeno.com/animal,"Mexico City, Mexico",mexican restaurant,restaurant
Balcón del Zócalo,concierge.bz@centralhoteles.com,55 5130 5134,https://www.balcondelzocalo.com/,"Mexico City, Mexico",mexican restaurant,restaurant
Chug's Diner,contact@chugsdiner.com,(786) 353-2940,http://chugsdiner.com/,"Miami, USA",restaurant,restaurant
PONDICHÉRY CAFÉ - ALL-DAY DINING,h6451@sofitel.com,022 6117 5000,https://sofitel.accor.com/en/hotels/6451/R002.restaurant.html,"Mumbai, India",restaurant,restaurant
Flute 24 Hrs,info@krishnapalaceresidency.com,022 6629 3333,http://www.krishnapalaceresidency.com/,"Mumbai, India",north indian restaurant,restaurant
24/7 Restaurant,mumresv@thelalit.com,084510 04250,http://www.thelalit.com/the-lalit-mumbai/eat-and-drink/247-restaurant/,"Mumbai, India",buffet restaurant,restaurant
Tick Tock Diner NY,info@ticktockdinerny.com,(212) 268-8444,http://www.ticktockdinerny.com/,"New York City, USA",diner,restaurant
Golden Diner,talkto@goldendinerny.com,(917) 472-7800,http://www.goldendinerny.com/,"New York City, USA",diner,restaurant
Square Diner,info@squarediner.com,(212) 925-7188,http://squarediner.com/,"New York City, USA",diner,restaurant
Westway Diner,westwaydiner@gmail.com,(212) 582-7661,https://www.westwaydiner.com/,"New York City, USA",diner,restaurant
Malibu Diner,malibudinernyc163@gmail.com,(212) 691-1369,http://malibudinernyc.nyc/,"New York City, USA",diner,restaurant
Court Square Diner,courtdine@aol.com,(718) 392-1222,http://courtsquarediner.com/,"New York City, USA",diner,restaurant
Sacrée Fleur Montmartre,restosacreefleur@gmail.com,01 42 51 66 18,http://www.sacreefleur.fr/,"Paris, France",french restaurant,restaurant
Il était un square - Burger paris,contact@iletaitunsquare.com,01 43 37 68 07,http://www.iletaitunsquare.com/,"Paris, France",hamburger restaurant,restaurant
Francette,reservation@francette.paris,06 68 94 26 82,https://www.fugafamily.com/restaurants/francette,"Paris, France",french restaurant,restaurant
Pedzouille La Grange,dismoitout@pedzouille.fr,01 88 33 23 69,http://www.pedzouille.fr/,"Paris, France",restaurant,restaurant
Matt's Big Breakfast,hello@mattsbigbreakfast.com,(602) 254-1074,https://mattsbigbreakfast.com/,"Phoenix, USA",brunch restaurant,restaurant
Fast Eddie's Diner,fasteddiesphx@gmail.com,(602) 938-5688,https://www.fasteddiesdinerphx.com/,"Phoenix, USA",breakfast restaurant,restaurant
Original Breakfast House,riginalbreakfasthouse@aol.com,(602) 482-2328,https://www.originalbreakfasthouse.com/,"Phoenix, USA",breakfast restaurant,restaurant
Bar Luca,info@barluca.com.au,(02) 9247 9700,http://www.barluca.com.au/,"Sydney, Australia",hamburger restaurant,restaurant
Fogo de Chão Jardins,jardins@fogodechao.com.br,(11) 3062-2223,https://fogodechao.com.br/location/jardins/,"São Paulo, Brazil",barbecue restaurant,restaurant
Lamen Kazu,lamenkazu@grupokazu.com.br,(11) 3277-4286,https://lamenkazu.com.br/,"São Paulo, Brazil",ramen restaurant,restaurant
Vista Restaurante Ibirapuera,contato@vistasaopaulo.com.br,(11) 2658-3188,https://vistarestaurante.vistasaopaulo.com.br/,"São Paulo, Brazil",brazilian restaurant,restaurant
Seen - Restaurant & Bar,reservas@seensp.com,(11) 3146-5922,http://www.seensp.com/,"São Paulo, Brazil",restaurant,restaurant
Ráscal - Alameda Santos,sac@rascal.com.br,(11) 3141-0692,https://www.rascal.com.br/?utm_source=[gmb][alameda-santos]&utm_medium=[website]&utm_campaign=[youmap],"São Paulo, Brazil",mediterranean restaurant,restaurant
Tokyo Diner,office@tokyodiner.com,020 7287 8777,http://www.tokyodiner.com/,"Tokyo, Japan",japanese restaurant,restaurant
bills Omotesando,info@billsjapan.com,03-5772-1133,https://www.billsjapan.com/jp/locations/omotesando,"Tokyo, Japan",australian restaurant,restaurant
The George Street Diner,thegeorgestreetdiner@gmail.com,(416) 862-7676,http://thegeorgestreetdiner.com/,"Toronto, Canada",diner,restaurant
The Donlands Diner,donlands1955@gmail.com,(416) 421-8500,http://donlandsdiner.com/,"Toronto, Canada",breakfast restaurant,restaurant
The Broadview Diner,thebroadviewdiner@gmail.com,(416) 297-9685,http://www.broadviewdiner.com/,"Toronto, Canada",diner,restaurant
Frankie's Diner,info@frankiesdiner.ca,(416) 588-1936,http://frankiesdiner.ca/,"Toronto, Canada",hamburger restaurant,restaurant
The Senator,senatorrestaurant@rogers.com,(416) 364-7517,https://www.thesenator.com/,"Toronto, Canada",diner,restaurant
Route 401 Diner,milan@route401diner.com,(416) 247-7836,http://www.route401diner.com/,"Toronto, Canada",diner,restaurant
Fable Diner,dine@fablediner.com,(604) 563-3463,http://www.fablediner.com/,"Vancouver, Canada",diner,restaurant
Northern Cafe,northerncafeandgrill@outlook.com,(778) 532-6240,http://northerncafeandgrill.com/,"Vancouver, Canada",diner,restaurant
The Templeton,info@thetempleton.ca,(604) 685-4612,http://www.thetempleton.ca/,"Vancouver, Canada",diner,restaurant
Deacon's Corner,hello@deaconscorner.ca,(604) 684-1555,http://www.deaconscorner.ca/,"Vancouver, Canada",diner,restaurant
Cafe the Barrel,info@cafethebarrel.nl,06 51762269,http://www.cafethebarrel.nl/,"Amsterdam, Netherlands",bar,restaurant
El Viñedo Local,welcome@elvinedolocal.com,(404) 596-8239,https://www.elvinedolocal.com/,"Atlanta, USA",south american restaurant,restaurant
Café Casa Galería,experiencias@casagaleria.co,321 2683638,https://casagaleria.co/,"Bogotá, Colombia",breakfast restaurant,restaurant
JARRYDS.,jarrydseatery@nonamehg.com,021 023 3642,https://www.nonamehg.com/jarryds,"Cape Town, South Africa",brunch restaurant,restaurant
MINT - Dubai Mall,info@mintconcept.ae,04 338 0839,https://www.mintconcept.ae/mints/mint-dubai/contact/?utm_source=google&utm_medium=local&utm_campaign=gbp,"Dubai, UAE",restaurant,restaurant
Grind,hello@grind.co.uk,020 3019 7178,http://www.grind.co.uk/londongrind,"London, UK",cocktail bar,restaurant
News Cafe,hello@newscafesouthbeach.com,(786) 644-6061,https://newscafesouthbeach.com/,"Miami, USA",restaurant,restaurant
The Only Cafe,theonlycafecoffee@gmail.com,(416) 463-3249,https://www.theonlycafe.com/,"Toronto, Canada",bar,restaurant
Le Colimaçon,contactcolimacon@gmail.com,,https://le-colimacon.fr/,"Paris, France",french restaurant,restaurant
Esteban,info@estebanrestaurant.com.au,(02) 9290 7022,https://www.estebanrestaurant.com.au/,"Sydney, Australia",mexican restaurant,restaurant
Aria Restaurant Sydney,res.ariasydney@solotel.com.au,(02) 9240 2255,https://www.ariasydney.com.au/?utm_source=google&utm_medium=organic&utm_campaign=gbp&utm_content=Aria_Restaurant_Sydney&utm_term=plcid_18420151015366914459,"Sydney, Australia",fine dining restaurant,restaurant
NOMAD Sydney,eat@nomad.sydney,(02) 9280 3395,https://nomad.sydney/,"Sydney, Australia",australian restaurant,restaurant
Infinity at Sydney Tower,reservations@infinitysydneytower.com.au,,https://infinitysydneytower.com.au/,"Sydney, Australia",fine dining restaurant,restaurant
"Luna Lu - Asian Fusion, The Rocks",reservations@lunalu.com.au,(02) 8220 8401,http://www.lunalu.com.au/,"Sydney, Australia",asian fusion restaurant,restaurant
Lana,lana@hinchcliffhouse.com,(02) 7228 1400,https://lana.sydney/,"Sydney, Australia",italian restaurant,restaurant
Primi Italian,info@test.com,(02) 8296 6430,https://primiitalian.com.au/,"Sydney, Australia",italian restaurant,restaurant
Restaurant Hubert,reservations@restauranthubert.com,(02) 8302 2322,https://www.swillhouse.com/venues/restaurant-hubert,"Sydney, Australia",french restaurant,restaurant
RASA,rasa@thefooddudes.com,(647) 350-8221,http://www.rasabar.ca/,"Toronto, Canada",restaurant,restaurant
Canoe,donations@oliverbonacini.com,(416) 364-0054,http://www.canoerestaurant.com/,"Toronto, Canada",wine bar,restaurant
KŌST,info@kosttoronto.com,(437) 800-5938,https://kosttoronto.com/,"Toronto, Canada",californian restaurant,restaurant
PAI,downtown@paitoronto.com,(416) 901-4724,http://www.paitoronto.com/,"Toronto, Canada",thai restaurant,restaurant
Aloette Restaurant,info@aloetterestaurant.com,(416) 260-3444,http://aloetterestaurant.com/,"Toronto, Canada",bistro,restaurant
Daphne,info@daphnetoronto.com,(416) 203-1414,https://daphnetoronto.com/,"Toronto, Canada",american restaurant,restaurant
The Chase,events@thechaserg.com,(647) 348-7000,http://www.thechasetoronto.com/,"Toronto, Canada",restaurant,restaurant
Fox on John,info@foxonjohn.ca,(647) 748-0369,https://www.foxonjohn.ca/,"Toronto, Canada",wine bar,restaurant
GEORGE Restaurant,concierge@verity.ca,(416) 863-6006,http://www.georgeonqueen.com/,"Toronto, Canada",bar,restaurant
Nightingale,info@hawknightingale.com,(604) 695-9500,http://hawknightingale.com/,"Vancouver, Canada",restaurant,restaurant
Chambar Restaurant,info@chambar.com,(604) 879-7119,http://www.chambar.com/,"Vancouver, Canada",restaurant,restaurant
Cardero's Restaurant,info@vancouverdine.com,(604) 669-7666,https://www.vancouverdine.com/carderos/,"Vancouver, Canada",seafood restaurant,restaurant
Joe Fortes Seafood & Chop House,info@joefortes.ca,(604) 669-1940,http://www.joefortes.ca/,"Vancouver, Canada",seafood restaurant,restaurant
Glowbal,info@glowbal.ca,(604) 602-0835,https://glowbalgroup.com/glowbal/,"Vancouver, Canada",restaurant,restaurant
Coast,info@coastrestaurant.ca,(604) 685-5010,https://www.glowbalgroup.com/coast/,"Vancouver, Canada",restaurant,restaurant
Lavantine Restaurant & Skybar,natasha@azurhotelvancouver.com,(604) 416-2855,https://lavantine.ca/,"Vancouver, Canada",restaurant,restaurant
Italian Kitchen,info@theitaliankitchen.ca,(604) 687-2858,https://www.glowbalgroup.com/italiankitchen/,"Vancouver, Canada",restaurant,restaurant
Five Sails Restaurant,info@fivesails.ca,(604) 844-2855,https://glowbalgroup.com/five-sails/,"Vancouver, Canada",restaurant,restaurant
Marcel,eventsmarcel@rocketfarmrestaurants.com,(404) 665-4555,http://www.marcelatl.com/,"Atlanta, USA",french restaurant,restaurant
By George restaurant and bar,bygeorge@thecandlerhotel.com,(470) 851-2752,https://www.bygeorgeatl.com/,"Atlanta, USA",restaurant,restaurant
Poor Calvin's,info@poorcalvins.com,(404) 254-4051,http://www.poorcalvins.com/,"Atlanta, USA",asian fusion restaurant,restaurant
Tabla,info@tablaatlanta.com,(404) 464-8571,https://tablaatlanta.com/,"Atlanta, USA",indian restaurant,restaurant
Nikolai's Roof,nikolais_roof@hilton.com,(404) 221-6362,http://nikolaisroofatl.com/?SEO_id=GMB-HH-R-ATLAHHH-1&y_source=1_MTU0MDUxNDItNzE1LWxvY2F0aW9uLndlYnNpdGU%3D,"Atlanta, USA",restaurant,restaurant
"The Sun Dial Restaurant, Bar & View",sundial@westin.com,(404) 589-7506,https://www.sundialrestaurant.com/,"Atlanta, USA",restaurant,restaurant
Disfrutar,admin@cxcchefs.com,933 48 68 96,http://www.disfrutarbarcelona.com/,"Barcelona, Spain",fine dining restaurant,restaurant
Casa Lolea,holabcn@casalolea.com,936 24 10 16,https://casalolea.com/,"Barcelona, Spain",restaurant,restaurant
Arcano Restaurant cave,info@arcanobcn.com,932 95 64 67,https://www.arcanobarcelona.com/,"Barcelona, Spain",mediterranean restaurant,restaurant
Prado de Flores Restaurant,reservaspradodeflores@hotmail.com,933 21 50 93,https://pradodeflores.es/,"Barcelona, Spain",mediterranean restaurant,restaurant
2254 Barcelona Restaurant,info@2254tapasbarcelona.com,935 28 60 02,https://2254tapasbarcelona.com/,"Barcelona, Spain",tapas restaurant,restaurant
Maleducat l Restaurante Eixample,reserves@maleducat.es,936 04 67 53,https://maleducat.es/?utm_source=GMB&utm_medium=gmb&utm_id=web,"Barcelona, Spain",restaurant,restaurant
Restaurant Ibid,hello@restaurantibid.com,9151 8698,https://www.restaurantibid.com/,Singapore,asian fusion restaurant,restaurant
Burnt Ends,eat@burntends.com.sg,6224 3933,https://burntends.com.sg/,Singapore,barbecue restaurant,restaurant
Kimchi Dining | Korean Restaurant Singapore,business@initia.sg,9113 7090,https://initia.sg/pages/kimchi-dining,Singapore,korean restaurant,restaurant
Eden Restaurant,henrik.hansson@accor.com,6603 8888,https://restaurantsandbars.accor.com/en/restaurant/B9H8_R001,Singapore,restaurant,restaurant
Dusk @ Mount Faber Peak,guestrelations@mflg.com.sg,6361 0088,https://mountfaberdining.com/pages/dusk,Singapore,restaurant,restaurant
NOX - Dine in the Dark,enquiries@noxdineinthedark.com,6298 0708,https://www.noxdineinthedark.com/,Singapore,european restaurant,restaurant
Tora Tora Tora Japanese Restaurant Singapore,roar@toratoratora.sg,9852 9148,https://www.toratoratora.sg/,Singapore,japanese restaurant,restaurant
The Halia at Singapore Botanic Gardens,general.hsbg@thehalia.com,8444 1148,http://www.thehalia.com/,Singapore,restaurant,restaurant
Cappadocia Turkish & Mediterranean Restaurant,cappadocia.sg@gmail.com,8357 3861,https://www.cappasg.net/?utm_source=google_profile&utm_campaign=localo&utm_medium=mainlink,Singapore,turkish restaurant,restaurant
Kaya at The Standard,kayaatthestandard@standardhotels.com,8858 7463,http://www.kayaatthestandard.com/,Singapore,restaurant,restaurant
Onslow,info@onslow.nz,09 930 9123,http://www.onslow.nz/,"Auckland, New Zealand",fine dining restaurant,restaurant
alma,info@alma.nz,09 242 1570,http://www.alma.nz/,"Auckland, New Zealand",restaurant,restaurant
Amano,info@amano.nz,09 394 1416,https://savor.co.nz/amano,"Auckland, New Zealand",restaurant,restaurant
Depot,hello@eatatdepot.co.nz,09 363 7048,https://depoteatery.co.nz/,"Auckland, New Zealand",restaurant,restaurant
Culprit.,hello@culprit.co.nz,09 377 5992,http://www.culpritdiningroom.co.nz/,"Auckland, New Zealand",restaurant,restaurant
Hello Beasty,emma@hellobeasty.nz,021 554 496,http://hellobeasty.nz/,"Auckland, New Zealand",restaurant,restaurant
The Conservatory,nowreservations@theconservatory.co.nz,09 307 2222,http://www.theconservatory.co.nz/,"Auckland, New Zealand",restaurant,restaurant
Baduzzi,info@baduzzi.co.nz,09 309 9339,http://www.baduzzi.co.nz/,"Auckland, New Zealand",italian restaurant,restaurant
Paris Butter,reservations@parisbutter.co.nz,09 376 5597,http://www.parisbutter.co.nz/,"Auckland, New Zealand",restaurant,restaurant
Gilt Brasserie,hello@giltbrasserie.nz,09 300 3126,https://giltbrasserie.nz/,"Auckland, New Zealand",restaurant,restaurant
Onemata,onemata@hyatt.com,09 366 2500,https://onematarestaurant.co.nz/,"Auckland, New Zealand",restaurant,restaurant
The French Cafe,info@sidatthefrenchcafe.co.nz,09 377 1911,https://www.thefrenchcafe.co.nz/,"Auckland, New Zealand",fine dining restaurant,restaurant
Ortolana,ortolana@savorgroup.co.nz,09 368 9487,http://ortolana.co.nz/,"Auckland, New Zealand",italian restaurant,restaurant
kingi,kingi@thehotelbritomart.com,09 300 9596,http://www.kingibritomart.com/,"Auckland, New Zealand",restaurant,restaurant
La Cabrera,info@lacabrera.com.ar,011 4831-0325,http://lacabrera.com.ar/,"Buenos Aires, Argentina",barbecue restaurant,restaurant
Don Julio Parrilla,info@parrilladonjulio.com.ar,011 4831-9564,https://www.parrilladonjulio.com/,"Buenos Aires, Argentina",restaurant,restaurant
El Gran Paraiso,info@granparaiso.com.ar,011 15-2730-8488,https://granparaiso.com.ar/,"Buenos Aires, Argentina",argentinian restaurant,restaurant
Parrilla Cero5,info@parrillacero5.com.ar,011 5110-2962,http://www.parrillacero5.com/,"Buenos Aires, Argentina",restaurant,restaurant
Mishiguene,info@mishiguene.com,011 15-7216-1226,https://mishiguenerestaurant.com/,"Buenos Aires, Argentina",fine dining restaurant,restaurant
Café De Tacuba,reservaciones@cafedetacuba.mx,729 772 3921,http://cafedetacuba.mx/,"Mexico City, Mexico",restaurant,restaurant
Rosa Negra,contacto@gruporosanegra.com.mx,55 5282 2603,https://www.rosanegra.com.mx/restaurantes-polanco-mexico-city-restaurants?utm_source=organic&utm_medium=gmb&utm_campaign=rosapolanco&ot_source=gmb_2834_rnp,"Mexico City, Mexico",latin american restaurant,restaurant
Casa Prime Hilton Centro Histórico,contacto@mexicohg.com,55 9990 5865,https://casaprime.com.mx/,"Mexico City, Mexico",restaurant,restaurant
Contramar,info@redcontramar.com,55 5514 9217,http://www.contramar.com.mx/,"Mexico City, Mexico",seafood restaurant,restaurant
Chapulín,mexico_reservaciones@grupopresidente.com,55 4170 9318,https://chapulinrestaurante.com.mx/,"Mexico City, Mexico",mexican restaurant,restaurant
Miralto Restaurante,info@miralto.com.mx,55 5518 1710,http://miralto.com.mx/,"Mexico City, Mexico",restaurant,restaurant
CÉ LA VI,events-dxb@celavi.com,04 582 6111,https://dxb.celavi.com/,"Dubai, UAE",restaurant,restaurant
Alba Restaurant Dubai,alba@metafoodiesgroup.com,058 147 9888,https://alba.metafoodiesgroup.com/,"Dubai, UAE",japanese restaurant,restaurant
NAZCAA,reservations@nazcaa.com,04 542 4200,http://nazcaa.com/,"Dubai, UAE",restaurant,restaurant
Trèsind Dubai,tresind@passionfandb.com,800 1604,https://tresind.com/dubai,"Dubai, UAE",fine dining restaurant,restaurant
The Banc Dubai - Restaurant & Bar,reservations@thebanc.ae,04 566 2262,https://thebanc.ae/?utm_source=google_profile&utm_campaign=localo&utm_medium=mainlink,"Dubai, UAE",restaurant,restaurant
Jamavar Dubai,reservations@jamavardubai.com,04 553 7852,https://jamavarrestaurants.com/indian-restaurant-dubai/,"Dubai, UAE",indian restaurant,restaurant
11 Woodfire,info@11woodfire.com,04 491 9000,http://www.11woodfire.com/,"Dubai, UAE",fine dining restaurant,restaurant
Maison De Curry | Restaurant with the best views of Burj Khalifa & Dubai Fountains,mdc@passionfandb.com,052 406 6183,https://maisondecurry.com/,"Dubai, UAE",restaurant,restaurant
Jovee - Japanese & European Restaurant,info@joveedubai.com,050 786 8343,https://www.joveedubai.com/,"Dubai, UAE",restaurant,restaurant
Bisou Restaurant Dubai,bisou@metafoodiesgroup.com,058 140 6888,https://bisou.metafoodiesgroup.com/,"Dubai, UAE",restaurant,restaurant
Krasota Dubai Restaurant,dubai@krasota.art,04 433 1258,https://bit.ly/krasota_reservation,"Dubai, UAE",restaurant,restaurant
The Refuge,refugemcr@ihg.com,0161 233 5151,http://www.refugemcr.co.uk/,"Manchester, UK",restaurant,restaurant
Tattu Manchester,manchester@tattu.co.uk,0161 819 2060,https://tattu.co.uk/locations/manchester/,"Manchester, UK",chinese restaurant,restaurant
Blacklock Manchester,manchester@theblacklock.com,0161 414 0225,https://theblacklock.com/restaurants/manchester/,"Manchester, UK",restaurant,restaurant
Grand Pacific,info@grandpacificrestaurant.co.uk,0161 839 9365,https://grandpacificrestaurant.co.uk/,"Manchester, UK",restaurant,restaurant
Hawksmoor Manchester,manchester@thehawksmoor.com,0161 836 6980,https://thehawksmoor.com/locations/manchester/?utm_source=google&utm_medium=organic&utm_campaign=gbp,"Manchester, UK",seafood restaurant,restaurant
Lucky Cat by Gordon Ramsay - Manchester,luckycatmanchester@gordonramsay.com,0161 424 9150,https://www.gordonramsayrestaurants.com/lucky-cat-manchester/?utm_source=gmb&utm_medium=uberall&utm_campaign=business_profile,"Manchester, UK",restaurant,restaurant
Vincenzo Trattoria,hello@vincenzomanchester.co.uk,0161 833 1000,http://www.vincenzomanchester.co.uk/,"Manchester, UK",italian restaurant,restaurant
"Fenix Restaurant and Bar, Manchester",manchester@fenixrestaurants.com,0161 646 0321,http://www.fenixrestaurants.com/,"Manchester, UK",restaurant,restaurant
Another hand,enquiries@anotherhandmcr.com,0161 834 2988,http://anotherhandmcr.com/,"Manchester, UK",restaurant,restaurant
10 Tib Lane,bookings@10tiblane.com,0161 833 1034,https://www.10tiblane.com/,"Manchester, UK",restaurant,restaurant
MAYA,reservations@mayamanchester.com,0161 517 0000,https://www.mayamanchester.com/,"Manchester, UK",restaurant,restaurant
Albert's Shed Restaurant Manchester,karen.hackett@ellerleisure.com,0161 839 9818,http://alberts-restaurants.com/shed/,"Manchester, UK",breakfast restaurant,restaurant
SANGAM MANCHESTER,manchester@sangam.co.uk,0161 236 1313,https://www.sangam.co.uk/restaurants/sangam-manchester-city-centre/book-sangam-manchester/,"Manchester, UK",indian restaurant,restaurant
Tapas Molecular Bar,motyo-reservations@mohg.com,03-3270-8188,https://www.mandarinoriental.com/en/tokyo/nihonbashi/dine/tapas-molecular-bar?htl=MOTYO&kw=MOTYO_tapas&eng=google&src=local,"Tokyo, Japan",tapas restaurant,restaurant
Sushi Yuu,daisuke0625@gmail.com,03-3403-6467,http://sushiyuu.com/,"Tokyo, Japan",sushi restaurant,restaurant
Hinokizaka,rc.tyorz.restaurant.sales@ritzcarlton.com,03-6434-8711,https://hinokizaka.ritzcarltontokyo.com/,"Tokyo, Japan",sushi restaurant,restaurant
Gallops Restaurant,info@gallopsrestaurant.com,022 6960 0111,https://gallopsrestaurant.com/,"Mumbai, India",fine dining restaurant,restaurant
Trèsind Mumbai,tresindin@passionfandb.com,089280 00058,https://www.tresind.com/mumbai,"Mumbai, India",fine dining restaurant,restaurant
Indian Accent Mumbai,reservations.mum@indianaccent.com,022 3525 1500,https://www.indianaccent.com/mumbai,"Mumbai, India",indian restaurant,restaurant
Veranda Bandra - Modern Indian Restaurant & Rooftop Bar,verandabandra@gmail.com,098200 27867,http://theveranda.in/,"Mumbai, India",indian restaurant,restaurant
Ziya Restaurant,reservations.nailafort@oberoihotels.com,022 6632 6210,https://www.oberoihotels.com/hotels-in-mumbai/dining/ziya/?utm_source=GMBlisting&utm_medium=organic,"Mumbai, India",north indian restaurant,restaurant
Peshwa Pavilion,reservations@itchotels.com,022 2830 3030,https://www.itchotels.com/in/en/itcmaratha-mumbai?utm_source=google&utm_medium=organic%20Search&utm_term=itcmaratha%20Restaurants&utm_campaign=listing,"Mumbai, India",buffet restaurant,restaurant
Namak - Indian Specialty Restaurant,reservations@saharastar.com,022 3989 5000,https://www.saharastar.com/dining/namak-indian-specialty.html,"Mumbai, India",fine dining restaurant,restaurant
Bombay Brasserie Colaba,marketing@bombay-brasserie.in,086559 79257,http://bombaybrasserie.in/,"Mumbai, India",restaurant,restaurant
Tanatan Shivaji Park,amit.libra2007@gmail.com,086575 75329,https://tanatan.co/tanatan-shivaji-park/,"Mumbai, India",north indian restaurant,restaurant
Terraço Jardins,terraco.jardins@marriott.com,(11) 97607-6586,https://www.restauranteterracojardins.com.br/,"São Paulo, Brazil",restaurant,restaurant
Jiquitaia,contato@jiquitaia.com.br,(11) 3051-5638,http://jiquitaia.com.br,"São Paulo, Brazil",brazilian restaurant,restaurant
Tordesilhas,tordesilhas@tordesilhas.com,(11) 3107-7444,http://www.tordesilhas.com/,"São Paulo, Brazil",brazilian restaurant,restaurant
Banzeiro Restaurant - São Paulo,banzeirosp@grupobanzeiro.com.br,(11) 2501-4777,https://grupobanzeiro.com.br/banzeiro-sao-paulo/,"São Paulo, Brazil",brazilian restaurant,restaurant
D.O.M.,dom@domrestaurante.com.br,(11) 96918-9947,http://domrestaurante.com.br/,"São Paulo, Brazil",fine dining restaurant,restaurant
Dalva e Dito,eventos@dalvaedito.com.br,(11) 3068-4444,http://www.dalvaedito.com.br/,"São Paulo, Brazil",brazilian restaurant,restaurant
Esther Rooftop,contato@estherrooftop.com.br,(11) 3256-1009,https://www.estherrooftop.com.br/,"São Paulo, Brazil",french restaurant,restaurant
Tanit,elviraviedma@gmail.com,(11) 3062-6385,http://restaurantetanit.com.br/,"São Paulo, Brazil",spanish restaurant,restaurant
TARAZ,saopaulo.restaurantes@rosewoodhotels.com,(11) 3797-0500,https://www.rosewoodhotels.com/pt/sao-paulo/dining/taraz,"São Paulo, Brazil",south american restaurant,restaurant
Bar da Dona Onça,comunicacao@bardadonaonca.com.br,(11) 3257-2016,http://www.bardadonaonca.com.br/,"São Paulo, Brazil",bar and grill,restaurant
Storia D'Amore zona T,info@restaurantestoriadamore.com,(601) 5085809,https://co.restaurantestoriadamore.com/,"Bogotá, Colombia",italian restaurant,restaurant
La Brasserie,labrasserie@dlksa.net,313 8894213,https://labrasserierestaurante.com/,"Bogotá, Colombia",restaurant,restaurant
Andrés D.C. Bogotá,basesdedatos@andrescarnederes.com,315 3559096,http://www.andrescarnederes.com/andres-dc,"Bogotá, Colombia",colombian restaurant,restaurant
Prudencia,prudenciareservas@gmail.com,(601) 3941678,http://prudencia.net/,"Bogotá, Colombia",restaurant,restaurant
Cacio & Pepe,contacto@takami.co,(601) 6447766,https://takami.co/,"Bogotá, Colombia",italian restaurant,restaurant
Miel De Agave Phoenix,martin@lamieldeagave.com,(480) 690-2872,https://www.lamieldeagave.com/,"Phoenix, USA",steak house,restaurant
First & Last,hello@firstandlastphx.com,(602) 975-8297,http://www.firstandlastphx.com/,"Phoenix, USA",fine dining restaurant,restaurant
The Farish House,eat@farishhouse.com,(602) 281-6659,https://farishhouse.com/?utm_source=google&utm_medium=local&utm_campaign=1,"Phoenix, USA",restaurant,restaurant
Ingo’s Tasty Food,scottsdale@ingostastyfood.com,(602) 825-3000,https://ingostastyfood.com/?utm_source=GMB&utm_medium=local&utm_campaign=dtphx,"Phoenix, USA",restaurant,restaurant
LATHA,hello@lathaphx.com,(480) 640-6183,https://www.lathaphx.com/,"Phoenix, USA",restaurant,restaurant
The Vintage Kitchen,thevintagekitchendublin@gmail.com,(01) 679 8705,http://www.thevintagekitchen.ie/,"Dublin, Ireland",irish restaurant,restaurant
Old Mill Restaurant,info@oldmillrestaurant.ie,(01) 671 9266,http://www.oldmillrestaurant.ie/,"Dublin, Ireland",irish restaurant,restaurant
Trocadero Restaurant Dublin,trocaderoireland@gmail.com,(01) 677 5545,http://www.trocadero.ie/,"Dublin, Ireland",restaurant,restaurant
The Shack Restaurant,info@shackrestaurant.ie,(01) 679 0043,http://www.shackrestaurant.ie/,"Dublin, Ireland",irish restaurant,restaurant
WILDE Restaurant,wilde_reservations@doylecollection.com,(01) 646 3352,https://wilde.ie/?utm_source=google&utm_medium=local&utm_campaign=restaurant-WILDE,"Dublin, Ireland",irish restaurant,restaurant
Library Street Restaurant,bookings@librarystreet.ie,(01) 617 0999,http://www.librarystreet.ie/,"Dublin, Ireland",restaurant,restaurant
Ryleigh's Rooftop Steakhouse,book@ryleighs.ie,(01) 245 7911,https://ryleighs.ie/,"Dublin, Ireland",restaurant,restaurant
Pickle Restaurant,info@picklerestaurant.com,(01) 555 7755,http://www.picklerestaurant.com/,"Dublin, Ireland",north indian restaurant,restaurant
La Caverna Restaurant and Wine Bar,info@lacaverna.ie,(01) 670 3110,http://www.lacaverna.ie/,"Dublin, Ireland",italian restaurant,restaurant
Six by Nico Dublin,vouchers@sixbynico.co.uk,(01) 525 5919,http://sixbynico.ie/,"Dublin, Ireland",restaurant,restaurant
Etto,info@etto.ie,(01) 678 8872,http://www.etto.ie/,"Dublin, Ireland",family restaurant,restaurant
Kloof Street House,info@kloofstreethouse.co.za,021 423 4413,http://www.kloofstreethouse.co.za/,"Cape Town, South Africa",restaurant,restaurant
Utopia Cape Town,info@utopiacapetown.co.za,021 418 3065,http://www.utopiacapetown.co.za/,"Cape Town, South Africa",restaurant,restaurant
The Pot Luck Club,reservations@thepotluckclub.co.za,021 447 0804,http://www.thepotluckclub.co.za/,"Cape Town, South Africa",restaurant,restaurant
GOLD Restaurant,info@goldrestaurant.co.za,021 421 4653,http://www.goldrestaurant.co.za/,"Cape Town, South Africa",african restaurant,restaurant
Fyn Restaurant,info@fynrestaurant.com,021 286 2733,http://fynrestaurant.com/,"Cape Town, South Africa",restaurant,restaurant
The Cousins Trattoria,dine@thecousinsrestaurant.com,083 273 9604,http://www.thecousinsrestaurant.com/,"Cape Town, South Africa",italian restaurant,restaurant
Bouchon Bistro,info@bouchon.co.za,021 422 0695,http://www.bouchon.co.za/,"Cape Town, South Africa",restaurant,restaurant
Grub & Vine,hello@grubandvine.co.za,021 216 0035,http://www.grubandvine.co.za/,"Cape Town, South Africa",restaurant,restaurant
Seven Colours Eatery,reservations@sevencolourseatery.co.za,087 265 8762,https://www.sevencolourseatery.co.za/,"Cape Town, South Africa",restaurant,restaurant
Upper Union,reservations@upperunion.co.za,021 891 0360,http://www.upperunion.co.za/,"Cape Town, South Africa",restaurant,restaurant
VIXI Social House,bookings@vixi.co.za,021 418 1338,http://www.vixi.co.za/,"Cape Town, South Africa",restaurant,restaurant
Bo-Vine Wine & Grill House Camps Bay,events@cbkitchens.com,021 203 5314,http://www.bovinegrillhouse.com/,"Cape Town, South Africa",restaurant,restaurant
Mozambik V & A Waterfront,waterfront@mozambik.co.za,021 023 0345,https://www.mozambik.co.za/western-cape/waterfront/#,"Cape Town, South Africa",restaurant,restaurant
Fuego at Troika Sky Dining,frontdesk@troikaskydining.com,03-2162 0886,http://www.troikaskydining.com/fuego/,"Kuala Lumpur, Malaysia",south american restaurant,restaurant
Cielo Rooftop - Dining and Lounge,customerservice@cielokl.com,012-365 5059,http://cielokl.com/,"Kuala Lumpur, Malaysia",western restaurant,restaurant
Beta KL,betakualalumpur@gmail.com,019-212 1094,https://www.betakl.com/,"Kuala Lumpur, Malaysia",fine dining restaurant,restaurant
Skillet KL,skilletat163@gmail.com,019-212 1240,https://www.skilletkl.com/,"Kuala Lumpur, Malaysia",asian restaurant,restaurant
Bar.Kar Best Restaurant KL,event@feastdininggroup.com,011-2277 3131,https://www.barkarkl.com/,"Kuala Lumpur, Malaysia",restaurant,restaurant
Dining In The Dark KL,customerservice@dininginthedarkkl.com,012-305 2011,https://dininginthedarkkl.com/,"Kuala Lumpur, Malaysia",restaurant,restaurant
NADODI,info@nadodikl.com,017-296 9520,http://www.nadodikl.com/,"Kuala Lumpur, Malaysia",fine dining restaurant,restaurant
El Cerdo,customerservice@elcerdokl.com,013-309 4197,http://elcerdokl.com/,"Kuala Lumpur, Malaysia",spanish restaurant,restaurant
RSVP restaurant,info@pistachiofoods.com,0818 616 6666,https://rsvplagos.com/,"Lagos, Nigeria",american restaurant,restaurant
Noir Lagos,info@noir.live,0908 066 6687,http://www.noir.live/,"Lagos, Nigeria",wine bar,restaurant
Z Kitchen,zkitchencareers@zkitchen.co,0906 422 2222,https://zkitchen.co/,"Lagos, Nigeria",restaurant,restaurant
Eric Kayser - Victoria Island,ecommerce@maison-kayser.com,0906 000 7275,https://www.maison-kayser.com/boulangeries/23-31-nigeria,"Lagos, Nigeria",restaurant,restaurant
Wakame Asian Kitchen & Lounge,loslg.wakame@marriott.com,0707 469 3295,http://www.wakamerestaurant.com/,"Lagos, Nigeria",restaurant,restaurant
FX Buckley Steakhouse Crow Street,crowstreet@fxbuckley.ie,,https://www.thebuckleycollection.ie/crow-street,"Dublin, Ireland",steak house,restaurant
Pigalle Restaurant,info@pigalle.capetown,,http://www.pigalle.capetown/,"Cape Town, South Africa",restaurant,restaurant
Bunglow37,bunglow37@gmail.com,,https://www.bunglow37.com/,"Kuala Lumpur, Malaysia",restaurant,restaurant
Shiro Lagos,info@liquid.com,,https://experienceshiro.com/,"Lagos, Nigeria",restaurant,restaurant
NOK by Alara,eservations@nokbyalara.com,,http://www.nokbyalara.com/,"Lagos, Nigeria",african restaurant,restaurant
Lazy Bear,contact@lazybearsf.com,(415) 874-9921,http://www.lazybearsf.com/,"San Francisco, USA",restaurants,restaurant
Scoma's Restaurant,seafood@scomas.com,(415) 771-4383,https://scomas.com/,"San Francisco, USA",restaurants,restaurant
Rich Table,info@richtablesf.com,(415) 355-9085,http://richtablesf.com/,"San Francisco, USA",restaurants,restaurant
Bottega,info@bottegavalencia.com,(415) 655-9048,http://www.bottegavalencia.com/,"San Francisco, USA",restaurants,restaurant
Absinthe Brasserie & Bar,talk@absinthe.com,(415) 551-1590,http://www.absinthe.com/,"San Francisco, USA",restaurants,restaurant
Trestle Restaurant,info@trestlesf.com,(415) 772-0922,http://trestlesf.com/,"San Francisco, USA",restaurants,restaurant
The Cavalier,information@thecavaliersf.com,(415) 321-6000,https://www.thecavaliersf.com/?y_source=1_MjQ4NzYzNDYtNzE1LWxvY2F0aW9uLndlYnNpdGU%3D,"San Francisco, USA",restaurants,restaurant
Bix,info@bixrestaurant.com,(415) 433-6300,http://www.bixrestaurant.com/,"San Francisco, USA",restaurants,restaurant
Abacá,info@restaurantabaca.com,(415) 486-0788,http://www.restaurantabaca.com/,"San Francisco, USA",restaurants,restaurant
The Front Porch,thefrontporchsf@gmail.com,(415) 695-7800,https://www.thefrontporchsf.com/,"San Francisco, USA",restaurants,restaurant
Atlantic Fish Company,websitecontact@atlanticfishco.com,(617) 267-4000,https://www.atlanticfish.com/,"Boston, USA",restaurants,restaurant
Estella Restaurant,partnership@estellaboston.com,(617) 855-9869,https://www.estellaboston.com/,"Boston, USA",restaurants,restaurant
Contessa Boston,reservations@contessaboston.com,(617) 741-3404,https://www.contessaristorante.com/boston/?utm_medium=Click&utm_source=GoogleMyBusiness,"Boston, USA",restaurants,restaurant
Committee,events@committeeboston.com,(617) 737-5051,https://committeeboston.com/?utm_source=google&utm_medium=organic&utm_campaign=Google_My_Business,"Boston, USA",restaurants,restaurant
Canlis,reservations@canlis.com,(206) 283-3313,https://canlis.com/,"Seattle, USA",restaurants,restaurant
Pike Place Chowder - Pike Place Market,info@pikeplacechowder.com,(206) 267-2537,https://www.pikeplacechowder.com/,"Seattle, USA",restaurants,restaurant
Toulouse Petit Kitchen & Lounge,reservations@toulousepetit.com,(206) 432-9069,https://www.toulousepetit.com/,"Seattle, USA",restaurants,restaurant
Shaker + Spear,info@shakerandspear.com,(206) 826-1700,https://www.shakerandspear.com/,"Seattle, USA",restaurants,restaurant
Matt's in the Market,events@mattsinthemarket.com,(206) 467-7909,http://www.mattsinthemarket.com/,"Seattle, USA",restaurants,restaurant
Von's 1000Spirits,info@vons1000spirits.com,(206) 621-8667,https://www.vons1000spirits.com/?utm_source=gmb&utm_medium=organic&utm_campaign=gmbpost,"Seattle, USA",restaurants,restaurant
Decorum Birmingham,info@decorumbirmingham.co.uk,0121 820 8635,https://decorumbirmingham.co.uk/,"Birmingham, UK",restaurants,restaurant
Tattu Birmingham,birmingham@tattu.co.uk,0121 236 5556,https://tattu.co.uk/locations/birmingham/,"Birmingham, UK",restaurants,restaurant
Pasture Birmingham,jointheteam@pasturerestaurant.com,07907 868498,https://pasturerestaurant.com/locations/pasture-birmingham/,"Birmingham, UK",restaurants,restaurant
Fat Hippo Birmingham,birmingham@fathippo.co.uk,0121 820 0046,https://fathippo.co.uk/,"Birmingham, UK",restaurants,restaurant
The Wilderness,reservations@wearethewilderness.co.uk,0121 233 9425,http://wearethewilderness.co.uk/,"Birmingham, UK",restaurants,restaurant
Adam's Restaurant,info@adamsrestaurant.co.uk,0121 643 3745,https://www.adamsrestaurant.co.uk/,"Birmingham, UK",restaurants,restaurant
The Lost & Found Birmingham,info@the-lostandfound.co.uk,0121 643 9293,https://www.lostandfoundbirmingham.co.uk/?utm_source=gbp&utm_medium=Yext&y_source=1_MjMyMjYxMjItNzE1LWxvY2F0aW9uLndlYnNpdGU%3D,"Birmingham, UK",restaurants,restaurant
Tropea,enquiries@tropea.uk,0121 427 9777,https://www.tropea.uk/,"Birmingham, UK",restaurants,restaurant
San Carlo - Birmingham,guestrelations@sancarlo.co.uk,0121 633 0251,https://sancarlo.co.uk/restaurants/san-carlo-birmingham/?utm_source=google&utm_medium=organic_gbp&utm_campaign=birmingham,"Birmingham, UK",restaurants,restaurant
Tattu Edinburgh,edinburgh@tattu.co.uk,0131 558 1922,https://tattu.co.uk/locations/edinburgh/,"Edinburgh, UK",restaurants,restaurant
The Piper's Rest,info@thepipersrest.co.uk,0131 285 5240,http://www.thepipersrest.co.uk/,"Edinburgh, UK",restaurants,restaurant
LYLA Restaurant & Rooms,reservations@lylaedinburgh.co.uk,0131 285 8808,https://lylaedinburgh.co.uk/,"Edinburgh, UK",restaurants,restaurant
The Spence,reservations@gleneaglestownhouse.com,0131 322 3780,https://gleneagles.com/townhouse/eat-drink/the-spence/?utm_source=google&utm_medium=local&utm_campaign=restaurant-thespence,"Edinburgh, UK",restaurants,restaurant
The Buttery,buttery@twofatladiesrestaurant.com,0141 221 8188,https://twofatladiesrestaurant.com/buttery,"Glasgow, UK",restaurants,restaurant
Ox and Finch,hello@oxandfinch.com,0141 339 8627,http://www.oxandfinch.com/,"Glasgow, UK",restaurants,restaurant
The Merchant Steakhouse,manager@themerchantsteakhouse.com,0141 552 2019,https://themerchantsteakhouse.com/,"Glasgow, UK",restaurants,restaurant
Sugo Pasta,hello@sugopasta.co.uk,0141 258 1650,https://www.sugopasta.co.uk/,"Glasgow, UK",restaurants,restaurant
The Citizen Glasgow,info@thecitizenglasgow.co.uk,0141 222 2909,http://www.thecitizenglasgow.co.uk/,"Glasgow, UK",restaurants,restaurant
Bothy Glasgow,info@bothyglasgow.co.uk,0141 334 4040,http://www.bothyglasgow.co.uk/,"Glasgow, UK",restaurants,restaurant
Fallachan Kitchen,kitchen@fallachan.co.uk,,https://www.fallachankitchen.co.uk/,"Glasgow, UK",restaurants,restaurant
The Iron Duke,theirondukeglasgow@outlook.com,07825 108219,https://theirondukeglasgow.co.uk/,"Glasgow, UK",restaurants,restaurant
Chaophraya,info@thaileisuregroup.co.uk,0141 320 0241,https://chaophraya.co.uk/glasgow/,"Glasgow, UK",restaurants,restaurant
Rumi Restaurant,admin@rumirestaurant.info,0141 846 0704,https://www.rumirestaurant.info/,"Glasgow, UK",restaurants,restaurant
Le Majestique Montréal,info@restobarmajestique.com,(514) 439-1850,http://www.restobarmajestique.com/,"Montreal, Canada",restaurants,restaurant
Yoko Luna,concierge@yokoluna.com,(514) 929-9656,http://www.yokoluna.com/,"Montreal, Canada",restaurants,restaurant
Île Flottante,info@restaurantileflottante.com,(514) 278-6854,http://www.restaurantileflottante.com/,"Montreal, Canada",restaurants,restaurant
Gibbys,info@gibbys.com,(514) 282-1837,http://www.gibbys.com/,"Montreal, Canada",restaurants,restaurant
Garde Manger,admin@crownsalts.com,(514) 678-5044,http://gardemanger.ca/,"Montreal, Canada",restaurants,restaurant
BARROCO,info@barroco.ca,(438) 812-7852,http://www.barroco.ca/,"Montreal, Canada",restaurants,restaurant
Ten Foot Henry,eat@tenfoothenry.com,(403) 475-5537,http://tenfoothenry.com/,"Calgary, Canada",restaurants,restaurant
Orchard Restaurant,hello@orchardyyc.com,(403) 243-2392,https://orchardyyc.com/,"Calgary, Canada",restaurants,restaurant
Salt & Brick - Calgary,info@saltandbrick.com,(403) 371-3429,http://www.saltandbrick.com/,"Calgary, Canada",restaurants,restaurant
NOtaBLE - The Steakhouse,info@notablesteak.ca,(403) 288-4372,https://www.notablesteak.ca/,"Calgary, Canada",restaurants,restaurant
Pat and Betty,lotus@patandbetty.com,,http://www.patandbetty.com/,"Calgary, Canada",restaurants,restaurant
Klein / Harris,hello@kleinharris.com,(403) 262-8100,http://www.kleinharris.com/,"Calgary, Canada",restaurants,restaurant
Vero Bistro Moderne,info@verobistro.ca,(403) 283-8988,http://www.verobistro.ca/,"Calgary, Canada",restaurants,restaurant
La Vue Waterfront Restaurant,ronaldo@lavuerestaurant.com.au,,https://lavuerestaurant.com.au/,"Brisbane, Australia",restaurants,restaurant
Rogue Bistro,info@roguebistro.com,0476 764 833,http://www.roguebistro.com/,"Brisbane, Australia",restaurants,restaurant
Toscano Bar & Kitchen,info@toscanobar.com.au,(07) 3705 4326,https://www.toscanobar.com.au/,"Brisbane, Australia",restaurants,restaurant
Rothwell’s Bar & Grill,reservations@rothwellsbrisbane.com.au,(07) 3038 1169,https://rothwellsbrisbane.com.au/,"Brisbane, Australia",restaurants,restaurant
Southside Restaurant,seatme@southside-restaurant.com.au,(07) 3067 7269,https://www.southside-restaurant.com.au/,"Brisbane, Australia",restaurants,restaurant
Pompette,info@pompette.com.au,(07) 2111 6888,https://www.pompette.com.au/,"Brisbane, Australia",restaurants,restaurant
