business_name,address,owner_name,email,phone,website,category,city,source
Le Colimaçon,"44 Rue Vieille du Temple, 75004 Paris, France",,contactcolimacon@gmail.com,,https://le-colimacon.fr/,french restaurant,"Paris, France",google_maps
Esteban,"1 Temperance Ln, Sydney NSW 2000, Australia",,info@estebanrestaurant.com.au,(02) 9290 7022,https://www.estebanrestaurant.com.au/,mexican restaurant,"Sydney, Australia",google_maps
Aria Restaurant Sydney,"1 Macquarie St, Sydney NSW 2000, Australia",,res.ariasydney@solotel.com.au,(02) 9240 2255,https://www.ariasydney.com.au/?utm_source=google&utm_medium=organic&utm_campaign=gbp&utm_content=Aria_Restaurant_Sydney&utm_term=plcid_18420151015366914459,fine dining restaurant,"Sydney, Australia",google_maps
NOMAD Sydney,"16 Foster St, Surry Hills NSW 2010, Australia",,eat@nomad.sydney,(02) 9280 3395,https://nomad.sydney/,australian restaurant,"Sydney, Australia",google_maps
Infinity at Sydney Tower,"Westfield Sydney, Level 4/108 Market St, Sydney NSW 2000, Australia",,reservations@infinitysydneytower.com.au,,https://infinitysydneytower.com.au/,fine dining restaurant,"Sydney, Australia",google_maps
"Luna Lu - Asian Fusion, The Rocks","Ground Level, Bays 4 and 5, Campbells Cove, 7-27 Circular Quay W, The Rocks NSW 2000, Australia",,reservations@lunalu.com.au,(02) 8220 8401,http://www.lunalu.com.au/,asian fusion restaurant,"Sydney, Australia",google_maps
Lana,"Level 1/5-7 Young St, Sydney NSW 2000, Australia",,lana@hinchcliffhouse.com,(02) 7228 1400,https://lana.sydney/,italian restaurant,"Sydney, Australia",google_maps
Primi Italian,"168 Clarence St, Sydney NSW 2000, Australia",,info@test.com,(02) 8296 6430,https://primiitalian.com.au/,italian restaurant,"Sydney, Australia",google_maps
Restaurant Hubert,"15 Bligh St, Sydney NSW 2000, Australia",Brendan Fong,reservations@restauranthubert.com,(02) 8302 2322,https://www.swillhouse.com/venues/restaurant-hubert,french restaurant,"Sydney, Australia",google_maps
RASA,"196 Robert St, Toronto, ON M5S 2K7, Canada",,rasa@thefooddudes.com,(647) 350-8221,http://www.rasabar.ca/,restaurant,"Toronto, Canada",google_maps
Canoe,"66 Wellington St W 54th floor, Toronto, ON M5K 1E9, Canada",,donations@oliverbonacini.com,(416) 364-0054,http://www.canoerestaurant.com/,wine bar,"Toronto, Canada",google_maps
KŌST,"80 Blue Jays Way 44th Floor, Toronto, ON M5V 2G3, Canada",,info@kosttoronto.com,(437) 800-5938,https://kosttoronto.com/,californian restaurant,"Toronto, Canada",google_maps
PAI,"18 Duncan St, Toronto, ON M5H 3G8, Canada",,downtown@paitoronto.com,(416) 901-4724,http://www.paitoronto.com/,thai restaurant,"Toronto, Canada",google_maps
Aloette Restaurant,"163 Spadina Ave. 1st Floor, Toronto, ON M5V 2A5, Canada",,info@aloetterestaurant.com,(416) 260-3444,http://aloetterestaurant.com/,bistro,"Toronto, Canada",google_maps
Daphne,"67 Richmond St W, Toronto, ON M5H 1Z5, Canada",,info@daphnetoronto.com,(416) 203-1414,https://daphnetoronto.com/,american restaurant,"Toronto, Canada",google_maps
The Chase,"10 Temperance St Fl 5, Toronto, ON M5H 1Y4, Canada",,events@thechaserg.com,(647) 348-7000,http://www.thechasetoronto.com/,restaurant,"Toronto, Canada",google_maps
Fox on John,"106 John St #3, Toronto, ON M5V 2E1, Canada",,info@foxonjohn.ca,(647) 748-0369,https://www.foxonjohn.ca/,wine bar,"Toronto, Canada",google_maps
GEORGE Restaurant,"111C Queen St E, Toronto, ON M5C 1S2, Canada",,concierge@verity.ca,(416) 863-6006,http://www.georgeonqueen.com/,bar,"Toronto, Canada",google_maps
Nightingale,"1017 W Hastings St, Vancouver, BC V6C 2G6, Canada",,info@hawknightingale.com,(604) 695-9500,http://hawknightingale.com/,restaurant,"Vancouver, Canada",google_maps
Chambar Restaurant,"568 Beatty St, Vancouver, BC V6B 2L3, Canada",,info@chambar.com,(604) 879-7119,http://www.chambar.com/,restaurant,"Vancouver, Canada",google_maps
Cardero's Restaurant,"1583 Coal Harbour Quay, Vancouver, BC V6G 3J7, Canada",,info@vancouverdine.com,(604) 669-7666,https://www.vancouverdine.com/carderos/,seafood restaurant,"Vancouver, Canada",google_maps
Joe Fortes Seafood & Chop House,"777 Thurlow St, Vancouver, BC V6E 3V5, Canada",,info@joefortes.ca,(604) 669-1940,http://www.joefortes.ca/,seafood restaurant,"Vancouver, Canada",google_maps
Glowbal,"590 W Georgia St, Vancouver, BC V6E 1A3, Canada",,info@glowbal.ca,(604) 602-0835,https://glowbalgroup.com/glowbal/,restaurant,"Vancouver, Canada",google_maps
Coast,"1054 Alberni St, Vancouver, BC V6E 1A3, Canada",,info@coastrestaurant.ca,(604) 685-5010,https://www.glowbalgroup.com/coast/,restaurant,"Vancouver, Canada",google_maps
Lavantine Restaurant & Skybar,"833 W Pender St, Vancouver, BC V6C 1K7, Canada",,natasha@azurhotelvancouver.com,(604) 416-2855,https://lavantine.ca/,restaurant,"Vancouver, Canada",google_maps
Italian Kitchen,"860 Burrard St, Vancouver, BC V6Z 1X9, Canada",,info@theitaliankitchen.ca,(604) 687-2858,https://www.glowbalgroup.com/italiankitchen/,restaurant,"Vancouver, Canada",google_maps
Five Sails Restaurant,"999 Canada Pl, Vancouver, BC V6C 3E1, Canada",,info@fivesails.ca,(604) 844-2855,https://glowbalgroup.com/five-sails/,restaurant,"Vancouver, Canada",google_maps
Marcel,"1170 Howell Ml Rd, Atlanta, GA 30318, USA",,eventsmarcel@rocketfarmrestaurants.com,(404) 665-4555,http://www.marcelatl.com/,french restaurant,"Atlanta, USA",google_maps
By George restaurant and bar,"127 Peachtree Rd NE, Atlanta, GA 30303, USA",,bygeorge@thecandlerhotel.com,(470) 851-2752,https://www.bygeorgeatl.com/,restaurant,"Atlanta, USA",google_maps
Poor Calvin's,"510 Piedmont Ave NE, Atlanta, GA 30308, USA",,info@poorcalvins.com,(404) 254-4051,http://www.poorcalvins.com/,asian fusion restaurant,"Atlanta, USA",google_maps
Tabla,"77 12th St NE #2, Atlanta, GA 30309, USA",,info@tablaatlanta.com,(404) 464-8571,https://tablaatlanta.com/,indian restaurant,"Atlanta, USA",google_maps
Nikolai's Roof,"255 Courtland St NE, Atlanta, GA 30303, USA",,nikolais_roof@hilton.com,(404) 221-6362,http://nikolaisroofatl.com/?SEO_id=GMB-HH-R-ATLAHHH-1&y_source=1_MTU0MDUxNDItNzE1LWxvY2F0aW9uLndlYnNpdGU%3D,restaurant,"Atlanta, USA",google_maps
"The Sun Dial Restaurant, Bar & View","210 Peachtree St NW, Atlanta, GA 30303, USA",,sundial@westin.com,(404) 589-7506,https://www.sundialrestaurant.com/,restaurant,"Atlanta, USA",google_maps
Disfrutar,"Carrer de Villarroel, 163, Eixample, 08036 Barcelona, Spain",,admin@cxcchefs.com,933 48 68 96,http://www.disfrutarbarcelona.com/,fine dining restaurant,"Barcelona, Spain",google_maps
Casa Lolea,"Carrer de Sant Pere Més Alt, 49, Ciutat Vella, 08003 Barcelona, Spain",,holabcn@casalolea.com,936 24 10 16,https://casalolea.com/,restaurant,"Barcelona, Spain",google_maps
Arcano Restaurant cave,"Carrer dels Mercaders, 10, Ciutat Vella, 08003 Barcelona, Spain",,info@arcanobcn.com,932 95 64 67,https://www.arcanobarcelona.com/,mediterranean restaurant,"Barcelona, Spain",google_maps
Prado de Flores Restaurant,"Carrer de Santa Anna, 11, Ciutat Vella, 08002 Barcelona, Spain",,reservaspradodeflores@hotmail.com,933 21 50 93,https://pradodeflores.es/,mediterranean restaurant,"Barcelona, Spain",google_maps
2254 Barcelona Restaurant,"Carrer del Consell de Cent, 335, Eixample, 08007 Barcelona, Spain",,info@2254tapasbarcelona.com,935 28 60 02,https://2254tapasbarcelona.com/,tapas restaurant,"Barcelona, Spain",google_maps
Maleducat l Restaurante Eixample,"Carrer de Manso, 54, Eixample, 08015 Barcelona, Spain",,reserves@maleducat.es,936 04 67 53,https://maleducat.es/?utm_source=GMB&utm_medium=gmb&utm_id=web,restaurant,"Barcelona, Spain",google_maps
Restaurant Ibid,"18 N Canal Rd, Singapore 048830",,hello@restaurantibid.com,9151 8698,https://www.restaurantibid.com/,asian fusion restaurant,Singapore,google_maps
Burnt Ends,"7 Dempsey Rd, #01-02, Singapore 249671",Dave Pynt,eat@burntends.com.sg,6224 3933,https://burntends.com.sg/,barbecue restaurant,Singapore,google_maps
Kimchi Dining | Korean Restaurant Singapore,"181 Orchard Rd, #06-10 Orchard Central Singapore 238896",,business@initia.sg,9113 7090,https://initia.sg/pages/kimchi-dining,korean restaurant,Singapore,google_maps
Eden Restaurant,"270 Orchard Rd, Singapore 238857",,henrik.hansson@accor.com,6603 8888,https://restaurantsandbars.accor.com/en/restaurant/B9H8_R001,restaurant,Singapore,google_maps
Dusk @ Mount Faber Peak,"Mount Faber Rd, Level 2 Mount Faber Peak Singapore, Singapore 099203",,guestrelations@mflg.com.sg,6361 0088,https://mountfaberdining.com/pages/dusk,restaurant,Singapore,google_maps
NOX - Dine in the Dark,"83 Club St, Singapore 069451",,enquiries@noxdineinthedark.com,6298 0708,https://www.noxdineinthedark.com/,european restaurant,Singapore,google_maps
Tora Tora Tora Japanese Restaurant Singapore,"62 Ubi Rd 1, #11-19, Singapore 408734",,roar@toratoratora.sg,9852 9148,https://www.toratoratora.sg/,japanese restaurant,Singapore,google_maps
The Halia at Singapore Botanic Gardens,"1 Cluny Rd, Ginger Garden Singapore Botanic Gardens, Singapore 259569",,general.hsbg@thehalia.com,8444 1148,http://www.thehalia.com/,restaurant,Singapore,google_maps
Cappadocia Turkish & Mediterranean Restaurant,"67 Bussorah St, Singapore 199481",,cappadocia.sg@gmail.com,8357 3861,https://www.cappasg.net/?utm_source=google_profile&utm_campaign=localo&utm_medium=mainlink,turkish restaurant,Singapore,google_maps
Kaya at The Standard,"12 Orange Grove Rd, #02-00, Singapore 258353",,kayaatthestandard@standardhotels.com,8858 7463,http://www.kayaatthestandard.com/,restaurant,Singapore,google_maps
Onslow,"9 Princes Street, Auckland CBD, Auckland 1010, New Zealand",,info@onslow.nz,09 930 9123,http://www.onslow.nz/,fine dining restaurant,"Auckland, New Zealand",google_maps
alma,"130 Quay Street, Auckland CBD, Auckland 1010, New Zealand",,info@alma.nz,09 242 1570,http://www.alma.nz/,restaurant,"Auckland, New Zealand",google_maps
Amano,"66 - 68, Tyler Street, Britomart Place, Auckland CBD, Auckland 1010, New Zealand",Bhupen Master Independent,info@amano.nz,09 394 1416,https://savor.co.nz/amano,restaurant,"Auckland, New Zealand",google_maps
Depot,"86 Federal Street, Auckland CBD, Auckland 1010, New Zealand",,hello@eatatdepot.co.nz,09 363 7048,https://depoteatery.co.nz/,restaurant,"Auckland, New Zealand",google_maps
Culprit.,"Level 1/12 Wyndham Street, Auckland CBD, Auckland 1010, New Zealand",,hello@culprit.co.nz,09 377 5992,http://www.culpritdiningroom.co.nz/,restaurant,"Auckland, New Zealand",google_maps
Hello Beasty,"95-97 Customs Street West, Auckland CBD, Auckland 1010, New Zealand",,emma@hellobeasty.nz,021 554 496,http://hellobeasty.nz/,restaurant,"Auckland, New Zealand",google_maps
The Conservatory,"E1/17 Jellicoe Street, Auckland CBD, Auckland 1010, New Zealand",,nowreservations@theconservatory.co.nz,09 307 2222,http://www.theconservatory.co.nz/,restaurant,"Auckland, New Zealand",google_maps
Baduzzi,"10/26 Jellicoe Street, North Wharf, Auckland 1010, New Zealand",,info@baduzzi.co.nz,09 309 9339,http://www.baduzzi.co.nz/,italian restaurant,"Auckland, New Zealand",google_maps
Paris Butter,"166 Jervois Road, Herne Bay, Auckland 1011, New Zealand",,reservations@parisbutter.co.nz,09 376 5597,http://www.parisbutter.co.nz/,restaurant,"Auckland, New Zealand",google_maps
Gilt Brasserie,"2 Chancery Street, Chambers, Auckland 1010, New Zealand",,hello@giltbrasserie.nz,09 300 3126,https://giltbrasserie.nz/,restaurant,"Auckland, New Zealand",google_maps
Onemata,"Park Hyatt Auckland 99 Halsey Street, Auckland CBD, Auckland 1010, New Zealand",,onemata@hyatt.com,09 366 2500,https://onematarestaurant.co.nz/,restaurant,"Auckland, New Zealand",google_maps
The French Cafe,"210 Symonds Street, Eden Terrace, Auckland 1010, New Zealand",,info@sidatthefrenchcafe.co.nz,09 377 1911,https://www.thefrenchcafe.co.nz/,fine dining restaurant,"Auckland, New Zealand",google_maps
Ortolana,"33 Tyler Street, Auckland CBD, Auckland 1010, New Zealand",,ortolana@savorgroup.co.nz,09 368 9487,http://ortolana.co.nz/,italian restaurant,"Auckland, New Zealand",google_maps
kingi,"Tuawhiti Lane, 29 Galway Street, Auckland CBD, Auckland 1010, New Zealand",,kingi@thehotelbritomart.com,09 300 9596,http://www.kingibritomart.com/,restaurant,"Auckland, New Zealand",google_maps
La Cabrera,"José A. Cabrera 5127, C1414BGQ Cdad. Autónoma de Buenos Aires, Argentina",,info@lacabrera.com.ar,011 4831-0325,http://lacabrera.com.ar/,barbecue restaurant,"Buenos Aires, Argentina",google_maps
Don Julio Parrilla,"Guatemala 4699, C1425 Cdad. Autónoma de Buenos Aires, Argentina",,info@parrilladonjulio.com.ar,011 4831-9564,https://www.parrilladonjulio.com/,restaurant,"Buenos Aires, Argentina",google_maps
El Gran Paraiso,"Gral. José Garibaldi 1428, C1166 Cdad. Autónoma de Buenos Aires, Argentina",,info@granparaiso.com.ar,011 15-2730-8488,https://granparaiso.com.ar/,argentinian restaurant,"Buenos Aires, Argentina",google_maps
Parrilla Cero5,"Suipacha 930, C1008AAT Cdad. Autónoma de Buenos Aires, Argentina",,info@parrillacero5.com.ar,011 5110-2962,http://www.parrillacero5.com/,restaurant,"Buenos Aires, Argentina",google_maps
Mishiguene,"Lafinur 3368, C1425 Cdad. Autónoma de Buenos Aires, Argentina",,info@mishiguene.com,011 15-7216-1226,https://mishiguenerestaurant.com/,fine dining restaurant,"Buenos Aires, Argentina",google_maps
Café De Tacuba,"C. de Tacuba 28, Centro Histórico de la Cdad. de México, Centro, Cuauhtémoc, 06010 Ciudad de México, CDMX, Mexico",,reservaciones@cafedetacuba.mx,729 772 3921,http://cafedetacuba.mx/,restaurant,"Mexico City, Mexico",google_maps
Rosa Negra,"Av. Pdte. Masaryk 298, Polanco, Polanco IV Secc, Miguel Hidalgo, 11550 Ciudad de México, CDMX, Mexico",,contacto@gruporosanegra.com.mx,55 5282 2603,https://www.rosanegra.com.mx/restaurantes-polanco-mexico-city-restaurants?utm_source=organic&utm_medium=gmb&utm_campaign=rosapolanco&ot_source=gmb_2834_rnp,latin american restaurant,"Mexico City, Mexico",google_maps
Casa Prime Hilton Centro Histórico,"Hotel Hilton, Av. Juarez #70-Local 1, Colonia Centro, Centro, Cuauhtémoc, 06010 Ciudad de México, CDMX, Mexico",,contacto@mexicohg.com,55 9990 5865,https://casaprime.com.mx/,restaurant,"Mexico City, Mexico",google_maps
Contramar,"Durango 200, Roma Nte., Cuauhtémoc, 06700 Ciudad de México, CDMX, Mexico",,info@redcontramar.com,55 5514 9217,http://www.contramar.com.mx/,seafood restaurant,"Mexico City, Mexico",google_maps
Chapulín,"Campos Elíseos 218, Polanco, Polanco IV Secc, Miguel Hidalgo, 11560 Ciudad de México, CDMX, Mexico",,mexico_reservaciones@grupopresidente.com,55 4170 9318,https://chapulinrestaurante.com.mx/,mexican restaurant,"Mexico City, Mexico",google_maps
Miralto Restaurante,"Eje Central Lázaro Cárdenas, TORRE LATINOAMERICANA 2-PISO 41, Centro Histórico de la Cdad. de México, Centro, Cuauhtémoc, 06000 Ciudad de México, CDMX, Mexico",,info@miralto.com.mx,55 5518 1710,http://miralto.com.mx/,restaurant,"Mexico City, Mexico",google_maps
CÉ LA VI,"Tower 2 - Level 54, Address Sky View Hotel - بوليفارد الشيخ محمد بن راشد - برج خليفة - دبي - United Arab Emirates",,events-dxb@celavi.com,04 582 6111,https://dxb.celavi.com/,restaurant,"Dubai, UAE",google_maps
Alba Restaurant Dubai,Dubai Opera Plaza - Sheikh Mohammed bin Rashid Blvd - Burj Khalifa - Downtown Dubai - Dubai - United Arab Emirates,,alba@metafoodiesgroup.com,058 147 9888,https://alba.metafoodiesgroup.com/,japanese restaurant,"Dubai, UAE",google_maps
NAZCAA,Address Dubai Mall Hotel - Level 12 - Sheikh Mohammed bin Rashid Blvd - Burj Khalifa - Downtown Dubai - Dubai - United Arab Emirates,,reservations@nazcaa.com,04 542 4200,http://nazcaa.com/,restaurant,"Dubai, UAE",google_maps
Trèsind Dubai,"One&Only Royal Mirage, Arabian Court - Al Safouh Second - Dubai - United Arab Emirates",,tresind@passionfandb.com,800 1604,https://tresind.com/dubai,fine dining restaurant,"Dubai, UAE",google_maps
The Banc Dubai - Restaurant & Bar,Renaissance Hotel - 188 Marasi Dr - Business Bay - Dubai - United Arab Emirates,,reservations@thebanc.ae,04 566 2262,https://thebanc.ae/?utm_source=google_profile&utm_campaign=localo&utm_medium=mainlink,restaurant,"Dubai, UAE",google_maps
Jamavar Dubai,Address Residences Opera District - Burj Khalifa - Downtown Dubai - Dubai - United Arab Emirates,,reservations@jamavardubai.com,04 553 7852,https://jamavarrestaurants.com/indian-restaurant-dubai/,indian restaurant,"Dubai, UAE",google_maps
11 Woodfire,Villa 11 75B St - Jumeirah - Jumeirah 1 - Dubai - United Arab Emirates,,info@11woodfire.com,04 491 9000,http://www.11woodfire.com/,fine dining restaurant,"Dubai, UAE",google_maps
Maison De Curry | Restaurant with the best views of Burj Khalifa & Dubai Fountains,Souk Al Bahar - Sheikh Mohammed bin Rashid Blvd - Burj Khalifa - Downtown Dubai - Dubai - United Arab Emirates,,mdc@passionfandb.com,052 406 6183,https://maisondecurry.com/,restaurant,"Dubai, UAE",google_maps
Jovee - Japanese & European Restaurant,"souk al bahar , Level 2 - برج خليفة - وسط مدينة دبي - دبي - United Arab Emirates",,info@joveedubai.com,050 786 8343,https://www.joveedubai.com/,restaurant,"Dubai, UAE",google_maps
Bisou Restaurant Dubai,Dubai Opera Plaza - Sheikh Mohammed bin Rashid Blvd - Burj Khalifa - Downtown Dubai - Dubai - United Arab Emirates,,bisou@metafoodiesgroup.com,058 140 6888,https://bisou.metafoodiesgroup.com/,restaurant,"Dubai, UAE",google_maps
Krasota Dubai Restaurant,The Address Downtown - G Floor Sheikh Mohammed bin Rashid Blvd - Burj Khalifa - Downtown Dubai - Dubai - United Arab Emirates,,dubai@krasota.art,04 433 1258,https://bit.ly/krasota_reservation,restaurant,"Dubai, UAE",google_maps
The Refuge,"Oxford St, Manchester M60 7HA, UK",,refugemcr@ihg.com,0161 233 5151,http://www.refugemcr.co.uk/,restaurant,"Manchester, UK",google_maps
Tattu Manchester,"3 Hardman Square, Gartside St, Manchester M3 3EB, UK",,manchester@tattu.co.uk,0161 819 2060,https://tattu.co.uk/locations/manchester/,chinese restaurant,"Manchester, UK",google_maps
Blacklock Manchester,"37 Peter St, Manchester M2 5GB, UK",,manchester@theblacklock.com,0161 414 0225,https://theblacklock.com/restaurants/manchester/,restaurant,"Manchester, UK",google_maps
Grand Pacific,"50 Spring Gardens, Manchester M2 1EN, UK",,info@grandpacificrestaurant.co.uk,0161 839 9365,https://grandpacificrestaurant.co.uk/,restaurant,"Manchester, UK",google_maps
Hawksmoor Manchester,"184, 186 Deansgate, Manchester M3 3WB, UK",,manchester@thehawksmoor.com,0161 836 6980,https://thehawksmoor.com/locations/manchester/?utm_source=google&utm_medium=organic&utm_campaign=gbp,seafood restaurant,"Manchester, UK",google_maps
Lucky Cat by Gordon Ramsay - Manchester,"100 King St, Manchester M2 4WU, UK",,luckycatmanchester@gordonramsay.com,0161 424 9150,https://www.gordonramsayrestaurants.com/lucky-cat-manchester/?utm_source=gmb&utm_medium=uberall&utm_campaign=business_profile,restaurant,"Manchester, UK",google_maps
Vincenzo Trattoria,"34 St Ann St, Manchester M2 7LE, UK",,hello@vincenzomanchester.co.uk,0161 833 1000,http://www.vincenzomanchester.co.uk/,italian restaurant,"Manchester, UK",google_maps
"Fenix Restaurant and Bar, Manchester","The Goods Yard Building, Goods Yard St, Manchester M3 3BG, UK",,manchester@fenixrestaurants.com,0161 646 0321,http://www.fenixrestaurants.com/,restaurant,"Manchester, UK",google_maps
Another hand,"Unit F, 253 Deansgate, Manchester M3 4EN, UK",,enquiries@anotherhandmcr.com,0161 834 2988,http://anotherhandmcr.com/,restaurant,"Manchester, UK",google_maps
10 Tib Lane,"10 Tib Ln, Manchester M2 4JB, UK",,bookings@10tiblane.com,0161 833 1034,https://www.10tiblane.com/,restaurant,"Manchester, UK",google_maps
MAYA,"40 Chorlton St., Manchester M1 3HW, UK",,reservations@mayamanchester.com,0161 517 0000,https://www.mayamanchester.com/,restaurant,"Manchester, UK",google_maps
Albert's Shed Restaurant Manchester,"18-20 Castle St, Manchester M3 4LZ, UK",,karen.hackett@ellerleisure.com,0161 839 9818,http://alberts-restaurants.com/shed/,breakfast restaurant,"Manchester, UK",google_maps
SANGAM MANCHESTER,"98 Portland St, Manchester M1 4GX, UK",,manchester@sangam.co.uk,0161 236 1313,https://www.sangam.co.uk/restaurants/sangam-manchester-city-centre/book-sangam-manchester/,indian restaurant,"Manchester, UK",google_maps
Tapas Molecular Bar,"2-chōme-1-1 Nihonbashimuromachi, Chuo City, Tokyo 103-8328, Japan",Gallery Gift Offers,motyo-reservations@mohg.com,03-3270-8188,https://www.mandarinoriental.com/en/tokyo/nihonbashi/dine/tapas-molecular-bar?htl=MOTYO&kw=MOTYO_tapas&eng=google&src=local,tapas restaurant,"Tokyo, Japan",google_maps
Sushi Yuu,"Japan, 〒106-0031 Tokyo, Minato City, Nishiazabu, 1-chōme−4−１５ 寿司勇",,daisuke0625@gmail.com,03-3403-6467,http://sushiyuu.com/,sushi restaurant,"Tokyo, Japan",google_maps
Hinokizaka,"Japan, 〒107-6245 Tokyo, Minato City, Akasaka, 9-chōme−7−１ 東京ミッドタウン 45階",,rc.tyorz.restaurant.sales@ritzcarlton.com,03-6434-8711,https://hinokizaka.ritzcarltontokyo.com/,sushi restaurant,"Tokyo, Japan",google_maps
Gallops Restaurant,"Inside Mahalaxmi Racecourse, Via, Gate no 1, Keshavrao Khadye Marg, Royal Western India Turf Club, Mahalakshmi, Mumbai, Maharashtra 400034, India",,info@gallopsrestaurant.com,022 6960 0111,https://gallopsrestaurant.com/,fine dining restaurant,"Mumbai, India",google_maps
Trèsind Mumbai,"Ground Floor Inspire BKC E, G Block BKC, Patthar Nagar, Bandra Kurla Complex, Bandra East, Mumbai, Maharashtra 400051, India",,tresindin@passionfandb.com,089280 00058,https://www.tresind.com/mumbai,fine dining restaurant,"Mumbai, India",google_maps
Indian Accent Mumbai,"Ground Floor, Nita Mukesh Ambani Cultural Centre, Jio World Centre, C-64, G Block, Bandra Kurla Complex, Bandra East, Mumbai, Maharashtra 400051, India",,reservations.mum@indianaccent.com,022 3525 1500,https://www.indianaccent.com/mumbai,indian restaurant,"Mumbai, India",google_maps
Veranda Bandra - Modern Indian Restaurant & Rooftop Bar,"331, Doctor BR Ambedkar Road, Pali Hill, Pali Pathar, Bandra West, Mumbai, Maharashtra 400050, India",,verandabandra@gmail.com,098200 27867,http://theveranda.in/,indian restaurant,"Mumbai, India",google_maps
Ziya Restaurant,"The Oberoi, Mumbai, Nariman Point, Mumbai, Maharashtra 400021, India",,reservations.nailafort@oberoihotels.com,022 6632 6210,https://www.oberoihotels.com/hotels-in-mumbai/dining/ziya/?utm_source=GMBlisting&utm_medium=organic,north indian restaurant,"Mumbai, India",google_maps
Peshwa Pavilion,"International Airport, Itc Maratha, Chhatrapati Shivaji Maharaj Int'l Airport Rd, Ashok Nagar, Andheri East, Mumbai, Maharashtra 400099, India",,reservations@itchotels.com,022 2830 3030,https://www.itchotels.com/in/en/itcmaratha-mumbai?utm_source=google&utm_medium=organic%20Search&utm_term=itcmaratha%20Restaurants&utm_campaign=listing,buffet restaurant,"Mumbai, India",google_maps
Namak - Indian Specialty Restaurant,"Hotel Sahara Star, opposite Terminal 1, Navpada, Vile Parle East, Vile Parle, Mumbai, Maharashtra 400099, India",,reservations@saharastar.com,022 3989 5000,https://www.saharastar.com/dining/namak-indian-specialty.html,fine dining restaurant,"Mumbai, India",google_maps
Bombay Brasserie Colaba,"Dhanraj Mahal, Chhatrapati Shivaji Maharaj Marg, Apollo Bandar, Colaba, Mumbai, Maharashtra 400001, India",,marketing@bombay-brasserie.in,086559 79257,http://bombaybrasserie.in/,restaurant,"Mumbai, India",google_maps
Tanatan Shivaji Park,"121, Ground Floor, Vidya Bhavan, opposite Sena Bhavan Dadar, Dadar West, Shivaji Park, Mumbai, Maharashtra 400028, India",,amit.libra2007@gmail.com,086575 75329,https://tanatan.co/tanatan-shivaji-park/,north indian restaurant,"Mumbai, India",google_maps
Terraço Jardins,"Alameda Santos, 2233 - Jardim Paulista, São Paulo - SP, 01419-002, Brazil",,terraco.jardins@marriott.com,(11) 97607-6586,https://www.restauranteterracojardins.com.br/,restaurant,"São Paulo, Brazil",google_maps
Jiquitaia,"Rua Coronel Oscar Porto, 808 - Paraíso, São Paulo - SP, 04003-004, Brazil",,contato@jiquitaia.com.br,(11) 3051-5638,http://jiquitaia.com.br,brazilian restaurant,"São Paulo, Brazil",google_maps
Tordesilhas,"Alameda Tietê, 489 - Jardins, São Paulo - SP, 01417-020, Brazil",,tordesilhas@tordesilhas.com,(11) 3107-7444,http://www.tordesilhas.com/,brazilian restaurant,"São Paulo, Brazil",google_maps
Banzeiro Restaurant - São Paulo,"Rua Tabapuã, 830 - Itaim Bibi, São Paulo - SP, 04533-003, Brazil",,banzeirosp@grupobanzeiro.com.br,(11) 2501-4777,https://grupobanzeiro.com.br/banzeiro-sao-paulo/,brazilian restaurant,"São Paulo, Brazil",google_maps
D.O.M.,"R. Barão de Capanema, 549 - Jardins, São Paulo - SP, 01411-010, Brazil",,dom@domrestaurante.com.br,(11) 96918-9947,http://domrestaurante.com.br/,fine dining restaurant,"São Paulo, Brazil",google_maps
Dalva e Dito,"R. Padre João Manuel, 1115 - Cerqueira César, São Paulo - SP, 01411-001, Brazil",,eventos@dalvaedito.com.br,(11) 3068-4444,http://www.dalvaedito.com.br/,brazilian restaurant,"São Paulo, Brazil",google_maps
Esther Rooftop,"01045-000 - R. Basílio da Gama, 29 - Conjunto 1101 - República, São Paulo - SP, 01046-020, Brazil",,contato@estherrooftop.com.br,(11) 3256-1009,https://www.estherrooftop.com.br/,french restaurant,"São Paulo, Brazil",google_maps
Tanit,"R. Oscar Freire, 145 - Jardins, São Paulo - SP, 01426-001, Brazil",,elviraviedma@gmail.com,(11) 3062-6385,http://restaurantetanit.com.br/,spanish restaurant,"São Paulo, Brazil",google_maps
TARAZ,"R. Itapeva, 435 - Bela Vista, São Paulo - SP, 01332-000, Brazil",,saopaulo.restaurantes@rosewoodhotels.com,(11) 3797-0500,https://www.rosewoodhotels.com/pt/sao-paulo/dining/taraz,south american restaurant,"São Paulo, Brazil",google_maps
Bar da Dona Onça,"Av. Ipiranga, 200 - 27 e 29 - Centro Histórico de São Paulo, São Paulo - SP, 01046-925, Brazil",,comunicacao@bardadonaonca.com.br,(11) 3257-2016,http://www.bardadonaonca.com.br/,bar and grill,"São Paulo, Brazil",google_maps
Storia D'Amore zona T,"Kr 13 #82-36, Bogotá, Colombia",,info@restaurantestoriadamore.com,(601) 5085809,https://co.restaurantestoriadamore.com/,italian restaurant,"Bogotá, Colombia",google_maps
La Brasserie,"Kr 13 #85-35, Bogotá, Colombia",,labrasserie@dlksa.net,313 8894213,https://labrasserierestaurante.com/,restaurant,"Bogotá, Colombia",google_maps
Andrés D.C. Bogotá,"Cl. 82 #12 -21, Bogotá, Colombia",,basesdedatos@andrescarnederes.com,315 3559096,http://www.andrescarnederes.com/andres-dc,colombian restaurant,"Bogotá, Colombia",google_maps
Prudencia,"Cra. 2 #11-34, Bogotá, Colombia",,prudenciareservas@gmail.com,(601) 3941678,http://prudencia.net/,restaurant,"Bogotá, Colombia",google_maps
Cacio & Pepe,"Cra. 11a #89 38, Bogotá, Colombia",,contacto@takami.co,(601) 6447766,https://takami.co/,italian restaurant,"Bogotá, Colombia",google_maps
Miel De Agave Phoenix,"705 N 1st St #110, Phoenix, AZ 85004, USA",,martin@lamieldeagave.com,(480) 690-2872,https://www.lamieldeagave.com/,steak house,"Phoenix, USA",google_maps
First & Last,"1001 N 3rd Ave #1, Phoenix, AZ 85003, USA",,hello@firstandlastphx.com,(602) 975-8297,http://www.firstandlastphx.com/,fine dining restaurant,"Phoenix, USA",google_maps
The Farish House,"816 N 3rd St, Phoenix, AZ 85004, USA",,eat@farishhouse.com,(602) 281-6659,https://farishhouse.com/?utm_source=google&utm_medium=local&utm_campaign=1,restaurant,"Phoenix, USA",google_maps
Ingo’s Tasty Food,"101 E Washington St Suite A, Phoenix, AZ 85004, USA",,scottsdale@ingostastyfood.com,(602) 825-3000,https://ingostastyfood.com/?utm_source=GMB&utm_medium=local&utm_campaign=dtphx,restaurant,"Phoenix, USA",google_maps
LATHA,"628 E Adams St, Phoenix, AZ 85004, USA",,hello@lathaphx.com,(480) 640-6183,https://www.lathaphx.com/,restaurant,"Phoenix, USA",google_maps
The Vintage Kitchen,"7 Poolbeg St, Dublin 2, D02 NX03, Ireland",,thevintagekitchendublin@gmail.com,(01) 679 8705,http://www.thevintagekitchen.ie/,irish restaurant,"Dublin, Ireland",google_maps
Old Mill Restaurant,"14, Temple Bar, Dublin, D02 V970, Ireland",,info@oldmillrestaurant.ie,(01) 671 9266,http://www.oldmillrestaurant.ie/,irish restaurant,"Dublin, Ireland",google_maps
Trocadero Restaurant Dublin,"No. 4, St Andrew's St, Dublin 2, D02 PD30, Ireland",,trocaderoireland@gmail.com,(01) 677 5545,http://www.trocadero.ie/,restaurant,"Dublin, Ireland",google_maps
The Shack Restaurant,"24 Essex St E, Temple Bar, Dublin 2, D02 N297, Ireland",,info@shackrestaurant.ie,(01) 679 0043,http://www.shackrestaurant.ie/,irish restaurant,"Dublin, Ireland",google_maps
WILDE Restaurant,"Harry St, Dublin 2, D02 CH66, Ireland",,wilde_reservations@doylecollection.com,(01) 646 3352,https://wilde.ie/?utm_source=google&utm_medium=local&utm_campaign=restaurant-WILDE,irish restaurant,"Dublin, Ireland",google_maps
Library Street Restaurant,"101 Setanta Pl, Dublin 2, D02 W3Y7, Ireland",,bookings@librarystreet.ie,(01) 617 0999,http://www.librarystreet.ie/,restaurant,"Dublin, Ireland",google_maps
Ryleigh's Rooftop Steakhouse,"82 N Wall Quay, North Wall, Dublin, D01 XR83, Ireland",,book@ryleighs.ie,(01) 245 7911,https://ryleighs.ie/,restaurant,"Dublin, Ireland",google_maps
Pickle Restaurant,"43 Camden Street Lower, Saint Kevin's, Dublin 2, D02 N998, Ireland",,info@picklerestaurant.com,(01) 555 7755,http://www.picklerestaurant.com/,north indian restaurant,"Dublin, Ireland",google_maps
La Caverna Restaurant and Wine Bar,"12 Fownes St Upper, Temple Bar, Dublin 2, D02 PY51, Ireland",,info@lacaverna.ie,(01) 670 3110,http://www.lacaverna.ie/,italian restaurant,"Dublin, Ireland",google_maps
Six by Nico Dublin,"1 Molesworth Pl, Leinster, Dublin, D02 WE52, Ireland",,vouchers@sixbynico.co.uk,(01) 525 5919,http://sixbynico.ie/,restaurant,"Dublin, Ireland",google_maps
Etto,"18 Merrion Row, Dublin, D02 A316, Ireland",,info@etto.ie,(01) 678 8872,http://www.etto.ie/,family restaurant,"Dublin, Ireland",google_maps
Kloof Street House,"30 Kloof St, Gardens, Cape Town, 8005, South Africa",,info@kloofstreethouse.co.za,021 423 4413,http://www.kloofstreethouse.co.za/,restaurant,"Cape Town, South Africa",google_maps
Utopia Cape Town,"15th floor, 40 Chiappini St, De Waterkant, Cape Town, 8001, South Africa",,info@utopiacapetown.co.za,021 418 3065,http://www.utopiacapetown.co.za/,restaurant,"Cape Town, South Africa",google_maps
The Pot Luck Club,"6, The Silo, The Old Biscuit Mill, 373-375 Albert Rd, Woodstock, Cape Town, 7915, South Africa",,reservations@thepotluckclub.co.za,021 447 0804,http://www.thepotluckclub.co.za/,restaurant,"Cape Town, South Africa",google_maps
GOLD Restaurant,"15 Bennett St, Green Point, Cape Town, 8005, South Africa",,info@goldrestaurant.co.za,021 421 4653,http://www.goldrestaurant.co.za/,african restaurant,"Cape Town, South Africa",google_maps
Fyn Restaurant,"5th Floor, Speakers Corner, 37 Parliament St, Cape Town City Centre, Cape Town, 8001, South Africa",Our Chef Menu,info@fynrestaurant.com,021 286 2733,http://fynrestaurant.com/,restaurant,"Cape Town, South Africa",google_maps
The Cousins Trattoria,"3b Barrack St, Cape Town City Centre, Cape Town, 8000, South Africa",,dine@thecousinsrestaurant.com,083 273 9604,http://www.thecousinsrestaurant.com/,italian restaurant,"Cape Town, South Africa",google_maps
Bouchon Bistro,"95 Hout St, Cape Town City Centre, Cape Town, 8001, South Africa",,info@bouchon.co.za,021 422 0695,http://www.bouchon.co.za/,restaurant,"Cape Town, South Africa",google_maps
Grub & Vine,"103 Bree St, Cape Town City Centre, Cape Town, 8000, South Africa",,hello@grubandvine.co.za,021 216 0035,http://www.grubandvine.co.za/,restaurant,"Cape Town, South Africa",google_maps
Seven Colours Eatery,"Battery Park@Waterfront, 3 Dock Rd, Victoria & Alfred Waterfront, Cape Town, 8001, South Africa",,reservations@sevencolourseatery.co.za,087 265 8762,https://www.sevencolourseatery.co.za/,restaurant,"Cape Town, South Africa",google_maps
Upper Union,"3 Upper Union St, Gardens, Cape Town, 8001, South Africa",,reservations@upperunion.co.za,021 891 0360,http://www.upperunion.co.za/,restaurant,"Cape Town, South Africa",google_maps
VIXI Social House,"49 Bree Street, Strand St, CBD, Cape Town, 8000, South Africa",,bookings@vixi.co.za,021 418 1338,http://www.vixi.co.za/,restaurant,"Cape Town, South Africa",google_maps
Bo-Vine Wine & Grill House Camps Bay,"Shop 1a, The Promenade, 87 Victoria Rd, Camps Bay, Cape Town, 8005, South Africa",,events@cbkitchens.com,021 203 5314,http://www.bovinegrillhouse.com/,restaurant,"Cape Town, South Africa",google_maps
Mozambik V & A Waterfront,"Shop 8, Quay 5, V & A Waterfront, Dock Rd, Waterfront, Cape Town, 8002, South Africa",,waterfront@mozambik.co.za,021 023 0345,https://www.mozambik.co.za/western-cape/waterfront/#,restaurant,"Cape Town, South Africa",google_maps
Fuego at Troika Sky Dining,"Level 23A Tower B, The Troika, 19, Persiaran KLCC, Kuala Lumpur, 50450 Kuala Lumpur, Wilayah Persekutuan Kuala Lumpur, Malaysia",,frontdesk@troikaskydining.com,03-2162 0886,http://www.troikaskydining.com/fuego/,south american restaurant,"Kuala Lumpur, Malaysia",google_maps
Cielo Rooftop - Dining and Lounge,"23-01, VIDA, 1D, Jalan Ceylon, Bukit Ceylon, 50200 Kuala Lumpur, Wilayah Persekutuan Kuala Lumpur, Malaysia",,customerservice@cielokl.com,012-365 5059,http://cielokl.com/,western restaurant,"Kuala Lumpur, Malaysia",google_maps
Beta KL,"Lot 163, 10, Jalan Perak, Kuala Lumpur, 50450 Kuala Lumpur, Wilayah Persekutuan Kuala Lumpur, Malaysia",,betakualalumpur@gmail.com,019-212 1094,https://www.betakl.com/,fine dining restaurant,"Kuala Lumpur, Malaysia",google_maps
Skillet KL,"Lot 1-01, Level 1, Menara Hap Seng, 3, Jalan P. Ramlee, Kuala Lumpur, 50250 Kuala Lumpur, Wilayah Persekutuan Kuala Lumpur, Malaysia",,skilletat163@gmail.com,019-212 1240,https://www.skilletkl.com/,asian restaurant,"Kuala Lumpur, Malaysia",google_maps
Bar.Kar Best Restaurant KL,"NO. 199, SUITES G-06, GROUND FLOOR, BAR.KAR KL RESTAURANT, Jln Tun Razak, Kuala Lumpur, 50400 Kuala Lumpur, Wilayah Persekutuan Kuala Lumpur, Malaysia",Barkar KL Sdn,event@feastdininggroup.com,011-2277 3131,https://www.barkarkl.com/,restaurant,"Kuala Lumpur, Malaysia",google_maps
Dining In The Dark KL,"50A, Changkat Bukit Bintang, Bukit Bintang, 50200 Kuala Lumpur, Wilayah Persekutuan Kuala Lumpur, Malaysia",,customerservice@dininginthedarkkl.com,012-305 2011,https://dininginthedarkkl.com/,restaurant,"Kuala Lumpur, Malaysia",google_maps
NADODI,"Level 7A, Four Seasons Hotel, Jln Ampang, City Centre, 50450 Kuala Lumpur, Wilayah Persekutuan Kuala Lumpur, Malaysia",Cinnamon Group CEO,info@nadodikl.com,017-296 9520,http://www.nadodikl.com/,fine dining restaurant,"Kuala Lumpur, Malaysia",google_maps
El Cerdo,"43 & 45, Changkat Bukit Bintang, City Centre, 50200 Kuala Lumpur, Wilayah Persekutuan Kuala Lumpur, Malaysia",,customerservice@elcerdokl.com,013-309 4197,http://elcerdokl.com/,spanish restaurant,"Kuala Lumpur, Malaysia",google_maps
RSVP restaurant,"9 Eletu Ogabi St, Victoria Island, Lagos 101001, Lagos, Nigeria",,info@pistachiofoods.com,0818 616 6666,https://rsvplagos.com/,american restaurant,"Lagos, Nigeria",google_maps
Noir Lagos,"Noir Lagos, 4A Akin Olugbade St, Victoria Island, Lagos 101241, Lagos, Nigeria",,info@noir.live,0908 066 6687,http://www.noir.live/,wine bar,"Lagos, Nigeria",google_maps
Z Kitchen,"19 Saka Tinubu St, Victoria Island, Lagos 106104, Lagos, Nigeria",,zkitchencareers@zkitchen.co,0906 422 2222,https://zkitchen.co/,restaurant,"Lagos, Nigeria",google_maps
Eric Kayser - Victoria Island,"864a Bishop Aboyade Cole St, Victoria Island, Lagos 106104, Lagos, Nigeria",,ecommerce@maison-kayser.com,0906 000 7275,https://www.maison-kayser.com/boulangeries/23-31-nigeria,restaurant,"Lagos, Nigeria",google_maps
Wakame Asian Kitchen & Lounge,"Marriott Hotel Ikeja, 122 Joel Ogunnaike St, Ikeja GRA, Lagos 100271, Lagos, Nigeria",Chef Bishnu About,loslg.wakame@marriott.com,0707 469 3295,http://www.wakamerestaurant.com/,restaurant,"Lagos, Nigeria",google_maps
FX Buckley Steakhouse Crow Street,"2 Crow St, Temple Bar, Dublin 2, D02 N228, Ireland",,crowstreet@fxbuckley.ie,,https://www.thebuckleycollection.ie/crow-street,steak house,"Dublin, Ireland",google_maps
Pigalle Restaurant,"57A Somerset Rd, Green Point, Cape Town, 8051, South Africa",,info@pigalle.capetown,,http://www.pigalle.capetown/,restaurant,"Cape Town, South Africa",google_maps
Bunglow37,"37, Jalan Abdullah, Bangsar, 59000 Kuala Lumpur, Wilayah Persekutuan Kuala Lumpur, Malaysia",,bunglow37@gmail.com,,https://www.bunglow37.com/,restaurant,"Kuala Lumpur, Malaysia",google_maps
Shiro Lagos,"Oniru Estate, Block XVI 3 & 4, Victoria Island, Lagos 101241, Lagos, Nigeria",,info@liquid.com,,https://experienceshiro.com/,restaurant,"Lagos, Nigeria",google_maps
NOK by Alara,"12A Akin Olugbade St, Victoria Island, Lagos 106104, Lagos, Nigeria",,eservations@nokbyalara.com,,http://www.nokbyalara.com/,african restaurant,"Lagos, Nigeria",google_maps
o bistro,"Lindengracht 248, 1015 KM Amsterdam, Netherlands",,info@obistro.nl,,http://www.obistro.nl/,french restaurant,"Amsterdam, Netherlands",google_maps
Bistro Baret,"Korte Amstelstraat 18, 1018 XS Amsterdam, Netherlands",,info@bistrobaret.nl,020 622 5602,http://www.bistrobaret.nl/,bistro,"Amsterdam, Netherlands",google_maps
Bistro Berlage,"Beursplein 1, 1012 JW Amsterdam, Netherlands",,info@bistroberlage.com,020 530 4146,https://www.bistroberlage.com/,bistro,"Amsterdam, Netherlands",google_maps
Bistrot Neuf,"Haarlemmerstraat 9, 1013 EH Amsterdam, Netherlands",,reserveringen@neuf.amsterdam,020 400 3210,https://neuf.amsterdam/,french restaurant,"Amsterdam, Netherlands",google_maps
Atrium - American Bistro & Martini Bar,"675 Ponce De Leon Ave NE #158, Atlanta, GA 30308, USA",,info@atriumatl.com,(404) 600-3939,https://www.atriumatl.com/,restaurant,"Atlanta, USA",google_maps
Southern Bistro,"4920 Roswell Rd Suite 55, Sandy Springs, GA 30342, USA",,info@southernbistroatl.com,(404) 705-8444,http://www.southernbistroatl.com/,brunch restaurant,"Atlanta, USA",google_maps
THE CHASTAIN - Restaurant,"4320 Powers Ferry Rd NW, Atlanta, GA 30342, USA",,info@thechastainatl.com,(404) 257-6416,http://www.thechastainatl.com/,restaurant,"Atlanta, USA",google_maps
Bread & Butterfly,"290 Elizabeth St NE F, Atlanta, GA 30307, USA",Jessica White Beverage,info@bread-and-butterfly.com,(678) 515-4536,http://www.bread-and-butterfly.com/,bistro,"Atlanta, USA",google_maps
The Garden Room,"88 W Paces Ferry Rd NW, Atlanta, GA 30305, USA",,websitecontact@thegardenroomatlanta.com,(404) 600-6471,https://thegardenroomatlanta.com/,lounge bar,"Atlanta, USA",google_maps
Utopia Restaurant at the Underground Atlanta,"50 Upper Alabama St, Atlanta, GA 30303, USA",,info@utopialoungeatl.com,(470) 886-1803,https://utopialoungeatl.com/,restaurant,"Atlanta, USA",google_maps
Ziba's Bistro and Wine Bar,"560 &, 562 Boulevard SE, Atlanta, GA 30312, USA",,zibasbistro@gmail.com,(404) 622-4440,https://www.zibasbistroandwinebar.com/,restaurant,"Atlanta, USA",google_maps
Pacific Rim Bistro,"303 Peachtree Center Ave NE, Atlanta, GA 30303, USA",,pacificrimbistro@gmail.com,(404) 893-0018,http://www.pacificrimbistro.com/,sushi restaurant,"Atlanta, USA",google_maps
Fin & Feathers Restaurants,"345 Edgewood Ave SE, Atlanta, GA 30312, USA",,info@finandfeathersrestaurants.com,(404) 855-5524,http://www.finandfeathersrestaurants.com/,restaurant,"Atlanta, USA",google_maps
The Southern Gentleman,"3035 Peachtree Rd NE A208, Atlanta, GA 30305, USA",,southerngentleman@sphospitality.com,(404) 939-9845,http://www.thesoutherngentlemanatl.com/,american restaurant,"Atlanta, USA",google_maps
Bistro Saine,"51 Albert Street, Auckland CBD, Auckland 1010, New Zealand",,bonjour@bistrosaine.co.nz,09 610 8404,https://bistrosaine.co.nz/,restaurant,"Auckland, New Zealand",google_maps
Hugo's Bistro,"67 Shortland Street, Auckland CBD, Auckland 1010, New Zealand",,hello@hugosbistro.co.nz,09 320 4387,http://hugosbistro.co.nz/,restaurant,"Auckland, New Zealand",google_maps
Amano,"66 - 68, Tyler Street, Britomart Place, Auckland CBD, Auckland 1010, New Zealand",Bhupen Master Independent,events@savorgroup.co.nz,09 394 1416,https://savor.co.nz/amano,restaurant,"Auckland, New Zealand",google_maps
Bucks Bistro,"23A The Parade, Bucklands Beach, Auckland 2012, New Zealand",POSITIVELY CHAOTIC COMPANY,manager@bucksbistro.co.nz,09 215 8435,https://www.bucksbistro.co.nz/,bistro,"Auckland, New Zealand",google_maps
Paname Social,"1/3 Lorne Street, Auckland CBD, Auckland 1010, New Zealand",,hello@panamesocial.co.nz,09 884 0983,https://www.panamesocial.co.nz/?fbclid=PAAaaXQSPI3joeLPNoRLab4I5l7rWlAQLA_ECggdM8gEhv_l--75ubGUZiiQ4,bistro,"Auckland, New Zealand",google_maps
Le Garde-Manger,"466 Queen Street, Auckland CBD, Auckland 1010, New Zealand",,bookings@www.legardemanger.co.nz,09 362 0655,http://www.legardemanger.co.nz/,french restaurant,"Auckland, New Zealand",google_maps
Bar Magda,"25b Cross Street, Auckland CBD, Auckland 1010, New Zealand",,hi@barmagda.co.nz,021 127 9377,http://www.barmagda.co.nz/,restaurant,"Auckland, New Zealand",google_maps
Le Chef,"13 O'Connell Street, Auckland CBD, Auckland 1010, New Zealand",,booking@le-chef.co.nz,09 373 4723,https://le-chef.co.nz/,french restaurant,"Auckland, New Zealand",google_maps
Olivia Bistro,"Carrer de Viladomat, 80, Eixample, 08015 Barcelona, Spain",,oliviabar.bcn@gmail.com,658 08 68 69,https://olivia-bistro.makro.rest/,restaurant,"Barcelona, Spain",google_maps
Algrano Bistro | Tamarit,"Carrer de Tamarit, 104, Eixample, 08015 Barcelona, Spain",,info@algranobistro.com,640 39 99 88,http://www.algranobistro.com/,restaurant,"Barcelona, Spain",google_maps
Gourmet Sensi,"Carrer de Milans, 4, Ciutat Vella, 08002 Barcelona, Spain",,gourmet@sensi.es,936 73 62 65,https://sensi.es/gourmet,tapas restaurant,"Barcelona, Spain",google_maps
Bistro Medina,"Charlottenstraße, Schützenstraße 19 Ecke, 10117 Berlin, Germany",,bistro.medina@t-online.de,030 36419148,http://www.bistromedina.de/,restaurant,"Berlin, Germany",google_maps
Bistro Lebenswelten - Humboldt Forum,"Schloßpl. 1, 10178 Berlin, Germany",,humboldtforum@lebenswelten.de,030 555705881,https://www.humboldtforum-lebenswelten.de/,bistro,"Berlin, Germany",google_maps
Belmondo,"Knesebeckstraße 93, 10623 Berlin, Germany",,info@belmondo-berlin.de,030 36287261,http://www.belmondo-berlin.de/,bistro,"Berlin, Germany",google_maps
ITA Bistro,"Lettestraße 9, 10437 Berlin, Germany",,hello@ita-berlin.de,030 64328158,http://www.ita-berlin.de/,bistro,"Berlin, Germany",google_maps
Gina Bistrot,"Zionskirchstraße 77, 10119 Berlin, Germany",,ginabistrot.berlin@gmail.com,01520 6216957,http://www.ginabistrot.com/,bistro,"Berlin, Germany",google_maps
PeterPaul,"Torstraße 99, 10119 Berlin, Germany",,mail@peterpaul.berlin,030 43773043,http://peterpaul.berlin/,german restaurant,"Berlin, Germany",google_maps
Marie Antoinette | Restaurante Frances,"Cl. 81 #13-05, Chapinero, Bogotá, Cundinamarca, Colombia",,servicioalcliente@restauranteseratta.com,322 7256479,https://www.restmarieantoinette.com/,french restaurant,"Bogotá, Colombia",google_maps
Cosette Andino,"Cra. 11 #82-71, Bogotá, Colombia",,cosette.salitre@dlksa.net,321 2093722,http://www.cosettecafebistro.com/,french restaurant,"Bogotá, Colombia",google_maps
L' Orangerie Alvear Palace Hotel,"Av. Alvear 1891, C1129AAA Cdad. Autónoma de Buenos Aires, Argentina",,restaurantes.aph@alvear.com.ar,011 4808-2100,http://alvearpalace.com/restaurantes-bares/restaurant-lorangerie/,restaurant,"Buenos Aires, Argentina",google_maps
Las Pizarras bistro,"Thames 2296, C1425 Cdad. Autónoma de Buenos Aires, Argentina",,awright@specialtyvaluation.com,011 2190-8568,http://www.laspizarrasbistro.com/,bistro,"Buenos Aires, Argentina",google_maps
The Wes Bistro & Bar,"55 Shortmarket St, Cape Town City Centre, Cape Town, 8001, South Africa",,info@thewes.co.za,082 770 3573,https://www.thewes.co.za/,restaurant,"Cape Town, South Africa",google_maps
Bistro Sixteen82,"Steenberg Rd, Tokai, Cape Town, 7945, South Africa",,reservations@bistro1682.co.za,021 205 3866,https://steenbergfarm.com/bistro1682-cape-town-contemporary-restaurant/?utm_source=google&utm_medium=organic&utm_id=gbp-bistro-1682,restaurant,"Cape Town, South Africa",google_maps
The Bistro @ Klein Constantia,"End of, Klein Constantia Rd, Constantia, Cape Town, 7806, South Africa",,info@kleinconstantia.com,021 794 5188,https://www.kleinconstantia.com/the-bistro/,restaurant,"Cape Town, South Africa",google_maps
London Road Bistro,"13 London Rd, Sea Point, Cape Town, 8005, South Africa",,events@thehydehotel.com,021 434 0205,https://www.thehydehotel.com/venues,bistro,"Cape Town, South Africa",google_maps
Zest Restaurant,"Piazza Da Luz, 94 Regent Rd, Sea Point, Cape Town, 8060, South Africa",,reservations@zestcapetown.co.za,021 010 7010,http://www.zestcapetown.co.za/,restaurant,"Cape Town, South Africa",google_maps
Bistro Monadnock,"325 S Federal St, Chicago, IL 60604, USA",,reso@bistromonadnock.com,(312) 945-7040,http://www.bistromonadnock.com/,french restaurant,"Chicago, USA",google_maps
Bistronomic,"840 N Wabash Ave, Chicago, IL 60611, USA",The Team Bistronomic,bistronomic@hotmail.com,(312) 944-8400,http://bistronomic.net/,bistro,"Chicago, USA",google_maps
River North Bistro,"660 N State St, Chicago, IL 60654, USA",The Team Tom,info@rivernorthbistrochicago.com,(312) 202-6055,http://www.rivernorthbistrochicago.com/,american restaurant,"Chicago, USA",google_maps
Village Bistro,The First Collection Hotel at - Mezzanine Floor - Al Barsha South Fourth - Jumeirah Village Circle - Dubai - United Arab Emirates,,info@thefirstcollection.ae,04 275 6621,https://www.thefirstcollection.ae/jvc/restaurants/village-bistro-rest/?utm_source=listings&utm_medium=organic&utm_campaign=villagebistro,restaurant,"Dubai, UAE",google_maps
Bistro Des Arts,Dubai - Marina Mall - Marina Promenade - | - دبي مارينا - دبي - United Arab Emirates,,info@bistrodesarts.ae,04 551 1576,http://www.bistrodesarts.ae/,restaurant,"Dubai, UAE",google_maps
Bistro Arabia by FashionTV,MARINA Princess Tower SHOP NO 2 - مرسى دبي - دبي مارينا - دبي - United Arab Emirates,Our Manager,bistroarabiabyftv@gmail.com,058 900 0897,https://bistroarabiaftv.com/,restaurant,"Dubai, UAE",google_maps
Sal’s Bistro,Pavilion - Al Thanyah Fifth - Jumeirah Islands - Dubai - United Arab Emirates,,media@bassili.co,050 788 0222,https://www.salsbistro.co/,bistro,"Dubai, UAE",google_maps
Bistrot Novanta Dubai,Fairmont - المركز التجاري الأولي - دبي - United Arab Emirates,,reservations@bistrotnovanta.com,050 125 5849,https://www.bistrotnovanta.com/,restaurant,"Dubai, UAE",google_maps
L'AUBERGE RESTAURANT,"Ground Floor , Offices 2, One Central - Dubai World Trade Centre - المركز التجاري الثانية - دبي - United Arab Emirates",Our Chef,restoaubergedubai@gmail.com,04 451 6347,https://laubergerestaurant.com/,restaurant,"Dubai, UAE",google_maps
Nola Bijou Bistro & Bar,City Walk - C2 - Al Wasl - Dubai - United Arab Emirates,,cwreservations@noladubai.com,04 334 4098,https://www.noladubai.com/,bistro,"Dubai, UAE",google_maps
La Serre Dubai,"La Serre, City Walk 2 - C2 Licensed District - الوصل - دبي - United Arab Emirates",,reservations@alpauae.com,052 377 3100,https://laserrecitywalk.com/,french restaurant,"Dubai, UAE",google_maps
PHX Bistro,"12 Ellis Quay, Smithfield, Dublin, D07 DD88, Ireland",,phxbistro@gmail.com,(01) 611 1161,http://www.phxbistro.com/,bistro,"Dublin, Ireland",google_maps
Chez Max,"1 Palace St, Dublin 2, D02 XR57, Ireland",,chezmaxpalace@gmail.com,(01) 633 7215,https://chezmax.com/,french restaurant,"Dublin, Ireland",google_maps
Sparks Bistro,"Unit 3, Block C, Smithfield, Dublin 7, D07 YAA6, Ireland",,info@sparksbistro.com,(01) 873 0003,http://www.sparksbistro.com/,bistro,"Dublin, Ireland",google_maps
l'Gueuleton,"1 Fade St, Dublin 2, D02 RT92, Ireland",,cestbon@lgueuleton.com,087 939 3608,https://lgueuleton.com/,bistro,"Dublin, Ireland",google_maps
Bijou Bistro,"46/47 Highfield Rd, Dublin 6, D06 CD56, Ireland",,reservations@bijourathgar.ie,(01) 496 1518,http://bijourathgar.ie/,cocktail bar,"Dublin, Ireland",google_maps
Bloom Brasserie,"11 Baggot Street Upper, Dublin, D04 HN92, Ireland",,info@bloombrasserie.ie,(01) 668 7170,http://www.bloombrasserie.ie/,restaurant,"Dublin, Ireland",google_maps
The Bank on College Green,"20-22 College Green, Dublin 2, D02 C868, Ireland",,info@bankoncollegegreen.com,(01) 677 0677,http://www.bankoncollegegreen.com/,european restaurant,"Dublin, Ireland",google_maps
Fitzers Bistro & Bar,"33 Exchequer St, Dublin, D02 A620, Ireland",,info@fitzers.ie,(01) 255 4499,https://fitzers.ie/,bistro,"Dublin, Ireland",google_maps
"Roly's Bistro & Roly's Heated Terrace Restaurant, Cocktail & Wine Bar","7 Ballsbridge Terrace, Dublin, D04 DT78, Ireland",,ireland@rolysbistro.ie,(01) 668 2611,https://rolysbistro.ie/,bistro,"Dublin, Ireland",google_maps
Bistro Le Cep,"11112 Westheimer Rd, Houston, TX 77042, USA",,junior@bistro-le-cep.com,(713) 783-3985,http://www.bistro-le-cep.com/,french restaurant,"Houston, USA",google_maps
Salento Bistrot,"2407 Rice Boulevard, Houston, TX 77005, USA",,info@salentobistrot.com,(713) 528-7478,https://salentobistrot.com/,spanish restaurant,"Houston, USA",google_maps
Q Bistro Semarak (Jalan Tun Razak),"Lot 312, 318, Jalan Raja Muda Abdul Aziz, Kampung Baru, 50300 Kuala Lumpur, Wilayah Persekutuan Kuala Lumpur, Malaysia",,info@hajris.com.my,018-304 7822,https://qbistro.com/,indian restaurant,"Kuala Lumpur, Malaysia",google_maps
Sarastro KL by Millennium,"8th Floor, Tribeca Serviced Hotel, 215, Jln Imbi, Bukit Bintang, 55100 Kuala Lumpur, Wilayah Persekutuan Kuala Lumpur, Malaysia",,hello@sarastrokl.com.my,03-2727 2280,https://sarastrokl.com.my/,restaurant,"Kuala Lumpur, Malaysia",google_maps
Brasserie Léon,"Ground Floor, Menara Manulife Rb, 6, Jalan Gelenggang, Bukit Damansara, 50490 Kuala Lumpur, Wilayah Persekutuan Kuala Lumpur, Malaysia",,info@brasserie-leon.com,03-2011 3659,https://www.brasserie-leon.com/,french restaurant,"Kuala Lumpur, Malaysia",google_maps
Étoile Bistro at EQ,"Lower Ground 2, EQ, Equatorial Plaza, Jln Sultan Ismail, Kuala Lumpur, 50250 Kuala Lumpur, Wilayah Persekutuan Kuala Lumpur, Malaysia",,info@kul.equatorial.com,03-2789 7777,https://www.eqkualalumpur.equatorial.com/dining/etoile/?utm_source=local&utm_medium=organic&utm_campaign=GoogleMyBusiness&utm_content=Etoile+GMB,restaurant,"Kuala Lumpur, Malaysia",google_maps
Entier French Dining,"Level 41, Alila Bangsar, 58, Jalan Ang Seng, Brickfields, 50470 Kuala Lumpur, Wilayah Persekutuan Kuala Lumpur, Malaysia",,bonjour@entierfrenchdining.com,03-2268 3819,http://entierfrenchdining.com/,french restaurant,"Kuala Lumpur, Malaysia",google_maps
Yeast Bistronomy,"24G, Jalan Telawi 2, Bangsar, 59100 Kuala Lumpur, Wilayah Persekutuan Kuala Lumpur, Malaysia",,enquiries@yeastgroup.my,03-2282 0118,http://www.yeastgroup.my/,bistro,"Kuala Lumpur, Malaysia",google_maps
Cafe Bistrot David,"135, Jln Aminuddin Baki, Taman Tun Dr Ismail, 60000 Kuala Lumpur, Wilayah Persekutuan Kuala Lumpur, Malaysia",,info@cafebistrotdavid.com,018-912 0332,http://www.cafebistrotdavid.com/,bistro,"Kuala Lumpur, Malaysia",google_maps
The Brasserie,"Level 2, The St. Regis, 6, Jalan Stesen Sentral 2, Kuala Lumpur Sentral, 50470 Kuala Lumpur, Wilayah Persekutuan Kuala Lumpur, Malaysia",The Team Offers,thebrasserie@stregis.com,03-2727 6696,https://www.thebrasseriekl.com/,restaurant,"Kuala Lumpur, Malaysia",google_maps
Choco's Bistro Oduduwa Way,"53B Oduduwa Way, Ikeja GRA, Ikeja 101233, Lagos, Nigeria",,reservations@bedrockresidencies.com,0812 882 4588,https://bedrockresidencies.com/restaurant/,bistro,"Lagos, Nigeria",google_maps
Piano Bistro Restaurant,"Bishop Aboyade Cole St, Victoria Island, Lagos 234001, Lagos, Nigeria",,info@thedelborough.com,,https://www.thedelborough.com/,restaurant,"Lagos, Nigeria",google_maps
Lala's Lagos Boutique Hotel Victoria Island Lagos/Lodging/Restaurant,"251A Sapara Williams Cl, Victoria Island, Lagos 106104, Lagos, Nigeria",,info@lalaslagos.com,0915 025 1251,http://www.lalaslagos.com/,hotel,"Lagos, Nigeria",google_maps
Brasserie Zedel,"20 Sherwood St, London W1F 7ED, UK",,reservations@brasseriezedel.com,020 7734 4888,http://www.brasseriezedel.com/,french restaurant,"London, UK",google_maps
Boro Bistro,"Boro Bistro, 6-10 Borough High St, London SE1 9QQ, UK",,helloborobistro@gmail.com,020 7378 0788,http://borobistro.co.uk/,french restaurant,"London, UK",google_maps
Brother Marcus Borough,"1 Dirty Ln, London SE1 9PA, UK",,enquiries@brothermarcus.co.uk,020 3146 4001,https://brothermarcus.co.uk/locations/boroughyards/,mediterranean restaurant,"London, UK",google_maps
Bistrot at Wild Honey,"6 Waterloo Pl, London SW1Y 4AN, UK",,dining.stjames@sofitel.com,020 7747 2200,https://www.wildhoneylondon.co.uk/bistrotatwildhoney/,restaurant,"London, UK",google_maps
Bleeding Heart Bistro,"7 Bleeding Heart Yard, Greville St, London EC1N 8SJ, UK",,bookings@bleedingheart.co.uk,020 7242 8238,http://www.bleedingheart.co.uk/,french restaurant,"London, UK",google_maps
Old Compton Brasserie,"36 – 38 Old Compton St, London W1D 4TT, UK",,bookings@oldcomptonbrasserie.co.uk,020 7434 2214,http://www.oldcomptonbrasserie.co.uk/,restaurant,"London, UK",google_maps
Bouchon Racine,"Upstairs, 66 Cowcross St, London EC1M 6BP, UK",,bonjour@bouchonracine.com,020 7253 3368,https://www.bouchonracine.com/new-home,french restaurant,"London, UK",google_maps
64 Goodge Street,"64 Goodge St, London W1T 4NF, UK",,info@64goodgestreet.co.uk,020 3747 6364,http://64goodgestreet.co.uk/,french restaurant,"London, UK",google_maps
Il Bistrotto - London,"6 Hollywood Rd, London SW10 9HY, UK",,info@ilbistrottolondon.com,020 3793 4533,https://ilbistrottolondon.com/#,bistro,"London, UK",google_maps
Bistro Freddie,"Bistro Freddie, 74 Luke St, Greater, London EC2A 4PY, UK",,info@bistrofreddie.com,020 8050 0374,https://www.bistrofreddie.com/,bistro,"London, UK",google_maps
Boulevard Brasserie,"40 Wellington St, London WC2E 7BD, UK",,bookings@boulevardbrasserie.co.uk,020 7240 2992,http://www.boulevardbrasserie.co.uk/,french restaurant,"London, UK",google_maps
Le Garrick,"10-12 Garrick St, London WC2E 9BH, UK",,info@legarrick.co.uk,020 7240 7649,https://www.legarrick.co.uk/,french restaurant,"London, UK",google_maps
Baby Bistro,"1027 Alpine St, Los Angeles, CA 90012, USA",,info@babybistrola.com,(213) 266-8784,https://babybistrola.com/,bistro,"Los Angeles, USA",google_maps
A Food Affair,"1515 S Robertson Blvd, Los Angeles, CA 90035, USA",,afoodaffair@gmail.com,(310) 557-9795,http://afoodaffair.com/,french restaurant,"Los Angeles, USA",google_maps
Delices Du Chef,"24416 Crenshaw Blvd Suite 4, Torrance, CA 90505, USA",,hello@delicesduchef.us,(424) 263-4759,http://www.delicesduchef.us/,bistro,"Los Angeles, USA",google_maps
Blacklock Manchester,"37 Peter St, Manchester M2 5GB, UK",,hello@theblacklock.com,0161 414 0225,https://theblacklock.com/restaurants/manchester/,steak house,"Manchester, UK",google_maps
THE BRASSERIE,"Portland St, Manchester M1 4PH, UK",JUPITER HOTELS SITE,info@mercuremanchester.co.uk,0161 751 1412,https://www.mercuremanchester.co.uk/manchester-restaurant/,restaurant,"Manchester, UK",google_maps
Higher Ground,"Faulkner House, New York St, Manchester M1 4DY, UK",,hello@highergroundmcr.co.uk,0161 470 9821,http://highergroundmcr.co.uk/,british restaurant,"Manchester, UK",google_maps
The Sparrows Continental Pasta & Spätzle,"16 Red Bank, Cheetham Hill, Manchester M4 4HF, UK",,info@thesparrows.me,0161 302 6267,https://thesparrows.me/,dumpling restaurant,"Manchester, UK",google_maps
Albert's Schloss - Manchester,"27 Peter St, Manchester M2 5QR, UK",,events@albertsschloss.co.uk,0161 833 4040,https://albertsschloss.com/location/manchester/,bar,"Manchester, UK",google_maps
Cosy Club,"Corn Exchange, 37 Hanging Ditch, Manchester M4 3TR, UK",,manchesterbookings@cosyclub.co.uk,0161 933 8255,https://cosyclub.co.uk/location/manchester/,british restaurant,"Manchester, UK",google_maps
Adam Reid at The French,"16 Peter St, Manchester M60 2DS, UK",,info@adam-reid.co.uk,,http://www.the-french-manchester.co.uk/,french restaurant,"Manchester, UK",google_maps
Bon Ap' Petit Bistro,"193 Brunswick St, Fitzroy VIC 3065, Australia",,info@bonap.com.au,(03) 9415 9450,https://www.bonap.com.au/,french restaurant,"Melbourne, Australia",google_maps
Bistrot Bisou,"575 Flinders Ln, Melbourne VIC 3000, Australia",,bonjour@bistrotbisou.com.au,(03) 9612 5757,http://www.bistrotbisou.com.au/,french restaurant,"Melbourne, Australia",google_maps
Bistro Gitan,"52 Toorak Rd West, South Yarra VIC 3141, Australia",,info@bistrogitan.com.au,(03) 9867 5853,http://www.bistrogitan.com.au/,bistro,"Melbourne, Australia",google_maps
Bistro Voliere,"The George, 129 Fitzroy St, St Kilda VIC 3182, Australia",,info@bistrovoliere.com.au,(03) 8797 2534,http://bistrovoliere.com.au/,bistro,"Melbourne, Australia",google_maps
Bistra,"157 Elgin St, Carlton VIC 3053, Australia",,info@bistracarlton.com.au,(03) 9000 5607,https://www.bistracarlton.com.au/,restaurant,"Melbourne, Australia",google_maps
The European,"161 Spring St, Melbourne VIC 3000, Australia",,info@theeuropean.com.au,(03) 9654 0811,http://www.theeuropean.com.au/,european restaurant,"Melbourne, Australia",google_maps
Chez Olivier Le Bistro,"268 Toorak Rd, South Yarra VIC 3141, Australia",,olivier@chezolivier.com.au,(03) 9525 2273,http://www.chezolivier.com.au/,bistro,"Melbourne, Australia",google_maps
Chancery Lane,"430 Little Collins St, Melbourne VIC 3000, Australia",,info@chancerylane.com.au,(03) 9089 7598,http://www.chancerylane.com.au/,restaurant,"Melbourne, Australia",google_maps
Tartine,"105 Swan St, Richmond VIC 3121, Australia",,info@tartine.com.au,(03) 9428 3339,http://www.tartine.com.au/,french restaurant,"Melbourne, Australia",google_maps
Le Petit Bistro,"479 Glenferrie Rd, Kooyong VIC 3144, Australia",,info@lepetitbistro.com.au,(03) 9822 1161,https://lepetitbistro.com.au/,french restaurant,"Melbourne, Australia",google_maps
French Saloon,"First Floor, 46 Hardware Ln, Melbourne VIC 3000, Australia",,info@frenchsaloon.com,(03) 9600 2142,https://frenchsaloon.com/,restaurant,"Melbourne, Australia",google_maps
Bistró Chapultepec,"Calle Lago Mayor S/N, 2ª Sección del Bosque de Chapultepec, Bosque de Chapultepec II Secc, Miguel Hidalgo, 11040 Ciudad de México, CDMX, Mexico",,rrppbistro@cmr.mx,55 3933 0616,http://bistrochapultepec.com/,restaurant,"Mexico City, Mexico",google_maps
American Bistro🍔 American Restaurant Miami Beach,"626 Ocean Dr, Miami Beach, FL 33139, USA",,contact@americanbistromiamibeach.com,(305) 413-2465,https://americanbistromiamibeach.com/,american restaurant,"Miami, USA",google_maps
Bistro Ocho,"2069 SW 8th St, Miami, FL 33135, USA",,hi@bistro8miami.com,(305) 456-4543,http://www.bistro8miami.com/,restaurant,"Miami, USA",google_maps
Bianco Bistro Cafe,"8190 SW 8th St, Miami, FL 33144, USA",,biancobistrocafe@gmail.com,(786) 762-2459,http://biancobistro.com/,restaurant,"Miami, USA",google_maps
Oliver's Bistro,"959 West Ave #15, Miami Beach, FL 33139, USA",,oliversbistro959@gmail.com,(305) 535-3050,http://www.oliversmiamibeach.com/,restaurant,"Miami, USA",google_maps
OUI Bistrot,"5700 Biscayne Blvd suite 109, Miami, FL 33137, USA",,contact@ouibistrot.com,(305) 395-8011,https://www.ouibistrot.com/,french restaurant,"Miami, USA",google_maps
Mandolin Aegean Bistro,"4312 NE 2nd Ave, Miami, FL 33137, USA",,reservations@mandolinmiami.com,(305) 749-9140,https://www.mandolinrestaurant.com/,bistro,"Miami, USA",google_maps
Le Jardin Bistro NYC,"95 Delancey St First Floor, New York, NY 10002, USA",,info@lejardinbistronyc.com,(212) 228-0909,https://www.lejardinbistronyc.com/,bistro,"New York City, USA",google_maps
LOULOU,"176 8th Ave, New York, NY 10011, USA",,events@loulounyc.com,(212) 337-9577,https://www.loulounyc.com/,french restaurant,"New York City, USA",google_maps
Mino Brasserie,"225 W 12th St, New York, NY 10011, USA",,minobrasserie@gmail.com,(845) 524-9006,https://minobrasserie.com/,bistro,"New York City, USA",google_maps
Le Rivage,"340 W 46th St, New York, NY 10036, USA",,info@lerivagenyc.com,(212) 765-7374,https://lerivagenyc.com/#about,french restaurant,"New York City, USA",google_maps
Le Gratin,"5 Beekman St, New York, NY 10038, USA",,infolegratin@danielboulud.com,(212) 597-9020,http://www.legratinnyc.com/,bistro,"New York City, USA",google_maps
BSTRO 38,"58 W 38th St, New York, NY 10018, USA",,info@bstro38.com,(212) 944-0990,http://bstro38.com/,bistro,"New York City, USA",google_maps
Le Coucou,"138 Lafayette St, New York, NY 10013, USA",,lecoucou.reservations@starr-restaurant.com,(212) 271-4252,https://www.lecoucou.com/?utm_source=GoogleBusinessProfile&utm_medium=Website&utm_campaign=MapLabs,restaurant,"New York City, USA",google_maps
Le Parisien Bistrot,"163 E 33rd St, New York, NY 10016, USA",,leparisiennyc@gmail.com,(212) 889-5489,http://www.leparisiennyc.com/,french restaurant,"New York City, USA",google_maps
Benoit New York,"60 W 55th St, New York, NY 10019, USA",,bistrot@benoitny.com,(646) 943-7373,http://www.benoitny.com/,bistro,"New York City, USA",google_maps
Grand Brasserie,"89 E 42nd St Vanderbilt Hall, New York, NY 10017, USA",,info@vizz.group,(929) 577-4446,https://www.grandbrasserie.com/,french restaurant,"New York City, USA",google_maps
Bistrot Victoires,"6 Rue de la Vrillière, 75001 Paris, France",,contact@paris-bistro.com,01 42 61 43 78,http://www.paris-bistro.com/choisir/paris1/bistrot-des-victoires,bistro,"Paris, France",google_maps
Brasserie Bellanger,"140 Rue du Faubourg Poissonnière, 75010 Paris, France",,ondiscute@lanouvellegarde.com,09 54 00 99 65,https://nouvellegardegroupe.fr/,restaurant,"Paris, France",google_maps
Le bistrot,"151 Ave Parmentier, 75010 Paris, France",,lebistrot75010@gmail.com,09 81 27 24 40,https://le-bistrot-paris.eatbu.com/,bar,"Paris, France",google_maps
The Bistro AZ,"2909 N Central Ave, Phoenix, AZ 85012, USA",,lbiever@thebistroaz.com,(602) 368-2686,http://www.thebistroaz.com/,cafe,"Phoenix, USA",google_maps
Sottise,"1025 N 2nd St, Phoenix, AZ 85004, USA",,hello@sottisephx.com,(602) 254-6378,http://www.sottisephx.com/,restaurant,"Phoenix, USA",google_maps
Local Bistro,"20581 Hayden Rd, Scottsdale, AZ 85255, USA",,events@localbistroaz.com,(480) 302-6050,http://localbistroaz.com/,bistro,"Phoenix, USA",google_maps
El Zaguan Bistro,"16 W Adams St, Phoenix, AZ 85003, USA",,admin@elzaguanbistro.com,(602) 877-3033,https://www.elzaguanbistro.com/,mexican restaurant,"Phoenix, USA",google_maps
Nassim Hill Bakery Bistro Bar,"56 Tanglin Rd, #01-03, Singapore 247964",,nassimhill@imaginings.com.sg,9099 6405,http://www.nassimhill.com.sg/,bistro,Singapore,google_maps
Chip Bee Bistro,"44 Jln Merah Saga, #01-48, Singapore 278116",,host@chipbeebistro.com,,https://www.chipbeebistro.com/,bistro,Singapore,google_maps
Filo Bistro,"265 Upper Thomson Rd, Singapore 574392",,hello@filobistro.com,8347 5888,https://www.filobistro.com/,bistro,Singapore,google_maps
Bistro Papillon,"98 Clarence St, Sydney NSW 2000, Australia",,bonjour@bistropapillon.com.au,(02) 9262 2402,https://www.bistropapillon.com.au/,bistro,"Sydney, Australia",google_maps
Bistro George,"level 1/176 George St, Sydney NSW 2000, Australia",,media@jacksonsongeorge.com.au,(02) 8027 9997,https://jacksonsongeorge.com.au/bistro-george/,bistro,"Sydney, Australia",google_maps
Bistro Rex Restaurant,"Shop 1, 50/58 Macleay St, Potts Point NSW 2011, Australia",,hello@bistrorex.com.au,(02) 9332 2100,http://www.bistrorex.com.au/,french restaurant,"Sydney, Australia",google_maps
Bistro St Jacques,"96 Pitt St, Redfern NSW 2016, Australia",,info@bistrostjacques.com.au,0478 705 704,https://www.bistrostjacques.com.au/,bistro,"Sydney, Australia",google_maps
"Loulou Bistro, Boulangerie & Traiteur","61 Lavender St, Milsons Point NSW 2061, Australia",,hello@loulou.sydney,(02) 8000 7800,https://loulou.sydney/,french restaurant,"Sydney, Australia",google_maps
The Bistro 19,"19 B Lime St, Sydney NSW 2000, Australia",,hello@thebistro19.com.au,0478 744 494,https://thebistro19.com.au/,restaurant,"Sydney, Australia",google_maps
Bistro Moncur,"116A Queen St, Woollahra NSW 2025, Australia",,reservations@bistromoncur.com,(02) 9327 9713,http://www.bistromoncur.com.au/,french restaurant,"Sydney, Australia",google_maps
Bistro Mosman,"76 Middle Head Rd, Mosman NSW 2088, Australia",,dine@bistromosman.com.au,(02) 9969 7022,https://www.thebuena.com.au/bistromosman/,mediterranean restaurant,"Sydney, Australia",google_maps
Manon Brasserie,"55/455 George St, Sydney NSW 2000, Australia",,bookings@manonbrasserie.com.au,(02) 9051 2008,https://www.manonbrasserie.com.au/?gclid=Cj0KCQjwqPGUBhDwARIsANNwjV7JFrjVKr54nEuP9x-3At_yqkYaW3c9fPcllCjlwVwZ-6JvQyx4tZQaAi4PEALw_wcB,breakfast restaurant,"Sydney, Australia",google_maps
Bistro Ebony,"123 Pitt St, Sydney NSW 2000, Australia",,manager@bistroebony.com.au,(02) 9150 5230,https://www.bistroebony.com.au/,restaurant,"Sydney, Australia",google_maps
Bistrot de Paris,"R. Augusta, 2542 - Loja 12 - Jardins, São Paulo - SP, 01412-100, Brazil",,contato@bistrotdeparis.com.br,(11) 3063-1675,https://bistrotdeparis.com.br/,bistro,"São Paulo, Brazil",google_maps
Bistrô L’Hotel,"Alameda Campinas, 266 - Jardim Paulista, São Paulo - SP, 01404-000, Brazil",,reservations@portobay.pt,(11) 2183-0500,https://www.portobay.com/en/restaurants/restaurants-sao-paulo/bistro-lhotel/,restaurant,"São Paulo, Brazil",google_maps
Le Bife,"R. Pedroso Alvarenga, 1088 - Unid. 13 - Itaim Bibi, São Paulo - SP, 04531-004, Brazil",,contato@lebife.com.br,(11) 4324-0783,http://www.lebife.com.br/,restaurant,"São Paulo, Brazil",google_maps
LE BISTRO,"Japan, 〒151-0051 Tokyo, Shibuya, Sendagaya, 4-chōme−6−８ パークコート神宮北参道 ザ タワ 1・2階",,lebistro@huge.co.jp,03-6635-1030,https://www.huge.co.jp/restaurant/french/lebistro,french restaurant,"Tokyo, Japan",google_maps
The Bistro,"2-chōme-10-8 Sekiguchi, Bunkyo City, Tokyo 112-0014, Japan",,info@hotel-chinzanso.com,03-3943-6936,http://hotel-chinzanso-tokyo.jp/restaurant/bistro/,bistro,"Tokyo, Japan",google_maps
Chez Olivier,"Japan, 〒102-0074 Tokyo, Chiyoda City, Kudanminami, 4-chōme−1−１０ グランドメゾン九段南 1F",,chezolivier@chezolivier.co.jp,050-5487-1412,http://www.chezolivier.co.jp/index.html,french restaurant,"Tokyo, Japan",google_maps
Le Baratin,"1600 Dundas St W, Toronto, ON M6K 1T8, Canada",,lebaratinyyz@gmail.com,(416) 534-8800,http://www.lebaratin.ca/,bistro,"Toronto, Canada",google_maps
Cheffry's Artisanal Bistro,"388 Richmond St W, Toronto, ON M5V 1X6, Canada",,cheffry@cheffrysbistro.com,(437) 996-7357,https://cheffrysbistro.com/,restaurant,"Toronto, Canada",google_maps
Jules Bistro,"924 Queen St W, Toronto, ON M6J 1G6, Canada",,924queenwest@bistro-jules.com,(416) 533-5454,http://www.bistro-jules.com/,bistro,"Toronto, Canada",google_maps
Maison T,"1071 Shaw St, Toronto, ON M6G 3N4, Canada",,maisont@maisontbistro.com,(416) 551-9898,http://www.maisontbistro.com/,restaurant,"Toronto, Canada",google_maps
Muse Bistro + Bar,"203 Jarvis St, Toronto, ON M5B 0E7, Canada",,salut@musebistroandbar.com,(416) 572-7200,https://musebistroandbar.com/,bistro,"Toronto, Canada",google_maps
Jazz Bistro,"251 Victoria St, Toronto, ON M5B 1T8, Canada",,events@jazzbistro.ca,(416) 363-5299,https://jazzbistro.ca/,restaurant,"Toronto, Canada",google_maps
The Broadview Bistro + Bar,"106 Broadview Ave, Toronto, ON M4M 1G9, Canada",,info@thebroadviewhotel.ca,(416) 362-8439,https://www.thebroadviewhotel.ca/,restaurant,"Toronto, Canada",google_maps
Alouette Bistro,"567 Hornby St #1207, Vancouver, BC V6C 2E8, Canada",,info@alouettevancouver.com,(604) 689-8862,http://alouettevancouver.com/,french restaurant,"Vancouver, Canada",google_maps
Absinthe Bistro,"952 Commercial Dr, Vancouver, BC V5L 3W7, Canada",,info@bistroabsinthe.com,(604) 566-9053,http://www.bistroabsinthe.com/,bistro,"Vancouver, Canada",google_maps
Bacchus Restaurant & Lounge,"845 Hornby St, Vancouver, BC V6Z 1V1, Canada",,catering@wedgewoodhotel.com,(604) 608-5319,https://wedgewoodhotel.com/dining/bacchus-restaurant/,european restaurant,"Vancouver, Canada",google_maps
L'Abattoir,"217 Carrall St, Vancouver, BC V6B 2J2, Canada",,info@labattoir.ca,(604) 568-1701,https://www.labattoir.ca/,restaurant,"Vancouver, Canada",google_maps
Stacks Diner,"De Clercqstraat 32, 1052 NE Amsterdam, Netherlands",,hello@stacksdiner.com,020 854 5963,https://www.stacksdiner.com/,restaurant,"Amsterdam, Netherlands",google_maps
Stamppot Amsterdam,"Leidsekruisstraat 11, 1017 RE Amsterdam, Netherlands",,info@stamppot-amsterdam.nl,020 303 8314,https://www.stamppot-amsterdam.nl/,restaurant,"Amsterdam, Netherlands",google_maps
Hard Rock Cafe Amsterdam,"Max Euweplein 57-61, 1017 MA Amsterdam, Netherlands",,amsterdam_social@hardrock.com,020 888 1358,https://cafe.hardrock.com/amsterdam/#utm_source=Google&utm_medium=Yext&utm_campaign=Listings,american restaurant,"Amsterdam, Netherlands",google_maps
Restaurant Black,"Prinsengracht 703, 1017 JV Amsterdam, Netherlands",,info@restaurantblack.nl,020 787 0398,https://www.restaurantblack.nl/,diner,"Amsterdam, Netherlands",google_maps
Stoop & Stoop eetcafé,"Lange Leidsedwarsstraat 82, 1017 NM Amsterdam, Netherlands",,info@stoopenstoop-amsterdam.nl,020 620 0982,http://www.stoopenstoop.nl/,dutch restaurant,"Amsterdam, Netherlands",google_maps
Hollands Hap Hmm Restaurant,"Eerste Helmersstraat 33, 1054 CZ Amsterdam, Netherlands",,haphmm33@gmail.com,020 770 8924,http://www.hap-hmm.nl/,dutch restaurant,"Amsterdam, Netherlands",google_maps
Metro Diner and Bar,"229 Peachtree St B17, Atlanta, GA 30303, USA",,metrodineratl@gmail.com,(404) 577-1420,http://www.metrodineratl.com/,diner,"Atlanta, USA",google_maps
Majestic Diner,"1031 Ponce De Leon Ave NE, Atlanta, GA 30306, USA",,info@majesticdiner.com,(404) 875-0276,http://www.majesticdiner.com/,diner,"Atlanta, USA",google_maps
Home grown GA Restaurant,"968 Memorial Dr SE, Atlanta, GA 30316, USA",,homegrownga@yahoo.com,(404) 222-0455,https://www.homegrownga.com/,breakfast restaurant,"Atlanta, USA",google_maps
Broadway Diner,"255 Broadway Road Side, Newmarket, Auckland 1023, New Zealand",,hello@broadwaydiner.co.nz,,https://broadwaydiner.co.nz/,hamburger restaurant,"Auckland, New Zealand",google_maps
Bald Eagle Diner,"89 Tamaki Drive, Mission Bay, Auckland 1071, New Zealand",,info@baldeaglediner.co.nz,09 521 1611,http://www.baldeaglediner.com/,cafe,"Auckland, New Zealand",google_maps
Federal Delicatessen,"86 Federal Street, Auckland City, Auckland 1010, New Zealand",,hello@thefed.co.nz,021 905 345,http://www.thefed.co.nz/,restaurant,"Auckland, New Zealand",google_maps
Mr. Morris,"Britomart, Corner of Galway & Commerce Street, Auckland CBD, Auckland 1010, New Zealand",,eat@mrmorris.nz,09 869 5522,http://www.mrmorris.nz/,restaurant,"Auckland, New Zealand",google_maps
Cooke's Restaurant & Bar,"58/60 Queen Street, Auckland CBD, Auckland 1010, New Zealand",,cookes@fableauckland.com,09 309 9979,https://cookesrestaurant.co.nz/,bar,"Auckland, New Zealand",google_maps
Hard Rock Cafe | Berlin,"Kurfürstendamm 224, 10719 Berlin, Germany",Francis Chesky,berlin_social@hardrock.com,030 884620,https://cafe.hardrock.com/berlin/,american restaurant,"Berlin, Germany",google_maps
Steakhouse & Restaurant Las Malvinas,"nähe Alexanderplatz, Barnimstraße 18, 10249 Berlin, Germany",,info@las-malvinas.de,030 24727004,https://las-malvinas.de/,steak house,"Berlin, Germany",google_maps
The Bird,"Am Falkpl. 5, 10437 Berlin, Germany",,thebirdreservations@gmail.com,030 20455600,http://www.thebirdinberlin.com/,american restaurant,"Berlin, Germany",google_maps
Curry 61,"Oranienburger Str. 6, 10178 Berlin, Germany",,info@curry61.de,030 40054033,http://www.curry61.de/,fast food restaurant,"Berlin, Germany",google_maps
Agadón,"Kr 13 #85-75, Chapinero, Bogotá, Cundinamarca, Colombia",,agadon@dlksa.net,(601) 5552220,http://www.restauranteagadon.com/,american restaurant,"Bogotá, Colombia",google_maps
La Cabaña Restaurant,"Av. Alicia Moreau de Justo 580, C1107 Cdad. Autónoma de Buenos Aires, Argentina",,info@lacabana.com.ar,011 4314-3710,http://www.lacabana.com.ar/,argentinian restaurant,"Buenos Aires, Argentina",google_maps
Garibaldi Restaurante,"Av. Costanera Rafael Obligado 4899, C1428 Cdad. Autónoma de Buenos Aires, Argentina",,hospitality@covermanager.com,,https://www.covermanager.com/reserve/module_restaurant/garibaldi-restaurante-buenos-aires-argentina/spanish?source=INSTAGRAM,restaurant,"Buenos Aires, Argentina",google_maps
Café de los Angelitos,"Avenida Rivadavia 2100 (esq, Rincón, 1033 Cdad. Autónoma de Buenos Aires, Argentina",,info@cafedelosangelitos.com,011 4952-2320,https://www.cafedelosangelitos.com/,cafe,"Buenos Aires, Argentina",google_maps
Cucina D'Onore,"Av. Alicia Moreau de Justo 1768, C1107 AFJ, Cdad. Autónoma de Buenos Aires, Argentina",,info@cucinadonore.com,011 4315-9260,http://www.cucinadonore.com/,italian restaurant,"Buenos Aires, Argentina",google_maps
Egghead Diner,"34 Kloof St, Gardens, Cape Town, 8005, South Africa",,info@egghead.za.com,021 286 9034,https://eggheaddiner.co.za/,diner,"Cape Town, South Africa",google_maps
The Dog's Bollocks at YARD,"6 Roodehek St, Gardens, Cape Town, 8001, South Africa",,info@yardco.co.za,083 440 7843,https://www.yardco.co.za/,hamburger restaurant,"Cape Town, South Africa",google_maps
Arnolds Restaurant,"60 Kloof St, Gardens, Cape Town, 8001, South Africa",,manager@arnolds.co.za,021 424 4344,http://www.arnolds.co.za/,restaurant,"Cape Town, South Africa",google_maps
Between Us,"176 Bree St, Cape Town City Centre, Cape Town, 8001, South Africa",,info@betweenus.capetown,079 729 5316,http://www.betweenus.capetown/,restaurant,"Cape Town, South Africa",google_maps
Stella's Diner,"3042 N Broadway, Chicago, IL 60657, USA",,info@stellasdinerchicago.com,(773) 472-9040,http://www.stellasdinerchicago.com/,diner,"Chicago, USA",google_maps
Alexander's Restaurant,"6158 N Clark St, Chicago, IL 60660, USA",,erikdmizhospitality@gmail.com,(773) 743-3841,http://alexanderschi.com/,diner,"Chicago, USA",google_maps
Dinner In The Sky,Al Sufoh - 34RM+FW - Al Seyahi St - next to zero gravity - Skydive - Dubai Marina - Dubai - United Arab Emirates,,info@dinnerinthesky.ae,058 819 3296,https://dinnerinthesky.ae/,restaurant,"Dubai, UAE",google_maps
Mama Restaurant Dubai,57JC+5P7 - Business Bay - Dubai - United Arab Emirates,,reservation.dubai@mamashelter.com,04 527 0888,https://mamashelter.com/dubai/eat-drink/,restaurant,"Dubai, UAE",google_maps
The Daily City Walk,Rove City Walk - Al Badaa' St - الوصل - دبي - United Arab Emirates,Neighbourhood Offers Gallery,hello@rovehotels.com,04 561 9999,https://www.rovehotels.com/en/hotels/rove-city-walk/daily-city-walk/?utm_source=google&utm_medium=local-search&utm_campaign=googlemybusiness,restaurant,"Dubai, UAE",google_maps
"Carnival by Trèsind Restaurant & Bar | DIFC, Dubai",The Buildings by Daman - 312 Al Sa'ada Street - Zaa'beel Second - DIFC - Dubai - United Arab Emirates,,marketing@passionfandb.com,800 1604,http://www.carnivalbytresind.com/,restaurant,"Dubai, UAE",google_maps
Amaya Best Shisha In Dubai,"The Waterfalls Side, Dubai Mall - 1st Floor - Burj Khalifa - Downtown Dubai - Dubai - United Arab Emirates",,info@amayaintl.com,04 587 1000,https://amayaintl.com/,hookah bar,"Dubai, UAE",google_maps
Thunder Road Cafe,"52-57, Fleet St, Temple Bar, Dublin 2, D02 A375, Ireland",,reservations@thunderroadcafe.com,(01) 265 6752,https://www.thunderroadcafe.com/,american restaurant,"Dublin, Ireland",google_maps
Shake Dog The Finer Diner,"Unit 38A/38B, Central Mall, Ilac Centre, Henry St, North City, Dublin 1, Co. Dublin, D01 C8Y0, Ireland",,mrshakedog@gmail.com,,http://shakedog.ie/,hot dog restaurant,"Dublin, Ireland",google_maps
BóBós Burgers Restaurant,"50-51 Dame St, Temple Bar, Dublin Southside, Co. Dublin, D02 CF98, Ireland",,info@bobos.ie,(01) 538 0100,http://bobos.ie/,restaurant,"Dublin, Ireland",google_maps
Black Bear Diner North Houston,"15720 North Fwy, Houston, TX 77090, USA",,info@blackbeardiner.com,(346) 300-4012,https://blackbeardiner.com/location/houston-tx/,american restaurant,"Houston, USA",google_maps
Harry's,"318 Tuam St, Houston, TX 77006, USA",,info@harryshtx.com,(713) 528-0198,http://www.harryshtx.com/,brunch restaurant,"Houston, USA",google_maps
Traveler's Table,"520 Westheimer Rd, Houston, TX 77006, USA",Ryan Browne Director,info@travelerstable.com,(832) 409-5785,http://www.travelerstable.com/,cocktail bar,"Houston, USA",google_maps
Tel-Wink Grill,"4318 Telephone Rd, Houston, TX 77087, USA",,telwinkgrill@gmail.com,(713) 644-4933,https://www.telwinkgrill.com/,diner,"Houston, USA",google_maps
Nate's Diner,"11509 Veterans Memorial Dr, Houston, TX 77067, USA",,nates1corp@gmail.com,(832) 286-1609,https://natesdiner.com/,diner,"Houston, USA",google_maps
Jackie's Kitchen,"2210 Mangum Rd, Houston, TX 77092, USA",,info@jackieskitchenhouston.com,(713) 681-1916,http://jackieskitchenhouston.com/,diner,"Houston, USA",google_maps
Barnaby's Cafe,"1801 Binz St #110, Houston, TX 77004, USA",,info@barnabyscafe.com,(713) 874-1454,http://www.barnabyscafe.com/,diner,"Houston, USA",google_maps
Ace Cafe Kuala Lumpur,"NO. 21, ACE CORNER KL, LOT 359, Jalan Raja Abdullah, Kampung Baru, 50300 Kuala Lumpur, Wilayah Persekutuan Kuala Lumpur, Malaysia",ACKL Sdn Bhd,info@acecafekualalumpur.com.my,03-2602 9880,https://www.acecafekualalumpur.com.my/,restaurant,"Kuala Lumpur, Malaysia",google_maps
Bob's Diner,"Ikeja, opic plaza, Mobolaji Bank Anthony Way, Ikeja, Lagos 100001, Lagos, Nigeria",,info@bobsdinerlos.com,0916 777 7771,https://bobsdinerlos.com/,restaurant,"Lagos, Nigeria",google_maps
The Grid Lagos,"5 Thomas Ajufo Street, off Opebi Road, Opebi, Ikeja 100001, Lagos, Nigeria",,reservation@thegridlagos.com,0805 325 1161,https://thegridlagos.com/,restaurant,"Lagos, Nigeria",google_maps
Yellow Chilli Restaurant & Bar,"35 Joel Ogunnaike St, Ikeja GRA, Ikeja 101233, Lagos, Nigeria",,support@yellowchilling.com,0808 994 8999,https://yellowchilling.com/,african restaurant,"Lagos, Nigeria",google_maps
Tiger's Diner,"288 Uxbridge Rd, London W12 7JA, UK",,tigersdiner1@gmail.com,020 3184 1098,https://www.tigersdiner.co.uk/,diner,"London, UK",google_maps
Electric Bar & Diner,"27 Poultry, London EC2R 8AJ, UK",,enquiries@thened.com,020 3828 2000,https://www.thened.com/london/restaurants/electric-bar-and-diner?utm_source=google&utm_medium=local&utm_campaign=electric-bar-diner,american restaurant,"London, UK",google_maps
Joe Allen,"2 Burleigh St, London WC2E 7PX, UK",,info@joeallen.co.uk,020 7836 0651,http://www.joeallen.co.uk/,american restaurant,"London, UK",google_maps
Dinner by Heston Blumenthal,"66 Knightsbridge, London SW1X 7LA, UK",Gallery Gift Offers,molon-reservations@mohg.com,020 7201 3833,https://www.mandarinoriental.com/en/london/hyde-park/dine/dinner-by-heston-blumenthal?src=loc.yext.molon.ggl,british restaurant,"London, UK",google_maps
Hard Rock Cafe,"Criterion Building, 225-229 Piccadilly, London W1J 9HR, UK",,piccadillycircus.jobs@hardrock.com,020 7287 4600,https://cafe.hardrock.com/piccadilly-circus/,american restaurant,"London, UK",google_maps
Waffle Jack's American Diner,"8 Merton Pk Parade, London SW19 3NT, UK",,wafflejacks@aol.com,020 3659 1361,http://www.wafflejacks.co.uk/,american restaurant,"London, UK",google_maps
Unity Diner,"60 Wentworth St, London E1 7AL, UK",,nancy@unitydiner.com,020 7426 0224,https://www.unitydiner.co.uk/,diner,"London, UK",google_maps
Darwin Brasserie,"1, Level 36, Sky Garden Walk, London EC3M 8AF, UK",,restaurants@skygarden.london,0333 772 0020,https://skygarden.london/restaurants/darwin-brasserie/,bar,"London, UK",google_maps
Fred 62,"1850 N Vermont Ave, Los Angeles, CA 90027, USA",,info@fred62.com,(323) 667-0062,https://fred62.com/,diner,"Los Angeles, USA",google_maps
Cafe 50's Diner - West LA,"11623 Santa Monica Blvd, Los Angeles, CA 90025, USA",,cafe50swestla@gmail.com,(310) 479-1955,https://www.cafe50s.com/,diner,"Los Angeles, USA",google_maps
Clark Street Diner,"6145 Franklin Ave, Los Angeles, CA 90068, USA",,nfo@clarkstreetdiner.com,(323) 450-9149,http://www.clarkstreetdiner.la/,restaurant,"Los Angeles, USA",google_maps
Denae’s Diner,"The Delphi Downtown LA, 550 Flower St, Los Angeles, CA 90071, USA",,info@denaesdiner.com,(213) 439-3002,https://www.denaesdiner.com/,diner,"Los Angeles, USA",google_maps
House of Pies,"1869 N Vermont Ave, Los Angeles, CA 90027, USA",,houseofpies1869@gmail.com,(323) 666-9961,http://houseofpiesla.com/,diner,"Los Angeles, USA",google_maps
Sweet Diner,"48 Hyde Rd, Denton, Manchester M34 3AQ, UK",,info@sweetdiner.co.uk,0161 337 8886,http://www.sweetdiner.co.uk/,american restaurant,"Manchester, UK",google_maps
Dukes 92,"18 - 25 Castle St, Manchester M3 4LZ, UK",,reservations@dukes92.com,0161 839 8642,http://www.dukes92.com/,bar and grill,"Manchester, UK",google_maps
Operator Diner,"Shop 2/130 Lonsdale St, Melbourne VIC 3000, Australia",,eat@operatordiner.com.au,(03) 8395 6341,https://operatordiner.com.au/,diner,"Melbourne, Australia",google_maps
Henry and The Fox,"525 Little Collins St, Melbourne VIC 3000, Australia",,reservations@henryandthefox.com.au,(03) 9614 3277,https://www.henryandthefox.com.au/,breakfast restaurant,"Melbourne, Australia",google_maps
Easey's,"3/48 Easey St, Collingwood VIC 3066, Australia",,oldmate@easeys.com.au,(03) 9417 2250,http://easeys.com.au/,hamburger restaurant,"Melbourne, Australia",google_maps
Garden State Diner,"799 Springvale Rd, Mulgrave VIC 3170, Australia",,gardendinein@gmail.com,(03) 8524 9547,https://www.gardenstatecafe.com.au/,restaurant,"Melbourne, Australia",google_maps
Bowery To Williamsburg,"16 Oliver Ln, Melbourne VIC 3000, Australia",,info@bowerytowilliamsburg.com.au,(03) 9077 0162,http://bowerytowilliamsburg.com.au/,american restaurant,"Melbourne, Australia",google_maps
Pepe's Italian & Liquor,"275-285 Exhibition St, Melbourne VIC 3000, Australia",,info@pepesitalian.com.au,(03) 9663 7994,http://pepesitalian.com.au/,italian restaurant,"Melbourne, Australia",google_maps
Animal Masaryk,"C. Calderón de la Barca 108, Polanco, Polanco III Secc, Miguel Hidalgo, 11570 Ciudad de México, CDMX, Mexico",,contacto@grupocosteno.com,55 3378 1264,https://costeno.com/animal,mexican restaurant,"Mexico City, Mexico",google_maps
Balcón del Zócalo,"Av. 5 de Mayo 61, Centro Histórico de la Cdad. de México, Centro, Cuauhtémoc, 06000 Cuauhtémoc, CDMX, Mexico",,concierge.bz@centralhoteles.com,55 5130 5134,https://www.balcondelzocalo.com/,mexican restaurant,"Mexico City, Mexico",google_maps
Chug's Diner,"3444 Main Hwy Suite 21, Miami, FL 33133, USA",,contact@chugsdiner.com,(786) 353-2940,http://chugsdiner.com/,restaurant,"Miami, USA",google_maps
PONDICHÉRY CAFÉ - ALL-DAY DINING,"C 57, G Block BKC, Bandra Kurla Complex, Bandra East, Mumbai, Maharashtra 400051, India",,h6451@sofitel.com,022 6117 5000,https://sofitel.accor.com/en/hotels/6451/R002.restaurant.html,restaurant,"Mumbai, India",google_maps
Flute 24 Hrs,"Krishna Palace Hotel, Naushir Bharucha Marg, Grant Road (W), Nana Chowk, Mumbai, Maharashtra 400007, India",,info@krishnapalaceresidency.com,022 6629 3333,http://www.krishnapalaceresidency.com/,north indian restaurant,"Mumbai, India",google_maps
24/7 Restaurant,"The Lalit, Mumbai, Airport Rd, Navpada, Marol, Andheri East, Mumbai, Maharashtra 400059, India",The LaLiT,mumresv@thelalit.com,084510 04250,http://www.thelalit.com/the-lalit-mumbai/eat-and-drink/247-restaurant/,buffet restaurant,"Mumbai, India",google_maps
Tick Tock Diner NY,"481 8th Ave, New York, NY 10001, USA",,info@ticktockdinerny.com,(212) 268-8444,http://www.ticktockdinerny.com/,diner,"New York City, USA",google_maps
Golden Diner,"123 Madison St, New York, NY 10002, USA",,talkto@goldendinerny.com,(917) 472-7800,http://www.goldendinerny.com/,diner,"New York City, USA",google_maps
Square Diner,"33 Leonard St, New York, NY 10013, USA",,info@squarediner.com,(212) 925-7188,http://squarediner.com/,diner,"New York City, USA",google_maps
Westway Diner,"614 9th Ave, New York, NY 10036, USA",,westwaydiner@gmail.com,(212) 582-7661,https://www.westwaydiner.com/,diner,"New York City, USA",google_maps
Malibu Diner,"163 W 23rd St, New York, NY 10011, USA",,malibudinernyc163@gmail.com,(212) 691-1369,http://malibudinernyc.nyc/,diner,"New York City, USA",google_maps
Court Square Diner,"45-30 23rd St, Long Island City, NY 11101, USA",,courtdine@aol.com,(718) 392-1222,http://courtsquarediner.com/,diner,"New York City, USA",google_maps
Sacrée Fleur Montmartre,"50 Rue de Clignancourt, 75018 Paris, France",,restosacreefleur@gmail.com,01 42 51 66 18,http://www.sacreefleur.fr/,french restaurant,"Paris, France",google_maps
Il était un square - Burger paris,"54 Rue Corvisart, 75013 Paris, France",,contact@iletaitunsquare.com,01 43 37 68 07,http://www.iletaitunsquare.com/,hamburger restaurant,"Paris, France",google_maps
Francette,"1 Port de Suffren, 75007 Paris, France",,reservation@francette.paris,06 68 94 26 82,https://www.fugafamily.com/restaurants/francette,french restaurant,"Paris, France",google_maps
Pedzouille La Grange,"Novotel Paris Porte de Versailles, 4 Av. de la Prte de la Plaine Rooftop - 8ème étage, 75015 Paris, France",,dismoitout@pedzouille.fr,01 88 33 23 69,http://www.pedzouille.fr/,restaurant,"Paris, France",google_maps
Matt's Big Breakfast,"817 N 1st St, Phoenix, AZ 85004, USA",,hello@mattsbigbreakfast.com,(602) 254-1074,https://mattsbigbreakfast.com/,brunch restaurant,"Phoenix, USA",google_maps
Fast Eddie's Diner,"17017 N 33rd Ave, Phoenix, AZ 85053, USA",,fasteddiesphx@gmail.com,(602) 938-5688,https://www.fasteddiesdinerphx.com/,breakfast restaurant,"Phoenix, USA",google_maps
Original Breakfast House,"13623 N 32nd St, Phoenix, AZ 85032, USA",,riginalbreakfasthouse@aol.com,(602) 482-2328,https://www.originalbreakfasthouse.com/,breakfast restaurant,"Phoenix, USA",google_maps
Bar Luca,"52 Phillip St, Sydney NSW 2000, Australia",,info@barluca.com.au,(02) 9247 9700,http://www.barluca.com.au/,hamburger restaurant,"Sydney, Australia",google_maps
Fogo de Chão Jardins,"R. Augusta, 2077 - Cerqueira César, São Paulo - SP, 01413-100, Brazil",,jardins@fogodechao.com.br,(11) 3062-2223,https://fogodechao.com.br/location/jardins/,barbecue restaurant,"São Paulo, Brazil",google_maps
Lamen Kazu,"R. Thomaz Gonzaga, 87 - Liberdade, São Paulo - SP, 01506-020, Brazil",,lamenkazu@grupokazu.com.br,(11) 3277-4286,https://lamenkazu.com.br/,ramen restaurant,"São Paulo, Brazil",google_maps
Vista Restaurante Ibirapuera,"cobertura do MAC USP - Av. Pedro Álvares Cabral, 1301 - 8o andar - Vila Mariana, São Paulo - SP, 04094-050, Brazil",,contato@vistasaopaulo.com.br,(11) 2658-3188,https://vistarestaurante.vistasaopaulo.com.br/,brazilian restaurant,"São Paulo, Brazil",google_maps
Seen - Restaurant & Bar,"Alameda Santos, 1437 - Jardim Paulista, São Paulo - SP, 01419-001, Brazil",,reservas@seensp.com,(11) 3146-5922,http://www.seensp.com/,restaurant,"São Paulo, Brazil",google_maps
Ráscal - Alameda Santos,"Alameda Santos, 870 - Jardim Paulista, São Paulo - SP, 01419-000, Brazil",,sac@rascal.com.br,(11) 3141-0692,https://www.rascal.com.br/?utm_source=[gmb][alameda-santos]&utm_medium=[website]&utm_campaign=[youmap],mediterranean restaurant,"São Paulo, Brazil",google_maps
Tokyo Diner,"2 Newport Pl, London WC2H 7JP, UK",,office@tokyodiner.com,020 7287 8777,http://www.tokyodiner.com/,japanese restaurant,"Tokyo, Japan",google_maps
bills Omotesando,"Japan, 〒150-0001 Tokyo, Shibuya, Jingūmae, 4-chōme−30−３ 東急プラザ 表参道原宿 7F",,info@billsjapan.com,03-5772-1133,https://www.billsjapan.com/jp/locations/omotesando,australian restaurant,"Tokyo, Japan",google_maps
The George Street Diner,"129 George St, Toronto, ON M5A 2M6, Canada",,thegeorgestreetdiner@gmail.com,(416) 862-7676,http://thegeorgestreetdiner.com/,diner,"Toronto, Canada",google_maps
The Donlands Diner,"417 Donlands Ave, East York, ON M4J 3S3, Canada",,donlands1955@gmail.com,(416) 421-8500,http://donlandsdiner.com/,breakfast restaurant,"Toronto, Canada",google_maps
The Broadview Diner,"757 Broadview Ave, Toronto, ON M4K 2P6, Canada",,thebroadviewdiner@gmail.com,(416) 297-9685,http://www.broadviewdiner.com/,diner,"Toronto, Canada",google_maps
Frankie's Diner,"994 Queen St W, Toronto, ON M6J 1H1, Canada",,info@frankiesdiner.ca,(416) 588-1936,http://frankiesdiner.ca/,hamburger restaurant,"Toronto, Canada",google_maps
The Senator,"249 Victoria St, Toronto, ON M5B 1V8, Canada",,senatorrestaurant@rogers.com,(416) 364-7517,https://www.thesenator.com/,diner,"Toronto, Canada",google_maps
Route 401 Diner,"2 Ronson Dr, Etobicoke, ON M9W 1B2, Canada",,milan@route401diner.com,(416) 247-7836,http://www.route401diner.com/,diner,"Toronto, Canada",google_maps
Fable Diner,"151 E Broadway, Vancouver, BC V5T 1W1, Canada",,dine@fablediner.com,(604) 563-3463,http://www.fablediner.com/,diner,"Vancouver, Canada",google_maps
Northern Cafe,"1640 E Kent Avenue S, Vancouver, BC V5P 2S7, Canada",,northerncafeandgrill@outlook.com,(778) 532-6240,http://northerncafeandgrill.com/,diner,"Vancouver, Canada",google_maps
The Templeton,"1087 Granville St, Vancouver, BC V6Z 1L4, Canada",,info@thetempleton.ca,(604) 685-4612,http://www.thetempleton.ca/,diner,"Vancouver, Canada",google_maps
Deacon's Corner,"101 Main St, Vancouver, BC V6A 1B8, Canada",,hello@deaconscorner.ca,(604) 684-1555,http://www.deaconscorner.ca/,diner,"Vancouver, Canada",google_maps
